he_price,annual_loss_kg,total_cost_eur
229.54487120364448,26.175841868400997,55533.34160240946
188.99446201632583,37.74418627741939,43010.125072464616
244.27577116957076,35.800443768744174,51587.366164797815
218.47823553273417,37.63992739017719,50571.76625935597
149.9510340322836,38.30109365492121,53211.06631699776
276.8627322689813,28.464304509074687,61236.819426092334
227.5750585482332,28.17130274689681,71202.46856993649
231.4578388426649,40.00448993870282,47810.186425867396
155.43204484692907,30.594587726049227,50877.16015614869
190.13861095082882,15.748960555963961,45826.63866074469
182.45309281885585,39.54128708518705,47070.59443081628
259.8971217381507,27.746170983518624,57974.73147074761
211.56515413577853,38.269951145336776,58108.42804232667
237.6128621222886,44.74975294521879,46122.698099915804
189.44402235178865,35.11733720083363,56797.97383717375
168.1843259548926,41.97036082164472,47415.588901582836
201.09945360549182,36.07658376375341,57349.60303592337
144.12469623101865,46.11200529698803,66801.85070168025
238.47586276067824,27.56525023870026,60278.19052149555
210.06307879808506,34.94249513708457,58760.264864639816
227.11383376987652,39.71213123529027,54789.04831279213
180.94282995187527,33.66711770092968,56626.764759887286
274.6332622458479,43.06553297656869,66333.26158969106
251.55353288665376,31.975723223424538,61756.936885925534
230.2382740733847,49.485598061402214,60599.728578638125
164.37076802021826,49.85538252990572,59933.7781078937
191.7835190086356,36.9745039735911,46558.60592531744
139.47250799890747,38.86820826248232,49546.352289570365
159.17586459157368,43.34170004937246,62559.430598595405
216.57191727723995,26.689618207228435,62516.48539753066
225.13329808075997,25.815999897955464,56560.82992699418
273.2888361214876,43.79493239700344,73800.39197771752
178.28980791269257,36.917919310110996,60646.24407402691
182.42149492583997,33.414463278141476,54230.49620043863
192.0715311681702,35.077863120168125,46979.43685527373
163.73772885884304,18.297709693451516,64505.89142875551
155.70226136820241,33.66606379880099,61404.4219220761
192.69892908233163,29.728672825647436,70115.17479998541
168.14721776604904,41.426501435305575,74300.5306021592
214.84787332795457,41.96521544868804,48720.614838637965
188.82381612250032,39.036761638909375,47096.400348705814
239.38327941425823,37.76821054159399,36135.478796502386
218.86937470948095,24.518572758958125,62713.26178476013
177.01062413017843,39.13450155997812,62179.084046055956
239.30753950150492,39.405785618663685,60212.33359953297
234.52195246214018,43.71634857638111,50443.377574301194
184.02166238259247,49.827468687011375,58457.06410710223
174.6553094711301,23.15207528499874,55521.276833862
216.49910938972243,32.280662220672504,63250.539956319415
157.13983537001283,29.804133539896487,56867.3119535275
165.00772506936278,36.20755031869552,61284.93586835176
126.21301296858647,35.09381300752627,53436.24891692368
231.59575546756588,33.36142548843898,67178.21969087195
214.2102850614424,42.19323052980822,64092.06455900091
219.53529789177318,27.290100521734516,46495.675781928825
230.60842645711523,27.712149728251756,67504.41818382604
190.9944516587433,27.830423102313706,65120.02858157832
202.6837971513764,32.47770688801809,60306.50285125645
157.1462276112434,26.399868488617077,56394.38138231883
153.33754556648313,34.659999578405106,68583.57181571459
214.66612068421335,33.84156863758393,44198.135327122094
192.22835570941302,29.49439420200644,65599.45509257415
202.28912495697784,41.11636377839337,54507.73966154916
228.16250915333916,34.583496301992845,66652.076862841
210.43669449608825,42.43853154822263,59893.63107562827
200.9878979035875,33.63465104156898,46816.74962229975
201.6139707578829,34.83063578238052,53050.18430382181
176.19662727355214,31.060523167228023,63646.59200874533
135.84937173313142,34.950674216251606,53066.36408336815
188.7809093165327,39.98561914292432,52576.63822364097
166.73878459448272,32.12066037410791,50330.38340879076
186.03197385315917,38.62888373774265,62324.18686734679
243.26140192927681,29.310771272679812,71135.25955254017
168.93349913631386,40.31335395865547,39683.208981066186
142.92628606131703,30.94065920881651,76827.70908775133
173.95678090553923,40.96175911260335,58755.54558726567
175.17939870170622,35.42683579703566,60847.84487521941
213.83554481923892,45.646676133737444,56270.78788306585
201.3715358804289,26.92152591622054,55393.10802313948
231.11171850000062,24.666762586816922,57240.88198831964
214.14154290688325,30.68647927817103,48178.48208031136
185.82581498965692,25.307723363759806,48257.37681354321
236.0929397270233,25.320855739002056,65454.6155949549
160.87517286137933,39.35085532321913,43911.80088949224
133.1817023566829,34.97074844611139,58185.77663724876
149.22051810387867,31.642233163070188,51757.53515160359
221.91678374386754,32.291261818861976,49480.315770068395
191.29316477939608,30.819336349715623,71670.983202493
160.119628250698,46.552584174733305,49817.96198207612
195.32403934651404,29.851460046498744,46789.891758797436
158.90472804088006,25.745062713416907,52595.23056070663
218.3372510670078,40.572354322404294,52709.987239253576
189.71669125205625,33.489710636565256,56404.60234891435
183.41194797526958,49.2714158217252,60280.16072857326
175.958738756743,31.31656052844105,57387.68701786311
209.89453815051382,40.92188925829754,57598.15426816833
181.61674496683432,42.575381314195134,52115.1085452681
148.7886130524018,31.350649174585975,59811.84395041372
153.88482134357466,29.799554624636748,53692.15700749717
271.07376127989227,40.189565716516334,56929.39824654166
255.1941071725945,39.024243425397515,71798.7065518105
218.79389590975356,25.12572929502351,54526.860516900415
172.3643819225574,27.100950545866954,63407.13140232488
273.9829526378572,17.244989965363963,64539.54084579576
230.2961252948507,39.16770797785162,69321.55406738579
221.1514651621956,33.167209648049784,62864.23947389672
190.0362722852558,33.864947053173026,56430.500324116445
173.0238606891103,23.159891316087027,53494.88028344137
150.33603759698644,27.313283528374715,52153.20987155258
253.75228252229914,31.654287612027037,40697.18237306419
190.67867236785906,30.293720798965253,61526.82090901219
165.30162764052793,35.82485252862342,57877.630964043965
176.39169908188242,39.0842768864227,63498.33613705187
203.87332177779177,50.88728798499638,59438.54802598862
162.14436193486847,34.859880789783524,60970.93442341324
243.8862733252243,42.80781864167862,49420.18285480951
227.17891016457673,29.190190561141577,47277.2708050839
221.51055174536242,23.275375795172508,35346.04853669826
188.3253079407034,32.53388847302913,55052.160998538704
209.53289073826693,23.81594797488031,48810.01972262004
204.43217799553906,35.10271217018372,49949.06890113781
212.31095490395535,29.536821128439342,58948.20972232874
148.20190023735384,21.320100292717903,49755.62182305073
186.7354007276174,47.15217602102124,47340.25243003525
138.90364833660726,31.23706800826234,74697.07689170314
194.58671047068893,23.536664879390614,54283.83723042701
178.6682245324501,41.287202533551024,48711.406749095666
157.819350477888,29.899699462225,49360.067461148006
151.52727638944748,42.63116223583464,55074.64015083906
204.84052756042917,29.866239657253654,54715.84858958045
161.34823935920974,31.21371616816042,65453.59233195779
259.4492638729513,37.41382196633933,59071.54890678274
204.08390451973492,39.15253566492877,72832.06772529286
180.2388247702329,40.37938616138419,53818.54955457444
205.21869484403538,34.371812028894695,60465.22672607342
133.214371067093,38.700317050882084,63331.279950653
269.8331361056894,40.21940024846394,70413.7453390264
193.3762853548334,36.403983969967946,67534.6449316598
230.92660128831278,34.001393207149924,55675.73224535358
147.88355823259027,24.88293536238209,53635.86293846126
193.8256949408474,39.19421909745992,37761.4662217196
194.24521569226894,35.29521589398806,55287.84651542842
263.04961368606035,32.10468903354505,67175.15947122498
203.02138395593911,43.944364545141624,66096.33754586602
192.47245584135527,25.00516456960679,54120.90846534882
172.47938734148423,46.5082542075542,71614.83073548062
178.8276553846439,34.84408704955874,53159.044116332574
197.40353786935424,37.222627249520286,51618.759715688335
188.99772825882718,32.234691198288104,52346.98952579031
132.78498238644343,23.33048961233669,44118.218453552305
238.23731430149834,34.022730710739545,63084.644243357994
252.24741420196472,37.343214348249546,61727.583750204525
157.21108985174342,39.73357812481816,61126.39469169646
201.03856161169404,33.61376761092769,53442.694275400965
152.38035782112058,19.652221111569073,52530.02865024665
215.16128503539358,24.20837058792162,37781.35433703898
173.94158668214232,49.36413736634306,61596.280789185315
213.51833175657492,27.35224811359519,56630.938027483964
222.5713343117676,44.98934620767446,51209.11752330845
228.72236621850965,28.461392838076833,55672.49685910669
152.2440827079601,33.722808631904925,53071.30364993911
257.05375591768086,39.37645781719933,74236.36185670515
168.51831811139687,29.258638873933883,46441.600868241636
137.7684703373931,46.14550595031338,59008.80519865337
201.12917633516435,35.53009850647888,48419.99262628847
182.46470042416684,38.22595592409769,52511.90004355573
238.8623091635593,33.12675094386612,60127.28385507582
235.10934063004188,39.611042009119636,57622.02204152811
177.46729938862066,46.05154917894904,58124.71721574189
267.8390098991278,34.0809984366375,61789.99774349846
174.91365776669116,47.107989535244656,54290.31419005619
196.80433418950412,30.718829341346176,63118.771034128156
171.32330558014573,40.34867227546197,54468.829964101285
262.5235647142799,38.42380035370135,59306.709346302916
160.56332779877,27.519925491223415,57309.18101434787
139.75465954423754,36.49666793246132,56916.5810107189
188.62105871245998,35.05156156495261,61765.28604824915
287.0604245303867,29.027654766062085,60868.40611214493
251.22739259541183,37.50601703935889,63174.78415988662
225.6994758246929,36.02402682275962,55527.62385767039
251.02861141127818,34.49189136884948,50108.28281058677
251.6273652543618,34.519957716589204,47265.054786894434
197.20958018417485,34.36992818753466,43412.39792768555
177.35185198945607,32.426102651275706,69852.64309983817
229.24261882430426,35.978838665104874,40545.69591069277
213.80302406211706,30.49260051345354,66069.19819311125
182.72052066139906,53.59766644029,53226.441427826
150.0016092953239,25.13466728174279,63261.76831832238
225.43123888131578,30.906847459358787,39347.0486893555
172.00824745503812,31.459805267961414,53530.59475435256
262.7497219570349,49.283453900271766,74581.4090335809
169.70815647734742,25.759057450157506,60077.19866026496
154.62015686798796,37.98145608590277,53174.57501255055
239.10036354675785,36.73875845532578,43240.43209069706
159.0382550347156,37.33521613272184,45357.81944788458
162.46189970459412,43.65440213827658,68205.35387432775
206.2047234760605,43.51080551822962,56186.20401007739
247.5155491292013,31.843302214359177,57307.119606366716
164.58881445280304,36.35812214645794,58252.42105743676
176.81405875599143,21.95128577493499,43458.58462807846
230.08440980565393,35.693651059653504,61470.874076590764
275.12648630166706,29.442074005176565,54743.370525125836
195.2921991874695,33.69532301827638,58930.05601917568
157.73075382206142,23.202396946283137,49035.32419651966
129.6756246784076,37.834106007033526,42321.23285012191
168.45584874294468,23.124019130970744,50476.396014559636
155.98433465971686,36.037992247541105,60747.58318006875
215.8654914588452,26.414460848842154,58854.45128537202
154.47808620864112,29.052512754048806,54735.42350847541
195.87990250863717,43.08312471781614,65624.17309357603
218.06101713297747,39.11542562139535,56900.79739623699
204.09025460617164,43.0444219636938,59235.157550067495
164.99180646723778,45.91808992750903,53737.97356911498
234.41474704602024,29.590129050021645,64589.30643034757
220.94521245593666,45.4928016370861,62383.64510469589
224.29061303897183,24.74146040674769,51093.61244072191
155.87113090333577,40.222702341814326,44357.32012978441
154.77244501332714,31.5466359978002,63722.24018451159
260.1160887086398,28.487899001524784,51457.640454326276
184.98181507429226,39.301289071131094,57846.53860705365
175.9036286449524,41.61466067618449,76140.96728292583
194.02502953961095,41.406878706525816,64446.04719804323
213.95639542817997,36.504019222263544,70699.46508205243
268.782804814517,35.92370110930467,55350.6746431481
174.46684739676618,38.688066099899316,65317.5960988888
259.3649548750357,37.12634852862034,59842.62565441559
133.92941452597074,38.78949087710186,58123.18916907939
201.16756104141245,36.427996227775,73494.86485908375
210.34562728185887,40.899486771544545,56373.86160726898
151.94125309490823,23.609545354147006,53741.299535522456
157.22406263108996,34.0810856743953,48132.649536542966
187.05643202105767,25.313074543080898,61842.72185477639
272.7686355586847,36.936914123234196,55590.21648084981
205.81451528513975,46.493511230975884,67750.72280445854
261.6488585090435,31.68140652637122,45090.09791962718
234.45433429173855,35.890764212080505,62803.84980523394
191.85056620654086,40.29540700445147,52581.15020082259
231.24976615005616,20.525939477634328,60590.75981885483
131.34016326513375,31.345226624990687,54008.413799675065
152.47282253658648,37.55160961490995,51442.88858983101
238.79748683938615,14.721036920399076,50422.86968525316
233.20256935795024,28.1623405484752,49764.42377456888
168.7891408900651,42.70600581366902,63910.61207470219
198.4899030123368,42.020978303155076,49951.641112473444
206.98444980849837,37.620227591590705,55650.172999853516
246.10702666322078,41.175383479602246,62895.4678375026
206.64172867473616,36.50572964095024,70451.56328312667
186.4221485554953,38.8877643520962,57175.15177590306
182.76980590829737,32.7904240381157,54053.01474478965
187.7162995656194,35.81068878045465,58911.32890369122
212.57234603248372,30.573407295089243,39911.34718952834
246.0564579702172,43.84438340927619,51199.0280780489
190.49007136517503,45.65091586651541,55693.11423027051
170.45411416594806,44.659389604879514,51908.623488430465
169.23485793030466,32.143238668254966,42633.090115494706
225.31716123597124,28.323581724444388,63244.018239527526
236.53229202806415,43.93881562525114,62471.00260529775
151.8389291258817,38.80735041813989,57014.58850796326
144.70121047601077,37.300090390665495,49845.43902115893
205.62713979163118,30.56457540538398,56920.04993686407
158.0515691819158,37.97964668845735,60118.338431613905
237.94861502288006,27.403053582366454,54401.35021609563
176.8151189555839,39.43843649255322,60529.88975377596
157.72713487620143,44.652206897243474,50674.38080520065
258.34080624669275,46.41731880735567,62771.37006841975
160.685412112226,39.95966837876871,65560.92204471913
174.29343617967123,25.325849152652147,64270.28690159207
159.083355773622,36.38131091662215,66408.37146765705
153.4895182757717,49.97777220840399,59955.61150422752
132.61459190445967,28.91971886690401,54088.08835438814
142.27159813416546,34.58572898962848,51330.255606714265
161.87138863930383,44.89467046260684,42807.28459814677
141.80806927712644,39.3199374545151,44816.68684331821
205.2451489463306,52.36109427139573,59402.4208170034
216.2652462147118,29.869914317399882,55593.516781237384
184.60556699749912,28.071709499814247,66479.97807925423
177.54848765047876,43.568878050846216,68253.98144156089
195.6898670550563,26.62884960209925,49719.106906571214
247.6082881695206,33.62262407827725,64871.846112501684
242.82352341229517,34.540474185982966,54570.68872558052
139.38803229284517,42.25192631370145,61350.34361347954
162.74379918894283,39.29987577617673,62843.952916322465
169.24396251207006,38.199454399238036,66401.76952550808
170.620792252349,32.18298385468833,51549.9393640699
202.9653104929546,43.5050281335736,66944.44104058288
186.77951982279046,63.18076829909085,46818.361275969
140.82961914603823,39.83897469246041,65980.23308541875
182.716439688131,35.697705452827854,56322.42386282815
197.73375314327467,25.914959203054877,55094.43816188931
151.2370467268563,30.537629854779926,38318.92890775117
239.52479715781658,33.50402836236887,54915.71849948709
141.4758729870088,31.25779831813007,65266.05950161772
259.3739916265041,34.887455158312065,55635.283368479555
150.8034822063406,47.44611253765102,62862.741075633356
241.39032449404493,43.73016842158464,60832.48056717843
253.76433238992294,33.88817098472222,67100.96220265118
278.81916304018125,26.54204038733898,58932.43720780954
234.0643368942733,44.361573500316894,52928.97003615343
230.41068182068733,34.65662008577045,58436.86090235444
211.39375157959924,22.914497020783514,67653.71672039268
230.33480026968783,39.98701082945125,63191.56077707311
156.38594179139523,42.179806789634256,55664.75835102672
199.06464479385886,18.018641165457318,71632.82495633622
196.71560732318508,29.228117505069676,65023.35250641297
244.07401574340747,34.226821920846,64887.74919554305
191.38634555652595,40.14157637916032,60221.28933004065
183.7957201062016,31.3897739076308,61611.49677733272
211.03264326938188,29.175006686182446,62258.73536384969
172.42612729992285,40.090184747761974,39450.07253437793
157.14212263804905,31.72174338680089,58144.31179221698
192.9214537713621,38.794382553840876,56197.821805764084
186.84033640180647,27.219390415177866,51087.46987673134
168.7812595864313,25.533668865345213,52746.10655260191
182.14652890189535,40.28688410299278,44891.326605055474
182.04228807824558,36.7676393722205,42256.384398257374
178.4466952904079,41.45719013265345,67369.91791478609
183.26539155333307,31.27184899354991,59428.31020807104
216.9272840591603,29.434262882641782,37080.9976877166
175.50375095096337,44.52503221278637,53203.23383334256
266.4876152843292,24.33928865203871,63530.53285777098
257.1397912867703,43.760224964264374,59012.380124208
193.23293113262744,44.24353295237668,68509.34718643763
178.52785005588166,41.020626599862524,65721.33866903164
198.99578219038014,30.185347380926864,45153.06713827018
242.3318834490738,29.284333142922485,55949.93481528389
212.6548112298098,33.5296095890126,53545.517399291064
234.4595128315163,25.934722262180202,44966.73599219465
198.70133852021365,28.268142008724823,43982.72305577093
210.21621047603833,39.51314004056332,51858.13019340242
174.6380610006062,39.5454437995691,51778.73635046409
223.6996320083185,27.652976214255304,58451.7988210106
165.30654773575117,39.73285354710052,64921.80863727674
218.13283264247028,38.180123140178644,62437.49805770445
244.6953052665204,45.56920378203972,67153.54815244507
156.02580699036855,38.98395509307265,53949.56048131001
207.97706319781224,42.410067376140645,63644.32283581419
150.11131047456317,38.33954313651148,54568.199210495695
222.39017585924148,41.85950376788031,55777.363338297226
148.2109326969952,25.990179904025574,69028.83639570334
262.4931807067801,34.14778880022361,40319.75404389407
156.8017088251977,34.72712062240729,40458.83747771334
269.9502113179378,33.29375037145302,62049.25298140924
233.8744868211121,38.10720641221708,56792.44455558386
205.53972696461827,39.440657581470255,46610.74718926502
230.90893934570732,37.74579953949804,50278.95492711104
232.92334134789186,33.761392831450635,50468.570051965995
265.5726024722834,29.849889441084123,65066.00511942595
171.04865110631337,42.68030251909364,66999.69162321587
205.1214811565256,37.44812971629685,70797.91635579345
150.10320526353877,27.869702991204143,41471.24197104787
208.19040775893677,33.644187208452635,46067.4087935535
161.4389181336108,22.79690225604847,42195.295441009956
202.2570484788536,35.2475943004321,67439.93043534554
203.10094989208272,33.61134040180983,60164.29079810995
191.70888291031324,30.978731347512635,56580.49171236812
197.61344712447917,46.092201328624704,60945.46834088461
227.99831699567483,26.90692116320521,55680.50652363614
233.60281613355113,39.94475066177635,50362.06986509144
194.3954764891031,50.306957126523116,63884.82721960657
206.22938613742878,42.54087532601682,57284.07055900385
261.1406090597734,34.77922852531563,49479.69681189562
154.1538496232819,27.061519524036708,58765.92097415032
153.74353019597294,25.465564763908812,50508.86473505682
148.79932701047696,32.11913813529735,56599.17403341981
213.32057764088404,30.190994862602643,55440.52717325916
187.00724928278245,29.963171637293073,62734.360485476536
229.60183453011632,32.715805811701294,59272.91282632919
215.0308399256336,34.284270349800195,50302.57405070059
179.0202363407804,38.39648363351707,59449.77336303539
252.75732204943634,26.335426463762996,59493.98166379509
227.78646906341947,30.224293427068652,60975.34887199967
172.84798415120653,33.88229542024263,64143.4804996599
181.83764013136124,33.631603646037114,51187.629159411284
177.20945550139902,47.85496595189396,63823.83779681737
159.6275110345141,36.625726149067006,42047.93560228084
158.27704570386462,23.704871316284027,52792.058478425264
262.54815219153187,37.927269531107356,57760.45545460129
188.89812178403383,38.819646059207855,68915.71999034757
183.62862597782873,34.12410380228683,55015.478862126845
222.9538979737146,26.50622327913559,60773.57602601777
200.92289726154524,47.30638286719424,45410.70652166013
262.55182395593386,27.5108126049312,54408.95031042593
230.54080914846656,39.625405444911536,52364.394094637326
193.07458500513036,36.40035370344755,76832.07217169729
182.9737381509558,39.20567384320839,51839.234642848125
282.866078281319,46.94800546917131,63866.23077148602
221.27271618199958,38.93147210498724,59627.07899583563
267.26217376923677,31.089350410695268,45593.18104434271
153.95861897765215,42.74194592589573,52372.20768282348
242.708810407093,30.582303849691165,60660.726688060844
210.72594157565658,36.144906079766876,58302.44756875283
154.49179949703017,25.94841474388947,35605.52951181526
204.91133442583225,27.767031408642733,51153.84790295218
216.97395696358677,35.359706693053305,65838.70876983875
128.9095619402941,37.5766069600661,59549.76736092821
190.5322990195042,23.08326564116279,64142.3744860903
238.07886682134452,38.48101157600465,51276.336930767895
175.35404187536636,29.26399716381192,65378.99646633614
190.95742059312877,43.957816109698165,58038.822792901585
189.33482133214142,32.536248998228444,68898.02489840916
175.99932962280576,27.1346441131501,54802.11464613801
257.67960332796457,35.53063190571476,42775.715193742
230.6978861655439,28.58635499244892,63388.84824039296
152.70677513265736,43.88261599003188,53153.063348425414
291.93037089533254,35.0037114527317,57208.80957616129
248.49497630131683,33.93826363834699,46808.71656996073
174.21171540982238,39.14260713251706,69796.69672621689
240.15226728901257,27.96536792559795,52547.137122481
152.02728626292898,25.9759244127004,66549.33549593396
295.5660267495485,37.85846105609146,57739.72962045864
214.31707757609774,27.302305043938336,48429.38861091379
212.34582349751486,27.299928923753804,66353.25928097664
149.29072841234876,40.85729221854621,55512.936924261114
252.44848519521057,38.67544876988758,59254.98239736185
135.28483722772307,26.22319320282962,43294.59290177098
169.6925676083106,30.666047699410647,51542.81353494187
157.60663983631414,28.673879108375758,57948.760326391784
229.98445870809195,47.43423508628406,50515.696930480604
164.80268335080677,41.34207299299426,52500.58301115584
255.7011903974186,32.054086077963085,54832.69646797682
213.11886340310508,39.033362825404446,58850.27235786319
137.41861624335382,25.506696698484195,65341.57213035073
124.91205141981443,30.29147694167355,51384.145461456574
141.40418253617617,35.7340428615932,49528.93782025577
206.97375048484486,38.16561524402139,79870.24558281404
233.97379737159466,34.31778612140589,54563.97990802411
169.443068836722,36.73609457499958,54699.41131251041
242.49363679200954,35.54835521967188,55757.47898566419
142.6870986689221,33.85495818584378,52616.512950218705
233.88771843273906,32.926980854663746,58323.25533110347
260.1802517158041,32.01614589125551,65696.34071770296
229.2575123729183,36.62356256040012,61628.128633018525
218.57968568085033,37.875709124396195,66895.6251022812
240.35140908346796,36.38851417123184,67098.26005236879
138.51521165311019,26.749820649992582,55373.673913943465
165.23220868340977,28.00750504199769,57638.23767831121
154.95056124373866,37.79217264163647,64725.81177159082
195.6903673893824,45.30171310469615,49975.42945680653
225.19579756525323,36.06690823091129,78107.80578267926
209.86155152709648,32.11832111266104,52639.71965692769
242.82342219730262,36.57038318809943,56072.4262242492
159.30189818262693,27.042250042406,44612.673965494374
223.66048977689303,44.16260209575525,50420.22275092347
164.17600394509475,36.3061590115562,63752.87265623038
172.87108056895732,30.313799507526163,73401.92549815479
220.18463275970868,33.83243173734987,52911.460670989516
279.15046946272054,31.31074637555469,61518.94177498441
207.6392810078681,44.18168983771784,60935.18707731367
142.06659393564763,33.584319373870585,62773.16636242684
208.20754377187973,36.08756022280915,75263.41799085007
139.09659496772628,39.01608519655904,67594.79194366476
249.56033130179486,29.814633773648204,55531.27563434735
220.13974167841448,36.3559662629461,62233.53410727119
161.67651442766143,36.92104898575947,60993.729250968354
149.51847899498344,24.12144825285565,53445.87720458222
162.9995064730177,36.76887542144327,47225.819479289275
279.05714592062645,34.679665545398024,53287.39874007648
190.95868539121713,35.90976404481198,66042.50254213982
231.1408511930137,35.249407994433966,68158.04213445968
210.6441227041376,36.814189110650574,56094.15364956371
203.0989823226385,44.36140257973311,61098.198870829365
157.90484941951698,26.743448115404234,63801.03071825872
265.57177030597956,32.604933651497056,45024.79897427069
175.94216835392285,39.66633040273985,53408.160734990335
203.73608183298182,38.366481074095375,73959.6075796166
218.80320045208612,38.21583887339459,60756.209583086515
212.23417572418626,54.275040509713364,52485.28980734837
263.8814900212313,39.29894866881694,61308.52347958501
158.36850389835664,42.91656457378517,64968.11686215378
196.09343685933428,32.850495588032445,36069.503083761025
185.59980428630035,28.049613382719023,56616.28929166779
192.54184674692337,32.799777995364565,53336.01339137669
154.0736949808594,39.98372119940383,43024.45465278109
156.31891093638163,37.84779498380423,56571.7441342542
173.62095872830233,37.822759594192156,55474.981928410154
176.2700546377226,33.499589292420104,55712.252417335054
187.9141158416567,32.38338166830917,53299.20957220512
207.5731994112333,33.740999289947055,48833.02675831334
210.42575938644558,40.07132815115649,46793.61698704458
186.34863524365016,40.88509199719293,52093.36157329099
186.05649243179403,27.956308452301407,62075.46960458503
167.0903112816169,40.33639791602015,58604.38363358093
204.91690589311798,30.444951384706393,55685.29860224771
177.457957843252,38.282451562887374,48475.380483011286
137.38955196623326,33.656239802762585,51632.696244535975
186.9870138863885,45.96051984467289,64491.28082927918
192.53816279711268,32.07347759713198,60213.63855095007
167.99862917301158,36.250282886263484,52272.40687384442
203.1040569030966,39.24615210291599,37079.83549819582
202.34935194011757,28.882288049139824,50445.531227998596
219.10480791285403,34.490000612011386,53695.368818123876
212.07360276423566,33.13390580763804,49769.979276654536
212.63541862517656,31.40330561615819,53372.04877078851
177.37907714083906,31.921938989617324,62194.68510408624
231.67732144310753,42.78410218695756,59613.73457137041
200.49728980499555,30.810144856677667,64094.91892550272
188.25897604796342,38.96485517870124,45268.50705263624
209.37568803828418,37.20216501421801,55348.716432726134
181.5096420147512,25.22113918957377,39065.70305874374
196.55800568223952,38.63418606898509,54181.23832618148
223.96091083573896,25.105407531696137,47257.3702953197
250.05410319608447,39.39664279715612,70101.3148510064
258.36367034190465,31.449658498084062,61403.14524731252
195.59587669551007,35.058570772795164,64975.94785074057
197.36102845265302,25.94004035261563,51684.77043991211
233.7063669752053,35.85667626523371,50222.18876482069
177.21048102381258,41.48865292579434,48939.720185702514
240.24145815950413,29.351242003841655,59174.89942396226
194.60242202746127,30.749830396991925,70465.28342573567
153.54739628019087,38.18234716497243,59161.858327211754
145.8230794087649,38.35732826552857,52595.241891271566
241.09474483907746,17.960744911140452,52820.07437045849
142.3109168940873,49.10784454647941,56738.17973008741
173.8785482162205,38.69987438483832,72942.21845561106
179.065974873052,39.87843063717073,67009.73858513142
161.65929868027357,33.995216873365884,57575.31495143505
177.15709983407723,22.012525440134286,54777.53090944689
224.830383566782,39.72305442875168,61325.77668661941
130.0107072599477,31.043683802383796,57990.21664136671
238.3942243168246,38.807521859283376,55945.90544749731
243.87330935906962,33.468392508160896,51409.4160608804
182.58988181287953,36.666275653814644,64952.6530225874
159.0832878144051,29.575025330135286,54880.7541112881
206.37551259672486,41.05072259875252,66061.68740530325
154.14437907094919,26.681346723796295,67282.04961372782
181.9052463878197,50.71898597737433,63390.967513551135
269.7858445854489,50.66564044490909,66537.26043545303
290.02001091867686,46.42889709826557,89067.25308751763
229.2569679342672,43.92835290042157,61727.04201853566
176.87549789251455,34.40816149236451,47361.58623275723
217.18167159189574,43.16582694023046,57125.02459314984
219.56818904207688,34.32676451206711,69950.54321355274
184.0560636591708,24.125377204282852,44087.08316027262
211.19636502660524,45.52240989821482,53594.49066453028
128.12110691094063,42.901771240457535,64348.03686751552
166.09405000634234,34.780626246411956,53603.88993491918
197.8772265024155,26.42371019868195,54346.68419220681
160.44984219527032,30.896595263947184,63544.3363955165
160.7348863008532,22.251980905787434,47842.100215628816
240.04370108556753,41.61556596832584,48240.734865631035
284.552046702944,23.776837231950736,45654.65993157405
201.25329696392254,37.00781609102673,62102.18854903061
240.55230273730047,29.094146565542182,59071.72070316405
285.42137690331987,25.013075885003666,51598.73445345033
157.4037003170428,36.668485652950004,46501.42236033965
189.92490593719918,32.66340430281578,54039.00898861006
184.50496478154813,40.86732373797757,66472.36241699546
147.3790748897472,26.12676311889905,47163.994547692855
226.69959477992353,29.698797481683243,51431.23317892811
188.49119962982357,18.28650454056376,43922.67263911605
192.0482490870167,19.709573223704542,50845.88591504744
158.6786361952121,47.58734686984959,60255.727227188865
162.6716911616997,49.58518770869769,74987.4595974889
254.83359149268654,35.64908343656767,60826.83606812248
139.6883085924108,29.233198638654418,53654.111230683455
168.81268177884627,32.91085752156925,62459.262965738664
175.02716621717968,41.11501941740455,62765.96975223459
194.19233501838744,31.399276861245678,51476.21237664066
204.7022350703067,36.663437069291824,75921.5681008842
194.51373487358953,34.91070764663125,56595.5453130746
148.14106119107524,31.018311309419992,56486.08811657897
170.00228370370772,31.316650778056903,59734.690848510225
241.39284113169623,37.05324610179856,61711.36729056873
210.78928238438476,28.161783045287912,68139.3833897777
212.2236543307291,38.162105419364615,53379.631556012326
214.89808161689746,31.698947282455727,63079.10095109654
227.84288183490182,35.891571132537614,59494.18656349957
142.88305789056938,44.68773796317991,64246.90621126782
182.06238993908758,33.822655683411334,54437.94992806251
199.4416710478265,41.43863038134395,55461.2668399635
179.46650939451374,22.4557700088132,59886.64655865581
241.55991151090387,31.70745890451584,60523.197023930305
193.40399767616503,35.19382034753251,50244.2711301074
228.71930039995374,48.463314754445214,71849.39373701352
242.9935157259323,21.280335417180765,61031.0585197155
195.71779137628903,34.32653096675056,56124.679302453784
255.4328290713315,45.19682195641384,57798.90320351113
204.7804732956107,29.504857163131895,58955.06578937422
242.65912106000232,33.51012832702031,63415.420078656905
179.6631572965701,37.322172895388775,43952.818827787385
195.09061247605825,36.29155987605946,60085.59002411463
198.55931023726487,45.9603933281809,64346.30161678527
151.78952636305644,38.13931667051262,36969.56001348556
185.07486370321692,44.294410268599535,59767.299213237755
257.3940765765464,32.47994149883062,63917.01762451639
209.96154154145987,29.816322121247925,60907.307469790314
162.2379640226635,33.41993764886255,61841.56948016242
179.5033328946796,26.88627834642679,52205.64383617168
163.99990530204573,38.384581873470665,47975.816314904165
133.91702948232174,32.29885321071328,39927.4118235411
260.087992643171,30.29747770015767,66617.79608172971
189.92108707168705,38.490608867347014,62934.70222849241
176.54470463390714,26.99398955417998,64113.55735936123
206.09877065026194,40.39351549699056,52523.9230154189
126.18304778394283,31.651638280560473,60424.591566598945
173.6155178992543,43.11367510865929,45463.75541687568
219.2449067039588,32.25083695239303,50114.88326907351
210.3204829216895,39.42336766590547,59299.359457955245
280.011468489008,36.25693661641034,65458.01910348531
208.6931289775553,40.20731311600141,71823.08956513483
192.88337656957725,35.76962824503339,54978.85415135332
227.61947145482293,23.356218113597293,48390.332247888065
253.9248447461173,42.061554774694926,53343.28274329329
221.68322650884423,34.38621954279465,52120.08053549384
271.5767431342637,40.52661254148369,78774.2998160813
230.8106478525082,39.831725338081995,65248.57497944154
245.91635722542264,29.586924632920606,66176.16353013064
153.26990262843498,28.59643216377292,52471.087675822964
223.34362730825035,39.58748571014303,58828.423195326905
189.11423825224907,32.8772567941264,61811.67342211298
200.93517022147367,41.55500495626548,54303.471948193874
212.84547580436546,33.75259339995884,54853.623709472115
274.2539316177072,42.16386844213802,56165.9721623574
281.5971379464627,37.96313138946371,57110.367548701586
174.6453245478769,37.01582495599904,56856.469662874435
223.53580448168333,32.38192160881808,50664.83788817828
225.90302633075018,36.62699329843062,60561.98046454667
180.2042706705892,43.349969004668964,60088.50351248795
154.79013938065862,34.62049178935676,53924.92160665202
138.72734464066107,38.71822110578699,48751.59715870846
230.0747190248102,35.32452053374794,58966.98352810309
194.14068926305657,35.87222829921795,52925.022623797566
282.1804074712293,47.06387529856809,63653.25684577334
191.60635211421575,43.41211021727686,67103.05581554017
277.97857544257255,35.55582670637003,49860.23711968746
186.32594406893696,36.50117861555224,74189.00726031866
232.68922839765537,30.086906475143216,56420.71031827157
148.2710951276592,33.78919917614533,58304.67575658103
201.19685811992258,37.165784512840304,51455.63835161087
234.06998348404957,40.954295126983894,68723.8635803072
259.33611691130267,40.24454627837643,59431.852603086
237.58145043305475,27.235186608668428,53317.628658908965
137.6454719951455,41.83887911475042,51154.81209329306
182.6311089559754,34.37858424435713,54130.6627585698
140.69482406152008,28.091060510257236,57299.04539981542
152.49528890232813,44.35469316202345,58146.36727296149
215.55896498465899,45.24295297716567,59433.646251725244
220.6473062272294,36.84622887638462,52438.64980260766
229.50820042888472,39.961555213336645,53018.116831952604
245.64400488724687,40.37214446121102,56230.18099070051
224.35553587832192,44.77040506968576,63726.693918184596
233.8723973114225,40.09647967802208,64675.53883221099
140.7592636786704,25.706182057930018,59994.736833648225
168.99957451208357,49.06865424279789,58280.84654060292
208.87851572389965,42.4595982263603,61937.39338309786
244.1827239070296,31.43333056309065,56327.870639302266
124.20291194096735,27.79262449349813,39513.540965147375
196.75882775207867,38.53369401282858,55854.43014660626
215.81705214262308,33.052179731426946,54130.6109936627
135.47545497041364,37.309967477992714,46742.22318357999
185.34298121733846,40.20384788894784,52912.34761812355
252.1266461921246,31.034906784022432,58905.458276668614
215.0801394400265,27.18724405120964,46781.46195604359
169.34465847805606,37.700729275103846,50698.13335213964
243.14117136905475,31.266285013061186,69985.33728685616
180.34537225026747,36.022670500126786,43674.871313751646
243.25010113069402,25.596714941264146,54760.94622121921
175.70708095068142,33.23472092867754,46509.10087447577
205.1497638874523,40.00466323727998,52193.85283491615
184.92091366257046,39.241527553527575,55674.68129176834
173.28905764138506,29.48149420388712,47208.211367421405
250.0881183012927,26.82214941477364,61299.345798868286
163.50556481842142,35.110345828262545,66549.94188379947
148.26967916939847,38.92722957913586,62505.15292947384
179.78595125099974,37.83622598134786,64999.32682157136
221.25582994410837,31.414881089470832,45912.84015581583
234.9707609397061,37.084771097406225,56769.26870947929
294.7468491994,45.51648829893196,67155.210051559
175.4530423098894,36.436012811163195,63362.33661027699
185.97546424932466,23.56796444926966,68409.8870707431
156.71665286002286,36.422402366704496,64260.31372106247
203.37799202315148,49.30769879848826,67200.00976230997
292.71011785374156,25.988264308190832,78675.7925527796
218.95277291757392,35.20807263280315,58479.377784893964
205.7178382485724,33.41565196877506,54561.728180750506
184.48560817180658,35.67118071492545,57999.68269768303
256.8718279528425,36.3597650720764,52019.37727250577
194.89190540696913,42.97980390244047,58917.48616270697
156.35881278171746,35.59348300480568,41750.53719517779
181.9479396700463,43.94081690048433,53758.78880991943
144.82740600821256,34.176410388494624,54027.00980671307
165.25573878321586,32.54904258217757,62975.99840542846
131.27246916787658,30.31571911872976,62868.343658406346
190.42822884676724,22.28039079615893,46533.87883931771
210.41486852351818,36.93046988348088,74378.98743675312
179.9111977216014,49.3780020193029,60070.643311908454
187.17971681588406,38.207648341001025,59072.05652491561
270.0706771153587,39.80723147913176,47809.21807975032
226.19695229724687,32.108780724898814,52302.44922099224
199.58691194526048,33.28966626108431,65042.77218099797
174.27540265388132,41.892490418332834,58659.05833753361
252.44003470412298,49.06085548202874,63247.441870520284
169.06183497070694,45.41563555057774,59495.42804714539
178.24439843876965,40.63671240809615,45697.631917021994
255.3129025861821,35.246054055733566,58225.90393846691
198.35721144154,36.46803239987126,68500.34005597916
224.7756832481595,29.72544876400222,65375.219032310706
205.19892236813075,24.862827350881403,54100.229842500965
212.76196374200364,27.112411495680412,68277.83930649469
175.75023376867895,35.348600241653564,46139.73670171904
169.75204733935732,32.95605417001326,47820.77634873644
177.9755218961473,24.713908066962208,69307.44970356947
159.33303429141097,34.73873634665185,60158.81321602955
247.46375976324657,32.77098772873838,55798.5330976903
174.14502509790827,26.79005801301144,54222.80679676832
201.869001336682,32.40874692565951,50089.27247143867
232.41123152553064,32.753328994985594,59824.98234274503
231.0999088671914,30.68354002052873,58670.07087295878
188.94578908708087,41.48669115343158,57997.813275498665
192.75546865487496,21.679689065346814,44900.828904394126
289.21345312962234,21.0994070650232,58220.2812648142
215.46693306438817,35.02300049114364,53310.20704316303
236.1992179583095,35.67289032574614,50538.09071334028
253.74078647506352,37.82950595213281,69732.82852455617
231.70265600769153,31.22718544204634,74593.19266924894
163.20533159679388,28.574533364353677,70204.47722351007
201.94526688056862,34.94878707113537,62258.72424233087
151.27444732857685,31.908953052564026,52702.328605226605
212.69690669481065,45.85749983258986,59190.90370231269
268.686639321279,32.73040925052366,62039.04177283151
196.55724352102,34.627703937980456,53444.344015821895
188.41181040708727,52.3279269771856,70409.67993760057
137.32808601664217,33.63667841288519,38333.44071177052
270.2787703879816,38.89309805639363,58146.174287361806
151.46038225755194,39.524166033704475,62394.91723241439
138.7623727270622,40.1198115060275,48805.8430597003
170.26257564219398,37.026410857878766,54383.02095002587
144.48636703249505,36.356885560873565,60002.221641252414
190.61255931032258,35.702340028859815,68951.46726257072
196.91405583497908,30.96804268436359,45746.53662891884
177.0301502775942,37.27863161987488,45654.84585577064
141.23888206180024,49.200520861972144,49380.7850606845
152.86977342478392,43.4747733627449,44345.69194959136
183.74044615885893,37.12742615557246,45090.78220326321
143.41651963410652,40.990808586741935,48097.46952294077
218.5889833891856,28.915768638885435,66188.61685665879
165.85427128961763,33.17641492060197,53005.83557610838
176.01341471654194,41.63494890928838,57579.31037832547
184.65270730021888,45.41017035420734,50741.39684083509
186.8131966269852,29.603936795332352,60598.70266599592
121.37564838427122,31.6148818340379,68843.38900386065
152.9452264875878,50.26963055714975,50587.460958695265
245.1029128254484,35.67382874838281,72541.74630646272
120.770408160901,47.76353380890265,58683.81653865093
196.07384897751064,36.44800122093055,57281.40788123455
194.12018163454513,36.723261976278046,60329.716943650004
178.96969083585657,32.86156378638072,59005.43590296747
188.25001728150482,41.5978859905716,72687.63810910512
230.5850288488412,44.504442852127994,64423.82409353333
240.94776370433075,27.75498438901393,61016.35878930929
171.78647969193145,32.532846134456946,52216.70455209726
177.97534168757858,41.40554967061954,64081.78394210575
169.87329016208133,34.093159535509706,48136.74139333389
193.12530830969098,31.54630172026753,56964.421162393955
216.59948162144033,42.066795077085814,82177.91445341878
168.29841519206784,42.72417243298758,37156.89115369411
178.74991797687312,31.85250536529503,57558.80869208801
260.90071870555346,36.48656569591562,61692.35458019296
140.66337555475928,26.54067642867037,51908.588796065786
191.18134595144485,28.731633626649106,53856.79829958712
220.41240419176643,35.86915662493366,58637.28523332452
158.64834089427956,35.2198475130589,53571.54417078006
140.37038888515124,28.23186735788556,55738.75603054844
156.9170355815737,29.988182526920973,50804.77105806839
257.77864675231024,27.544689410311086,73279.57531137932
127.33228070736233,38.18541899839247,52846.126544452745
163.5957513900149,21.2265256231567,58029.46066971745
135.991251150018,27.918959393078627,48444.44541992557
152.71340268757154,21.959409165173753,60818.6403378315
208.66806875116123,37.93314422700586,63783.17824631925
169.78119910396998,22.38086514961709,57153.932014343605
202.73693726525812,35.22210438974878,48922.13871826671
205.13531007558254,46.47666811023196,53514.78139956421
242.49869492482406,46.71403786889631,74817.47710384561
124.39347813150174,22.358647015748254,46673.480206918015
243.25489736689494,37.08886721141669,64149.2659486676
208.54430109575645,28.077200925336818,48297.969602249075
160.31592837864676,26.648047750028194,62339.17239933844
229.386297671421,34.205710319269485,52355.14238937927
243.6670101780605,43.59803809853188,52917.90049277844
171.14243903077954,39.197612119542505,51009.63512874574
257.7709724552278,29.994013500619836,53301.16525460182
190.54628909606822,39.93523798187002,60846.898241007446
206.67905389013538,19.294041676828243,54542.74392858597
281.639819125168,29.72937941096732,49611.72840070568
181.59109951915278,29.232759187091247,55084.832772371956
235.9451737509942,35.548244842172515,49239.425547500505
177.58732069867682,33.58020425438,61111.877422057485
233.59765778546017,34.00970234466081,64559.81000067269
206.36302470831103,33.77696328925703,56778.737601437766
166.94361631133305,35.15685068692361,58042.43901573469
186.56285008698268,38.78091676870756,71252.07124667142
177.51463648223876,36.04531718271668,55137.74743744
147.0085265186999,33.00953728376809,47298.61983674372
135.5462951685616,37.812237958633474,59758.870654827144
180.20296862084476,40.782864805569346,48287.96318070341
131.8136656566767,31.107818764941594,52415.88391580696
160.67961031374116,34.58418088529127,50765.0523390004
222.31490314021022,43.133345941326105,53974.62695938813
219.93554806040066,27.280675259128504,53999.289499418155
224.23209971633187,47.632915373791604,67879.9592395883
177.46866056030615,25.62591517682297,63393.14714865628
250.85559317994154,32.582447721566844,65583.13615517344
205.55699514895088,28.348670021867918,58518.10013919163
155.11768216978646,50.31548897808564,55743.08953641883
157.70543511523803,31.476549798069936,36101.423018631416
217.90478439870105,31.49411190430027,59804.00561055331
161.65277867323283,32.40475882042057,37003.66550748584
195.98148110428446,35.66921965525765,41603.56828608735
286.5600406025348,32.70090754766842,58077.432148304026
123.7973285171949,34.0697923676432,56334.36723529372
130.82564776337563,10.295530328833838,47738.24019370308
287.6767463384836,35.40011885201279,72468.0402000944
204.4943394221383,35.124646350406515,60879.604613010655
155.25107982466557,42.26998158188675,54567.19703039458
252.5105938824236,44.163426637955816,72242.21264968743
248.7472087667815,33.68604357025742,70900.21609301044
199.07904613969308,40.713603571717684,62205.69491176451
208.8657746822974,27.289018536886353,49497.680718966374
173.12107563842306,40.37139639887273,52586.97612142415
141.13382645733674,30.992669406057963,42800.2043214575
205.64272519430938,26.707117723089617,55152.78943225728
175.29436184087322,33.700879252571646,47507.24259049961
214.053029050823,44.803307130384454,56957.685449180986
240.03287636932652,36.26703875711593,60790.08405470967
131.46972393616073,45.475417033748656,40108.9713872772
205.77619457959986,29.75887100328937,46013.73708187219
168.63751874412364,42.33495773183593,53084.47778935156
247.37482934913635,30.434879739341383,57108.60423199568
171.07862883017026,36.57730070042442,52306.46805223257
207.5473749742593,36.51677980061591,55414.81833903987
200.9836218010771,39.63044213746921,52315.57222536212
184.84712917734578,36.75518433937929,45198.89157304939
215.8605441463488,29.825708235247276,52160.187390077124
222.39781690152608,41.162148664647944,57449.02380255133
202.4805352004726,47.12159616027776,57058.08518118359
227.16424180786748,30.913376044207173,57916.78098117544
280.91699679832624,22.153375464884775,59574.41626834273
187.0717999714052,38.49523697847652,62655.18308706276
196.75390476829767,32.681737241634956,51361.85273281205
128.99021362546335,34.08228000831292,41789.90614775686
233.07307788771328,38.89324429011708,69237.73908156517
197.3562095026203,31.80525299122081,59360.531497507916
185.97734001838938,33.118036200594304,48521.90546982775
149.932592707797,34.2991633814439,57364.20294542758
250.77454946871205,45.288277565895115,69901.10526894632
184.73664498762247,35.210487228795074,70338.07948094227
216.51043117056167,26.35028493429528,57709.99376185328
158.4986102028539,26.628850632012195,62698.000915272205
270.9419523147386,35.974609451617205,50070.21434006362
162.3569737972441,27.09400399516315,54111.67848393172
164.96373250840915,24.063875591530874,51289.56554214638
244.35167224298107,39.44875193653807,62379.92731722529
256.1858135001551,39.79148882008051,73083.56641724442
166.455509918877,32.423044262743026,57396.10952011128
192.0964667136392,37.055615038061966,49616.726806577484
223.49868043098695,36.316851509368504,48009.25975068091
248.31742570735474,39.2169357017836,72904.48901962925
183.2267033222887,39.2332493275786,61298.92623399549
197.01334033581566,16.759479887309418,56886.4918906902
224.68793174406494,33.31650729062324,54735.96600760083
223.16085663735822,38.62532931724693,60762.55585567964
230.9623613915773,32.1268038627269,49524.403235084974
202.81845163493185,35.25341847481879,60247.63059553026
151.72905773357886,40.254899871746545,46708.876934107444
254.07890972202162,35.56647663276514,56162.38404528465
245.66744036482157,45.555435920644065,56048.34214805303
233.41336238080942,42.88890376596785,33951.902095508914
150.93102561353032,34.17005092919996,52383.17181974346
165.54376628447568,33.61367680492655,48373.60326125323
224.96310252791653,15.04773126359045,51702.065239937365
133.33346718964654,32.71448462176632,54375.71806579731
278.64052800774,25.527117751026314,71256.34511251439
183.04743346386428,36.54860679400436,59127.800647582524
221.4895117825044,36.070094977840014,60662.04879045865
250.31158186455752,39.87099029218744,63945.081332297814
184.7007040081155,44.77669330363734,65244.75487426629
177.65705615231875,34.81611399229622,59819.56394937105
207.30671648175095,50.962914183462374,62818.65859710779
204.07568946042505,36.62716011653933,63164.68830226529
186.09088670628915,25.82848524398357,35393.370354684375
206.48515432753405,31.06549687422916,73126.97658256734
262.3300501152474,32.39077309784525,71214.91188773654
191.87682965950387,39.14489005807365,59248.083416587324
164.62604961440775,28.369250698394893,43366.2660697274
183.05318894519084,32.914168820334226,65707.8470239861
184.6509182426877,33.87271803442739,50703.616495914976
155.87868467295786,31.863154346411193,59237.5147216495
160.33296124076293,40.67990767175803,46259.085245730064
216.77129780974087,39.489249719257494,76371.39110296137
179.5606827670098,43.16596994572771,46213.17693888613
268.5288812584226,32.68282373222161,59328.1706557117
169.994592905686,43.41769297353531,40403.275325848255
150.77129875135833,25.452020398160677,53507.654553706176
226.4266366372018,25.281309893071,52322.08032776468
248.88788499892053,26.503388197361506,65693.83938499438
173.62480809125435,35.06448184842463,52685.02847901707
165.26876551011756,43.41664681604429,66284.40428464705
163.27848062467874,30.78500543552259,46833.56437282524
197.54703585551374,31.66314616524894,53999.26784644685
191.95570094530248,33.487874312834634,54332.89160352431
171.6907845407517,39.00979686371358,60662.32867336967
139.82106188964696,31.656622876517982,57373.25803769129
193.29268925497712,31.26608129458449,61821.30617528186
270.1158629717698,25.582233156496166,59044.8118121299
212.6462459222758,30.99795222176015,61882.11678414029
194.74471026862574,43.242232270547326,51238.28456535125
152.72350656762916,35.63648205934933,58552.91783688811
170.9475485425074,29.821018428264594,67963.47741491822
175.29621655514964,43.65300780910254,44212.2649710873
228.1326639929854,30.90350548557869,60962.16267289833
247.96702111094388,44.93968905637726,66557.7990484669
253.52479267737462,44.825248845300706,73053.80293999006
281.5914866756318,35.39208138462268,65774.48427996253
280.3218995066986,24.510153308398188,57673.260269880244
267.87307913267864,51.02650430742028,67109.21239028586
145.77564000778705,37.71093239385182,49617.032628513414
156.857517179469,32.73279082695587,52030.63972060923
176.24689514010151,41.69289540342539,46662.620646638774
200.91239057912222,39.91611950914943,69915.87910797894
150.43737547842937,44.176568449205085,60247.06556674837
241.8080864151646,30.363565479240727,50013.25598267984
208.26105348619762,37.229313889420744,59924.27183247977
199.75191909346304,26.698908388285442,64607.93986821523
160.65631966968243,39.66434077018864,64314.66561389771
171.03501054279417,34.83938241260969,48537.64523291393
159.9911308995292,36.96706478840768,30843.691974497127
242.97765477616497,33.975551933116705,61418.388607605535
204.44710264436955,33.24307825588147,49701.49397768914
223.7336393180529,28.922381781897002,61449.529781653975
175.42056895041065,40.533011502789634,64712.48704578282
182.49556566009335,45.42792825719006,67199.4603533691
185.67858913924601,31.103321487629405,69733.14473919568
227.40474381544624,38.874783534797665,68731.16553523001
229.2954853586669,38.025285372621696,72715.41689568928
165.8298388151064,35.056684679442014,66845.92711566652
264.16975152149587,24.313829866446984,68152.71898653256
154.29658677933224,25.888818542225852,53667.61122243276
252.23851897211438,29.533126341939006,47134.78059924801
151.02148436939004,20.02696693499648,72882.66430979916
172.22571396336554,44.8562151093393,58229.017154628425
241.93683312161087,37.573922604257994,68920.18035462456
162.49026381631614,34.790272661206146,51250.88193476718
186.51851151648978,19.6683492651252,61379.89076928271
190.0859891859687,22.232904014857198,34666.4569518211
170.17509473413833,34.983610282691295,52669.79206599154
220.23148880252475,48.79342975838784,59958.56101233286
242.86252456462918,30.109490628888427,61013.33705392838
247.51828957844796,41.04658610088707,68735.97819753492
179.54634296421182,31.640683146275276,46927.82557476058
198.49864364729112,35.38667481502207,62303.95246533127
170.51520746635572,43.50278694225052,67231.22255391645
170.12493638934194,32.57833858883419,74309.68044212992
160.11725977633358,30.169265643635068,60483.644015023405
263.706990719052,44.926493878873345,58171.382652505825
250.4039787500906,35.318904747795166,48669.87701707729
230.07716642380774,42.63843563410314,74443.7488343602
197.0818140826342,30.20325774630719,61851.24831259113
194.23492932277077,44.84671946272683,58534.994332558956
198.3792089647382,36.91539092174228,44364.69969590477
199.11904827051285,38.043513383502614,50125.71657060514
188.56843059510146,35.92140518000422,61824.205309755635
155.97436937799824,31.46167512602449,57737.87913036432
155.06282385374675,34.9882203265352,39854.71977371798
267.6179642389674,31.901868334074436,63598.413510999206
193.34820901886485,41.716822438513496,45518.3813186849
267.9436952678252,33.578599830519366,69829.246669327
160.42669482150188,24.524449405442702,55602.82367967197
201.08077781743805,23.244033855075013,50966.55681719894
165.93640989988842,22.91297293375703,61723.33118164633
171.02744972727834,39.32579530287759,59553.78478671441
135.61449001551293,26.939469820385888,64252.803329020084
154.03258996510905,37.10060043086997,56358.50648074408
257.2681738225142,35.95602162243989,60360.89495197365
177.8847588383152,34.54703983563156,53863.38838895572
207.23426006140215,38.068836423676586,59992.90428979648
191.61047254685735,36.10812475963368,70502.30188628832
185.25641344975446,16.03189180053335,48947.89741529299
198.61074300479197,32.73462331406057,61685.089053032636
163.46157328879718,37.97572193844402,49164.02259077234
284.1804428472192,46.48197967528499,46675.41262711033
236.83387614184983,46.80520331607748,62744.72764791487
224.67309467915248,25.457946404903204,58682.95899072099
191.9905289450337,32.55192290481059,55369.250741132666
158.9823813163871,24.037196304044016,41853.610942408486
258.2605971255883,45.63919552577058,64221.21448594995
179.73636505125188,42.08999345703985,59695.61150211489
141.03497504712558,37.454115208042225,48172.095155037816
179.82970626980313,36.16266402882147,45675.18867845238
232.81574879251554,44.66441770244632,58379.47643012898
208.9762890228104,43.47927636332097,64309.57179802616
226.02983926607376,43.106312876592845,63076.55082518529
232.68160006073975,38.19675901847582,51840.98702288082
166.4330325910476,32.55540190340086,56513.69494617943
259.0888966343639,40.369873824122905,67556.39731016502
188.90657841317238,40.712293336785805,48309.494359471086
210.96483693416997,33.665537712856285,57607.48761823943
122.1592479250903,32.54125756816031,64692.343392430106
287.9323666408641,42.93319288690747,52162.398593024795
173.9074198482126,46.64881276138725,67356.7849947113
143.7493094359733,29.754229533596636,67230.64956683303
190.92862168351337,33.15636327186418,54552.854538167805
155.5692562703996,37.45653153518288,53083.01580126692
158.90673742259938,38.40619298424028,64367.75817610483
210.13860992697374,31.34343548531094,55097.42296298287
184.53868837953695,48.1846444124083,40066.917474339476
258.57391890853893,37.954666858816196,59023.73019303551
177.6593375032768,38.71968385929387,60642.14512833497
222.45591975727913,47.31218857058228,66445.54725285845
191.2146309754927,31.85656862328787,49046.40869543207
213.58547907208512,34.380976864904056,55184.868458875935
206.2413205803492,26.2267443968486,63224.296512147725
192.40044629176012,33.79354669422495,56021.90449444361
266.88416750182233,24.577507332452463,44329.4436320042
179.85813859256322,40.234945479352206,67137.68647725256
162.20340798991668,37.939977250489946,54441.10543007142
215.92233100829347,33.06051485073022,65868.25364835502
241.8478379277406,34.29703404527506,47131.00996425149
138.54264068695807,40.33026490632293,54619.56741901385
190.06335387034068,27.049427391770713,59218.99307977008
251.41018281093955,36.429175072167666,58461.50667253749
225.84897081999583,39.89656864521121,49546.54934920232
286.58722453359917,22.524081458149308,37360.68753551159
198.55961012829,39.79456603991414,70087.71455413672
213.59112305366585,23.281562757169034,56957.04075095874
176.05332472637906,34.17683861303927,65351.35448879156
266.057132835678,26.856262271333414,64574.652933477555
182.03698600282178,45.0187260550301,62969.84781370102
224.2220035273983,26.900152620933568,53460.90727468198
185.5140134446798,23.448670756242322,58268.19242704644
201.9058804218289,35.93346499117421,68715.47345661579
221.55527085312332,32.10407913985424,57776.915375510565
196.15489406072012,24.46776339935247,70013.07989269627
254.82938719624016,38.68070639408395,47861.605614987246
187.07458078401794,21.059506562852246,41084.42947166429
211.96419300777336,27.746313191918127,63785.82660082101
179.8259221461677,30.97347210705451,49019.88969155266
185.99614232120496,40.61555674508598,73901.03223624422
189.1104169762047,44.068278569092065,69032.5015054881
155.08449965697773,42.71947573129301,69325.70057346032
149.51895287169143,33.92708346676437,62148.232438351086
214.5487198007122,18.008842286433907,46491.10506828497
213.0239661401684,37.73597114852991,44763.933439129265
213.96220205080613,45.29401617457229,71653.56479394849
132.09593814096667,43.63653285469498,43767.66309656359
178.35762828828172,38.24064306820604,69499.59590368411
164.75510160235535,26.673480649630832,59751.510096353224
230.2017567489447,31.322850974601096,56600.55409017775
244.6777044462092,48.53670079121972,65412.23000567063
170.3289608846849,25.082893257351063,57994.67062809887
214.59489200464517,26.9651114029473,54167.29206071206
155.61895598110397,41.59786085815699,67878.91355714813
173.32258399312084,31.981885286361305,66674.38988359999
156.98184196701163,26.72771414456765,55441.04021254951
174.17264134288806,45.695798251061106,53159.0027860566
215.4849988451171,38.22739184701598,68685.0618432404
255.6240937857957,32.327391849359756,42083.17720484035
165.32060472467145,26.979576148703394,58011.42070020955
199.72066816894818,49.331845947019566,65769.19010021773
219.02190779788506,34.828837268773746,51001.463706764815
267.8468882990001,44.78129643728646,69784.81480422345
207.46313277510598,41.25543481226608,58347.89485961887
171.232165804204,31.35368906835736,51003.15910953349
209.31097269145533,31.409412195071532,64280.12133552666
177.78603954022543,45.12420428553744,49336.97813774778
277.1041370459618,45.23762132833984,69489.07871271265
185.18226586538762,21.86158816715486,38189.60872165564
216.88557735213385,38.848461826875344,60711.30664641376
133.36431473896107,34.151496366934666,54905.342559994315
185.21911900111252,27.766737859430457,50825.36458893246
247.62980989687316,36.83222266302038,62237.755239235135
207.48294578702843,25.55282246309524,54665.21384287365
189.4965420688368,31.7348125174773,64451.20225370916
262.4925005846636,29.410683870610228,62201.291863529
243.37400685368203,31.50146115090801,61288.190685036905
177.9493601566469,34.49965054436606,58474.080368479496
199.99141491265772,27.891033366661595,51800.635573998465
194.15360499190575,46.01225320211309,56519.01643318504
210.12879717352382,38.45298263375888,60065.80571033326
179.06423121869386,47.56194119867438,57129.76653915226
170.06071478815494,33.879440216453865,64653.184463296675
256.2081457598741,31.158470263920236,58730.65540738321
259.11337638037594,47.308909301451195,65266.10408457304
241.34312121611873,30.953581820882103,46248.962578305705
278.122369863026,33.75195584607613,66933.01612390592
225.16694517876448,40.0403318734812,54366.37046250093
228.1118392168885,26.335919341919052,47666.30634017907
227.79528006771017,39.97906279355555,72276.52987880314
193.20179578051443,39.08342946315222,63131.960937002805
190.74657987748577,43.885277226264826,66187.73228901954
169.62669225518414,41.23031152107099,60629.73082722862
211.68369068020345,44.099848470143,58590.01231536791
174.75440978075886,34.22704669644113,53744.495279524934
171.51855789965876,28.961307769050578,61200.2832270891
204.64650911030768,49.76989789858354,69245.38820162791
186.17211785077416,24.31313069134623,53980.95704898382
167.23144277037358,25.014408447883344,70763.53853239336
236.44364805853132,38.95589628356182,57632.32583298866
244.66570166437904,46.37490233724145,50194.280460838454
160.9705328869817,36.32685592139916,42075.371427824415
126.3031489911319,41.99512589791544,41801.91370015114
179.25144502077964,21.02938090769629,50459.052575017
233.31670337745237,31.50318526473204,55494.07516295415
240.5715396674772,21.882365349997187,60725.07142525422
156.93489513405453,40.46287670760062,56121.173030899314
229.6040937978621,24.169380713876897,62296.35703353871
153.52332603844306,26.05526807777147,54359.234077105364
184.2665756137726,38.59817643472982,57220.5252055788
294.4741470940381,42.432770464124104,57875.23489919246
164.12090407695038,33.887223242395486,66942.3093983819
159.13129648536176,38.99120752875957,43952.847032957354
187.41534430806115,38.764517168111645,59675.54765770845
208.6102895851954,33.49201198390269,55533.574624758905
261.61381995815475,27.33706161979626,63405.78989682237
279.4776306413083,38.9542398481925,60720.20344695928
145.33525894115297,39.29166983542558,55779.61465468905
156.88700762784794,41.25817082163181,54339.75398192672
232.2106638678031,37.184464968552284,69780.68052897257
172.858017182234,26.820500605644717,54655.38563500897
249.71367329740298,39.83238112958426,75703.89990095842
214.03159608757846,34.99033243840161,59667.01335244635
152.9090340533803,31.6208378897366,55009.19050405677
239.35631192721866,32.93754913964401,56721.19460715122
162.09115994419645,30.16819975126734,59403.97368859257
187.48315178234503,41.221906451981,53021.26596083673
200.83337774817016,25.07319686493986,56201.474009643
195.29481690863108,28.045598456355073,55542.2561284894
216.9827585793692,32.698589807298134,59697.01181216432
212.66730679595895,46.296255937672996,62645.94267509537
286.7804100440326,42.37996384364994,65369.70245020451
296.43701341051707,23.514114377269422,57729.69180837738
196.9536438387008,44.459429621267404,71307.99460569388
150.12929630360117,44.44594151888579,60053.1884532412
222.69177822089722,26.781941717841498,76812.00853222919
277.36249036745204,17.349792105824882,55210.99281435613
177.58040048542907,34.4944486435693,63796.844344290505
191.2256791930794,42.85697086509875,52386.959694839075
187.60827997110914,46.13883378860142,69862.34128944283
141.3477192543129,28.90420914947125,48451.27254593165
215.164434991372,47.263853732640754,63816.524527547255
180.83329233256273,19.40447322928309,51393.55716751733
231.68240846537248,32.423645703194985,61128.050704679205
239.28226661997678,32.07952531548977,55797.6916346114
237.34401922951557,43.06635917447012,53907.51962868093
186.81866459948338,44.08811726157846,56063.74487313125
177.88596037310515,41.67956558803377,69746.85054569438
225.73092380733772,25.546149658778738,59504.76611023781
233.95843708077615,41.038333222592456,49290.46406212477
194.30238187524944,38.563293780154446,66256.00144435948
251.53311634752257,23.301359303042865,48728.950078009475
157.73233797721042,20.53090319838819,59185.261666730774
248.46700475725058,42.26592503014543,64927.00897630199
150.28486053647842,33.73930489314529,60000.990460474895
159.07131735241535,26.00372535281587,68961.96017728826
198.82256522077745,33.54279649903862,50039.93744540125
144.9001892122743,37.54828756779242,60327.11218026464
141.6741377162784,34.42004211332717,64953.13868602271
119.44552683207912,24.136096928117396,47736.21520025014
188.7413547039423,48.19889832494877,53131.096720968446
229.64902582890105,42.02952578291524,57354.53934191769
137.04124098894945,32.65235783828573,57072.58392595047
212.61337080531246,32.93433740868399,45718.47030001218
237.6772584882489,37.516411762992234,63328.01382301081
161.01001912353908,27.09265022981768,43095.09419764449
158.1484142921203,37.258735055758784,66239.05647405806
244.71156884760586,25.68487294197464,60395.520178003026
237.67678148959314,34.50626048208384,73506.45590970805
199.37774196114233,26.819999501001988,60697.581024783125
236.989122758811,27.173412123713,54001.71949259445
149.70144976338204,46.520058295327466,50574.703088146256
184.68657551670339,35.41458125999188,58451.726200888814
224.1187396789955,36.45184539780817,57927.53694170736
171.4808557113962,20.92034097243074,63076.55025074482
226.25139296882156,30.820987690352666,49544.340866778395
195.65328060941386,38.22848483093043,73646.74447358659
225.94489278478625,36.358953861632536,68413.33546575351
191.57659315141842,19.921791250524063,52188.359855191986
182.18310524916689,36.44996541659957,71023.13506692181
167.26959793734332,37.56591162484783,50018.610173179884
166.01433899793292,43.9863339873909,58947.08048118084
226.1267179566784,30.4133821674316,46665.50987892624
154.02590177812732,19.305518959050303,67746.10401737374
148.4847663867637,28.022604737363913,40981.83541332828
162.08284759573354,27.3205447279201,42904.65811727063
161.96187196450194,40.15696214445982,51426.191904834726
237.6737887950785,15.982843881232775,64377.29245838212
185.07048008232917,31.861504779491646,63535.38307431703
285.4717696754283,44.980568315040784,63817.08746373404
156.77321449251957,35.05048723983544,63646.387243456404
212.77462853178787,41.27421771323497,57858.796544184515
189.9731849872017,23.507411665142385,57845.20809897636
184.53781207801293,23.78607340755574,67603.23854980626
247.62490106193258,45.060697204916636,59185.19970151548
276.8500622547631,35.708507560300774,53754.9215749203
247.1604573702702,35.722920535464006,62592.267092763024
164.08539612869419,27.172930203251024,60380.875476310204
167.45373359443084,35.70547210265162,56862.596510503034
213.0942026383026,26.978437021619328,63775.99903519789
174.73079431903489,43.30809314233955,55957.18442533564
223.67545527120083,54.0948149690772,63120.05044268765
202.42232576956854,38.387587375657304,60767.10377777196
200.69217833447988,30.555375301769196,58431.11313343918
238.6395116500833,17.264391686537394,67026.13903532183
220.2710822064491,23.20875119820361,58068.66674309119
134.5047151548883,45.884032817189954,53740.401684862874
140.87916230013974,27.795657097102488,58139.68249934982
206.45976061573344,32.40415582819441,64760.96097740495
193.7774881706574,39.58728182205425,63865.007567131965
171.76923307340854,45.376028595532546,63544.66620107551
187.0118930038787,33.60289155185313,44299.739211403816
227.08711087450735,32.16733191233776,37364.685533791504
238.29415103159297,35.50134719957479,68661.87970036549
201.83920625252347,30.60653528352548,59688.45835741569
183.8221785348941,30.983265576949314,55522.792043557856
172.86468440148113,37.88316082273712,62103.16486199424
197.53698041777614,36.29704062484141,72588.48728845983
177.2390932238256,49.921237145910084,70156.24413112395
202.16099555676692,38.07194171644801,65394.426222591996
215.73426746245923,43.0580188366568,52195.285089449775
144.60121777548417,27.501003762938083,47922.352210410005
120.50810550685878,38.676101030211896,35569.54621260105
166.47062900039705,29.939130573792585,60052.09368942363
251.86968200712187,37.7681728430759,68381.67526366487
211.86683462225562,39.81960218680389,67957.87744076768
161.52562068609416,35.34908190801032,61113.22616608916
250.9102515961496,51.85128005032355,61777.48285719058
192.1122455915871,44.99585838375917,54130.03570114387
192.73852031909774,43.24071732980367,51731.23350695661
262.3768832602176,40.35000334659009,59279.50932429607
143.18820486749192,47.34352572411031,48956.424429361694
166.80753284589085,24.941214917715488,68208.01504667195
204.62462739468697,44.591981825934035,48705.6452413976
164.47382403989513,28.061289816003338,53038.92142841605
216.10967351493207,31.049626166532892,41220.37726616312
166.68168680472763,38.92974710843168,58861.31480529938
150.81095553269282,43.632541158575066,56561.19554638721
165.85009626908877,26.924963578226265,51611.18497237422
187.40887864762377,31.412185856255885,48424.656398951236
162.06327164295152,35.68272450750917,55802.553759521994
156.4063999287079,33.695437967130005,50914.495026346005
244.608576669018,40.978224428646314,58928.6820369814
177.77712859516615,59.05149331189164,76157.4449355887
181.51903425419275,37.93524495968116,58263.386756418106
142.24306936843564,29.853624932863788,58509.40890601686
181.20537441493875,25.924441685527032,50981.92995668021
172.253614789808,32.72322260490076,49361.20930386762
207.51352573930433,28.41825079779847,55713.509710805774
165.66153246523558,38.27284854382796,76371.7467803982
250.48742936647278,38.164151450489584,57260.2186316342
260.6996055413362,31.757822568325302,61170.75424333273
150.92568729136102,48.894685096486484,50752.27583235757
152.18875790719255,29.851868765320738,32500.94252138868
153.4636600601418,34.16398252471278,48924.2791450199
208.59836362829412,39.47413866122872,77279.91694919879
154.49906916675056,41.2443842563888,61135.34133376598
243.06420898721655,43.94303565080239,73808.37280938696
226.54118479063334,37.99947535295267,55826.66828842457
237.09533027594063,42.35638890551598,41187.85318679621
197.98181128062026,30.344242795804426,47137.93612295271
291.4578436540069,41.42657372245267,65250.29793547315
139.56755994438112,41.33310405109479,57669.67136483012
185.33430597396207,45.59020672327475,58366.03894964175
178.1119125554258,23.3209480544002,49911.74656108441
266.4180874834324,28.64971819079253,65150.5286217562
203.60428769186433,40.76198678557111,54288.5418923737
234.76161866788973,16.440448640830223,56322.12129584921
161.3155009188553,38.44404321651845,57764.245409079624
278.33910897616715,42.41863097451957,58858.74440253893
195.07204590483946,30.965373267146923,48990.11030711287
194.55351497040493,31.988669999216615,52804.86749379225
274.714206337637,27.481038569320674,72538.4059614869
183.38474650513555,31.349170161880178,64648.54252941218
184.9767394794759,31.552020486267697,63999.499723795256
204.5074314598063,30.22011107874135,49888.52764094491
155.42289092462246,29.83625275550852,43135.72247388375
177.84238807691784,33.10296650578125,64659.06434188733
164.1963849195032,33.01826979040715,62659.61861948125
151.50732140611865,48.118923299027394,58388.36099144253
245.78317193923274,32.240703998180926,54959.90339355913
205.03533503539,37.40905151334301,45958.620176514196
181.32588530750664,30.96181923466589,62553.3828384848
186.045533334463,30.8728295691098,65232.83296245629
188.26888222600792,23.069406235871643,48910.511897715696
210.2445324222408,24.00043626532235,48945.16369461551
259.8983271807558,26.551012042429,66829.05901485382
261.5791781408484,36.28587784332049,54356.714401227146
184.40226589804354,42.5332155869921,72075.7029930224
178.61223009032125,22.493348311731374,53145.17304123102
190.20465011699358,31.156462390558282,52833.61037294621
202.59279133559824,25.43176503454756,55513.156276647234
191.2871734128694,33.15006034106515,53248.12746619626
213.43340644090674,42.53038645595005,68087.10434932308
201.0788321612589,31.871823188744173,63495.2301022459
177.80731483823308,34.66738119460212,64868.964304692316
180.13444404061445,45.1865987747462,59615.82077392771
183.18346698695296,38.205306513555364,53347.74451798538
150.03183143798117,29.679357009282384,54380.336228582455
160.7554121121113,36.11240700085008,52399.69053721975
222.02294629259632,29.207156920183966,68217.43113771311
184.17497586887743,37.943374089152,65006.40979764217
166.73348785924728,38.60738107850931,55704.95876947328
202.00145988956706,25.42988209651083,47725.07365414459
226.7309639255194,36.22604592170042,70540.28381666781
171.4777240299169,34.17698719402856,56954.06506258604
238.32590338760875,38.81274178020478,58208.742066143415
260.1002094913531,40.819429357133934,73014.36388485969
205.97225865980585,38.342147228872236,53817.82815957309
214.7362362515886,32.877646526341735,54508.606861240456
141.62008514271437,41.533310146048,54035.87933213596
265.4112273539674,28.88856056582824,47134.79494313117
184.49660076196096,25.756346046413505,57277.841217019646
259.12033263317375,12.632993208074396,47174.70744480125
203.84567843053193,34.50901333783992,52468.73937733127
124.29726879487963,29.249174923545954,48000.108722287136
138.079627847756,37.784281332527456,50520.67787845876
216.2264777660118,21.20140824168943,47872.99011565328
202.0009672688003,30.4697501437035,58132.63242242655
134.48978183251097,38.291889341051395,53905.12310354694
224.94256031840402,27.791146975557137,56635.476860531824
243.01852583548958,37.86479724029003,78032.15181809351
194.83977897687362,31.100841834523717,54815.191700239724
191.68579682352512,34.770341831540016,61504.56165769603
124.94351759325932,39.16610604491799,60643.5478543705
231.5516814403702,41.66957916180719,59145.80812491488
178.74808121323164,35.64744687924425,58562.30578217582
248.40202610978383,29.301927935848788,57444.24379028712
182.6646281071852,31.793727963342448,57428.05666025679
202.2713497353529,39.458687541608704,53289.22767304165
172.828043814467,27.851224915621753,50859.78224336506
160.0281611946354,33.75353382351856,55536.89397786322
229.69336843692454,32.29881131146968,41643.59361583216
194.85784344738,34.27646751676725,68647.62085943404
199.11033157750705,27.93502229525436,72849.01569582618
272.4415954463781,22.036389534515216,57366.431202058906
271.71952745088043,38.6451983117175,65824.40844151349
243.69636772449562,41.74891996442054,68822.52151215394
163.50749978539022,22.454775297512903,43074.16625051293
205.60841333499417,37.58248312648352,65153.498287100854
248.2710665626634,42.582280403916236,57160.42981707688
182.79602414772216,39.17137732733626,75486.16587436205
151.14166057870295,32.08330874926754,53343.04800123397
235.56976899923984,28.395525411744696,63954.58514723003
193.32070298278717,35.56684655544993,55448.50433609944
202.19439310902243,36.734495411928165,75001.05105662456
280.1982007670985,35.67065257809129,55896.0509362582
207.12569253905482,33.73905758917704,66308.93596739246
187.62806092812843,27.421437931140698,60158.454286496526
182.37711412282243,37.95881803916196,60157.299382808975
186.91118387162612,38.295981460894666,58990.006440739846
153.9462180739365,36.405754878231704,50268.42813805563
232.86373753961186,35.7769555154988,37642.70509565486
240.30294987009344,46.75474641422274,69830.44035145882
174.26093401697906,30.62934850798623,51426.78599657897
176.1816797129673,43.97004568219659,67103.51765480154
247.46791712783985,29.86182871544714,60203.42669716534
133.62390534386546,42.762654010694995,65316.16707993855
197.3805353021578,43.63357285056381,65027.55812726577
191.47497382817988,32.94864157618682,36591.27883964084
217.50869051798836,46.626741378425834,65060.88639032628
160.4021072186946,38.28325120722263,53391.310279905265
214.65682843871792,28.859092912016028,65514.89085425706
183.00888415324985,32.38090383927554,60655.6530405939
208.49577347797174,42.92933614274656,63774.337447702645
138.50012485599174,41.46145291313655,53564.474039514236
191.27801165436603,27.593717190344965,47977.22182145975
197.57260928761727,34.02519881466652,53259.3516395794
166.70884326269461,36.424660879435585,41673.17498919905
157.12132985122855,31.446767876470737,50218.208111900814
163.6145925588632,51.504598063623035,46713.63103077224
179.98890766628946,36.635646203837275,45092.08351181483
150.40844520981207,34.56731466367865,56131.046831451924
265.9873951926953,43.33595730980663,65799.209919049
185.69194949806968,32.443505256128155,55770.14989815958
235.23096782449352,42.05199327432126,55901.607098160464
276.2976799336072,23.325873230919107,48865.61935821698
147.50896660248554,31.824421676281037,52156.843615272264
212.53950329350096,42.34349292864073,52421.8806249432
246.86002959011984,45.9913840441277,60850.78848905344
210.37739219320468,29.58693000895805,44052.16698565622
188.02417057689985,28.77124854646946,61020.23077005758
188.22539113792044,38.97212501259321,52799.29449736575
137.34399805296002,30.63876273557601,57218.105371758764
198.9051559094752,33.11995457571224,63685.505693646315
288.0921962326871,41.134835173160106,64473.592062153286
269.88716669497325,31.191284728701916,64811.14177779021
138.58153630586338,21.2420197392502,36410.6376268722
219.6215339764658,25.89240895075883,51743.67726248053
175.9834480862972,35.06968910004196,64996.298145452485
253.84419655989902,21.95603796068981,59647.24912229972
139.80631279453723,32.91987707891876,69390.11275646473
262.4739461195735,25.255324386292056,70263.9084919361
240.2586184757967,46.47957304805919,63563.85508347667
153.80635845869898,50.15599816335971,55698.4824812891
143.262421535935,27.59262028360552,46285.47589381497
239.7520150429868,36.797310760265425,55015.76087865464
159.37605678524048,28.277173876022033,51240.729201476075
198.93746213037252,32.834790785618424,51786.07640941895
256.9855498584076,47.62428529569064,54892.05116139836
202.53801035040965,31.733180165914604,59639.787873071786
184.9488952697247,32.99773776434021,69676.01257105268
189.6032272418875,28.40229512940612,62851.22096345401
143.97550483392163,43.02332564365405,53614.94456301671
273.8045992033088,12.157133082331814,61440.90973187482
176.84590294915603,31.900418749278654,58414.66529288343
163.72442290169386,34.67879734105179,55352.131274093765
174.42681728006454,30.372458691043597,54472.78949726974
272.029218098467,41.04481855411817,59565.868794364105
149.9700456575849,43.41419098779332,61719.357186524634
246.01828799867442,25.115723409843397,57296.287933349275
219.90163497958147,49.65440657639563,55091.70280947436
238.90352853341085,25.03718822952539,49766.65573978599
276.9936962221004,44.02041477173089,64640.609247105036
241.12484594627804,36.04879388974986,62121.469598681266
264.73920639097366,31.474092320203297,55827.36506819258
155.25488956385203,32.134431492269144,45932.98263055946
233.03371662595168,34.765410465377805,68109.2337474548
200.11525763170738,36.45892503304647,65604.82405218
199.875893352069,28.558919540399323,39809.22754851919
252.88649679761096,33.362420296251265,69153.56897991674
275.11650863487563,29.605290239506836,56473.09770915117
219.4906811234144,26.49465331048289,57335.22614146376
193.441692171846,29.27881808279472,64769.52859514847
190.74172214209364,26.950177571131924,68360.83357498536
183.91407665277012,32.05891561074637,63919.008143403735
181.5969370726233,38.02732433827891,58833.88961650315
184.40367758181108,35.84497247924573,45604.81925756773
149.1677641313634,48.820413436624555,41072.57732443215
146.87910016997822,19.52682890396058,59893.35457078288
230.47260807017113,38.28538676349932,69559.97570431471
189.70838984096827,35.044941669670465,50131.16056951945
260.9850204208674,40.70969239660377,58466.38018354503
207.7198469264555,40.01525643017286,53853.83583331473
137.13812053306305,33.84505774905376,49970.24702112619
159.61556760210078,36.208558993997286,64379.13916701675
165.7123843970603,29.79151550957061,56683.80813192209
276.9167397362709,39.29575985548118,59048.22721347393
167.2139524764004,21.847867635141093,74913.42846453615
196.87868625393492,40.43778507054522,46485.97080764744
262.56265793113386,34.83778589034723,63530.39031177161
277.6203741970355,31.590565735182377,50378.358399119825
169.20152736785474,33.37226760387291,54387.14367435015
140.79658199814025,33.885626357881335,55960.08744575717
159.08177191288192,44.081126323363506,63769.26944051698
144.0206223274334,57.63445564273958,56211.09500788203
164.42981525953422,43.53909576905268,54223.540691497765
202.66445117478418,31.042719498771707,54058.57492768328
256.15225851485957,39.408472769996955,51454.947814246654
199.1899146212429,39.71330416240239,62968.96808216988
209.37291059022039,28.52387494286946,58222.801684355305
165.2423832724545,26.174404919455228,57806.47042014944
233.82459905673218,34.55703349758248,57523.94048189764
208.3847416135424,40.65395321891005,56928.63985797087
245.3780700548968,23.71734212679,65224.51834375025
266.48276010538785,29.953714926419156,66156.44039025826
180.33338408568062,39.008561962932845,68352.95067656675
149.31541375033098,35.29206529289406,58250.40414327914
168.03660407807894,44.91391534419297,68368.49456753186
188.89194800664256,25.120427821465597,51416.385428193586
265.46643073856154,51.465154534146194,62055.45659245764
183.1568731132216,24.234052895012944,63999.43938056668
229.0505797915975,20.795853968202177,61510.67471476001
199.54537422333294,34.58761054351885,54578.19443407819
162.9086300634067,27.058787502277934,46038.04411501525
177.80907545271793,34.72871035168585,54543.36622335871
212.73084047099513,34.48391184731733,51856.84401979125
215.24069695473105,33.62958051524798,71034.48220830662
188.58781054088675,29.103122774622545,61568.819352126695
168.34252772401763,38.02859306805784,50274.448863770784
221.85316946989067,32.778640196629816,48912.11753321539
161.124112418869,42.725654095283346,50657.626903341705
262.70745963812846,33.73739423230185,54392.463225847394
163.54396161384997,28.247468039933874,53286.09967843385
152.17391407131325,23.186026137096302,62444.68027608881
194.96830737317293,33.7952339798614,48856.86443550989
197.2834442482074,26.115568000461643,73468.46716240174
196.07654936699925,25.550267021966555,47463.406298443406
188.77598310563008,38.69220116402891,46031.77646450357
289.3292477555797,22.556309571856257,70032.63868315492
193.7866404553833,44.88535364833039,69268.22668785737
192.92856082524474,36.11801469076878,55509.40621210478
187.31452062138516,34.69310158282527,59549.18021285215
144.75669515546053,27.756638416145897,57270.51219856249
205.45544764527978,40.35060607440057,59383.95126372279
168.26636759085892,34.97966546481823,45514.064939544594
210.79177843847538,30.197323500814385,36509.61006348861
141.2086551217533,36.398772876561125,48382.01230739402
279.7826990801422,23.220501811924336,71025.92996190311
192.01551748106715,23.55271007915603,69365.79383574394
252.384329891639,27.15869740289245,54759.73392882034
192.68422000560798,37.446690873268,49551.67264251739
143.37335790797604,34.97719174735708,57239.76718884478
237.51647794994267,42.34285485889027,63568.97531616544
212.10298471216595,28.560071034819963,60863.43246442926
230.7712831602653,39.02267488336939,38789.08329248023
187.94024006207607,34.20290613323303,81690.15186010176
210.83212968594756,28.3986836368135,65047.15229577592
243.81093454570987,37.69715369499043,57608.06864217154
209.98998458763964,34.53791699228337,51504.79561561193
180.31254460469316,30.596165640982207,63415.31803450902
213.9137054594737,35.29399361000864,61513.02587385626
215.11135518789877,34.093287298438256,58071.03313785352
270.58044352213113,33.92418352037748,62845.8976921964
182.46376976036305,32.1118479506244,54957.491997245605
187.63806522941286,25.865360227744535,58068.22427533421
235.7677668741606,35.52335791126411,64186.165574238315
195.82006158453825,29.380999383950098,58499.924101436605
223.94176655234162,27.857697926491525,58565.87727231537
191.07442834394158,33.315101091281754,67508.54496192673
166.84419213868978,40.13818580920525,43919.966229901824
225.19810421834882,36.299294553836866,51791.47408952005
155.88557503150133,31.282004541496878,55088.89875393746
164.84841749580073,31.000577594924998,49271.45549454524
209.47418391387583,39.45069283532138,55095.641380564404
225.50197863176402,18.222849613869318,64411.22290735696
251.909938611156,40.581554924396364,59031.12921808814
173.05934113694002,21.881889575487627,39153.17717105338
152.72869963216954,25.092144641739136,50445.556787440895
268.93208476767285,31.40013918115742,58909.410285054735
159.19412022790948,50.19086900051592,58307.607493662
164.73785330755604,46.741935520099865,62148.46564779277
174.95461388082532,39.94541429057995,60783.74313156181
198.34093318556023,37.49579664806815,56326.34250950595
249.27376842410183,21.96406122391268,45930.746245218936
227.48510952327018,36.097307140164894,54682.48585517504
219.9446434170971,31.155449370080202,51870.26174922733
161.94059152716915,29.283314664640947,52461.32687717813
181.23430877694685,36.083621629822616,62068.93850631289
192.9755737079775,31.70222993387311,59350.5780058214
158.2271005254471,41.08509682178195,63092.821454851306
173.1459796941723,21.44831662671133,50641.02416630038
176.62192137437657,35.52507995642188,68341.39402515945
155.30623044017113,28.846319435401696,59862.72123435904
200.61822920829664,32.132549197590144,57344.25257470467
219.51658056264804,37.13238493635469,62977.946844388316
145.39439697011952,27.17884496172953,48545.568456506786
193.2548048609155,36.14962497518725,40116.054992691716
230.84335063119946,33.51363256353515,52882.8282802311
225.60822109799858,30.37589194376178,62832.70660363447
236.27406487907643,31.70599259792356,58133.03206964902
189.92440917454283,33.918136761691514,55347.20630334262
237.2260685855294,29.625144412057516,50245.135973929144
169.68436350597122,35.04966132727928,40300.772866086954
181.52384176016102,33.05276364833747,67398.62960475514
162.09105721227692,30.721022240531276,53316.445039116734
191.86101760165965,46.12889563732089,55414.03300263962
184.4562337996685,37.90667945793135,51618.9531919263
169.70340335443817,32.32101437163932,65521.16595974794
226.16981900813164,36.02102301577296,65197.67475500019
177.15263448657237,27.812259042585442,47189.099246729376
173.0817360844985,31.942598752549916,64845.02416749015
155.84629486032557,32.759457846932264,53944.87677570727
188.98884998150317,26.27244263063082,50080.861215070116
176.1005854951138,37.711478335960926,54292.114320468616
182.31071244946577,31.46071108171022,49469.246647354215
169.16140758024414,32.51173332786817,44932.71375062539
227.88131002607588,31.018960986136513,63277.689189237244
260.7937952348049,55.713634134501696,62764.13122000833
194.99801662465595,30.36169394878191,60858.146370539456
211.45761114903598,20.519261322799206,56636.6606308983
245.99169688171332,23.80047620328815,60243.04841866561
294.9303684401273,40.31511835886804,45522.2582680316
207.87411875410424,44.35516884178191,52286.20964031878
250.80200293930164,30.227419660390026,62136.01543772743
255.20086043640902,43.95264768744825,51018.10795520739
232.32633209479025,40.19112999889781,62321.97848588666
191.1976716607843,33.67363908309738,45312.68474888521
147.58797918933408,33.176876013606254,55028.05995462079
130.4989721338072,36.266091584909574,67612.61082662967
192.8520924464366,41.14219075507549,64131.15849759975
194.62043441169538,37.78106195916516,42547.03911150203
185.91966881828785,30.26234188740913,62413.33581590238
202.61907288569472,33.78055067081583,71422.48967232561
200.83091693761213,48.86884418305347,82190.50286825784
240.10027029341398,36.758496581073345,62626.33086444475
152.39361162004553,41.085277988178305,45345.77450594921
167.95167624848895,38.77919491074463,59990.454613021866
232.57885597198373,36.91350420798392,71353.56936534162
242.1942702167982,35.76089230010548,57164.37777492314
289.3388429855975,41.28173437727486,70289.28064421994
247.17148383553035,40.03049564717478,53177.57301676243
250.82868921117102,36.84725434608084,62221.17453367289
177.2006431076959,30.143662321164783,35424.8402275706
185.37229603122074,37.698911638839306,49385.65075367601
172.59454265911478,34.53094444472342,55910.88738576949
207.01793067645804,32.84220862058447,53892.072222866445
263.3416527702975,53.75143182476248,53750.050941296955
180.03464611728572,24.226640846045207,50364.38512664868
201.3681548895928,41.70959001340238,61036.223569944195
175.4468856270223,28.961303390223186,54391.34978663223
161.2450437634041,35.91836842540377,56279.15944763125
164.4372635517615,52.98011263363129,64567.65516882435
142.84669954133602,28.26341703623156,51292.03423552008
266.6306392821692,29.932891416209152,68854.44903828291
185.48902324592433,34.8774038399388,48555.207042812595
239.6451724247869,29.06948129658047,72390.3812820943
216.34592191808946,41.18839445658211,67815.25021498928
164.03891016922483,31.258293947556936,52279.594228808746
161.97670775868664,39.57806748104536,54096.175436182224
235.74473488632674,25.695676077399515,57711.505077485366
172.24365404037505,22.35217948492042,58639.38850922482
256.362202554384,33.39710514732865,67318.14163637719
157.18331445594225,24.020445133736835,43050.8831967072
215.87200925625376,45.62788238935815,63349.323625988756
236.170902541547,24.291375566535017,38804.80207182253
169.07946718279644,27.736193186305115,53271.21687893571
173.4304411934795,37.89533919832227,68203.50542664126
272.0864681492447,30.895452349565957,47065.3622539187
172.23174623380885,24.371284210926774,41403.60654935507
188.11549175960528,49.279749120503716,61036.64503597734
188.36686167451154,27.988563377882983,66371.5511596508
171.0114583393128,33.62619534752415,58353.6283134653
229.83143337760495,33.53565235925779,42470.603875928864
229.2173155165209,39.972164063766044,45697.28483771221
183.15764292156007,38.236467224697414,57785.272673958425
239.82826554047915,29.21239273588296,47572.01812776796
166.5635038983938,32.719209477896854,56543.31652666929
124.04565736270698,33.41154296520729,55712.51771675698
202.95792289292274,40.242716487389934,54249.518064587755
288.59596049876325,26.821746595989794,72258.68207271461
138.10758745082327,49.12677389729048,61508.5178616712
165.9694781653311,29.68571628778389,64619.649871600974
197.2155923742145,34.93875422270385,64255.1211770206
235.39580951926848,26.880073922147307,55126.86826524271
149.0400573737047,25.91288691851568,52306.48014233911
184.75831047986722,28.879001136456633,52954.67516368772
225.47339120711518,28.206337476350214,61808.59658432697
182.5227207354703,32.10020083091619,50656.09457283892
163.65935159926295,28.147244798653816,68406.82336932996
164.47495544026614,39.868866949059466,50590.47568552131
186.17852294339735,29.519112732771376,57211.62538556324
193.07946391238664,28.74329154583659,53717.09282637997
244.91320135676486,32.24921795117912,54291.912694583116
211.36514856870994,41.949872150874064,76245.51577931677
217.54532712550738,36.504133215272795,54428.868870449915
280.671220600579,34.302173290787714,57189.863398838555
186.35177937604735,24.968686610219248,49339.89039085012
185.534558470038,27.001040780954035,55337.95110503718
258.9719536324094,26.051130419722632,55936.061200386706
170.24189743596034,44.147958565706425,48561.80718851558
222.972360861902,38.71394186192153,55237.18010044181
226.58628272093995,28.96865643753064,61441.392519871784
150.5767452643718,31.049398493220412,62891.21216290125
191.9368780250686,29.222968766338663,55800.97029535897
165.0862218506112,28.798971485335038,55226.27172092313
163.22976876580563,38.222107218513266,53351.02514889754
191.4903935393956,32.98724645450981,52297.20718969205
174.76534512889612,49.56817421008225,51306.21483417585
233.07831016676374,43.75251877161899,47744.56750691695
254.9556153880974,44.16636238326706,55640.88870802727
234.18012832079137,39.69949882463688,66529.25666774868
172.38113334390312,32.041386506449676,52127.994978314426
173.21828372367807,39.18453619170709,54019.32863808351
171.19191036035068,32.55817113829939,52649.81391728753
156.45699189538334,46.41193235509854,67219.1326509926
264.86899038680355,37.829955681349446,52592.92160344585
185.40929203259648,36.83652251022111,59046.260266682846
167.8964139408601,35.889508637006564,55477.99072969161
241.973249868367,47.181864991526005,61960.16380760823
185.1362931399351,24.9637476631425,56576.49896216652
137.12117579276486,47.868014793681084,57021.037993519574
160.20907732650628,33.696923347821034,61742.72809150377
210.9940309542191,25.156957169290443,55073.90917598781
230.95363746591033,29.734531878498608,70822.3094430909
166.31391857159974,23.44434916093492,54254.96108905065
257.4090049456987,39.57559721909948,46559.380039498
242.79769896538716,27.731949347574364,61839.73635456558
242.29767213691753,36.1806736634329,61903.26744707352
168.23187837126548,42.939519211160935,57484.15622734804
141.13771764576168,30.29588150003704,52199.32104401253
246.04280332557607,33.12327414882925,41232.79069522125
176.37651755641235,25.87643373058789,38989.242770054974
208.51996791960897,32.28150023734162,69911.49115786717
227.39747088474144,53.0181653769136,57372.17589286402
155.45897785140298,40.44553214877309,64012.584506921994
230.62572714066326,33.146887067744764,44820.258746524385
263.25372996867577,30.718183746727995,49711.810086243175
222.76732717166357,34.701566230404964,63159.5027328715
189.22658963737308,35.91035526535548,55975.18577394063
247.960129967374,32.06651204997969,62252.55387142836
198.13228949462638,38.710414370397906,57560.722499054165
225.13458458577765,28.325867569577138,54715.75671625563
237.21712436607373,28.291286275110124,51270.826949399874
225.80962894627208,37.591368199351436,48936.47165723824
174.60797571481893,26.819507725049213,65904.51027139879
153.85949448301383,40.103120770037776,68708.71873790832
169.41950882081204,34.90003571322146,47603.12327040931
195.51619080493168,22.204635468979504,45508.732929051366
195.76891640952965,35.766493878926624,54219.782611068804
204.26531407555171,23.20397362787704,57463.247079804336
184.7456567089625,39.85353406758963,55908.2216598365
231.5904592665804,33.258999695245826,61698.62753615081
256.3291442449851,47.95758951554774,61898.93629968169
170.33378986688294,42.49918991060825,56321.998952152426
223.9345667253085,27.57515245637723,75479.65971186211
215.906372904299,20.854820953110078,50301.06273679212
197.66265278098007,29.714291202460384,68992.98076718123
163.62150862354406,26.451189780187402,65902.88811816885
232.94256490497344,47.78016660813966,65162.782613964206
270.59512340459776,34.92779738503894,44042.2369520592
221.8432719201357,41.533931629282165,59462.48321125087
257.52889836490135,33.0047836121459,54382.12750524351
281.3642391692229,33.74232758203548,59654.60985944189
180.71476539945806,34.77161084243764,47780.00915684931
210.86745388054013,42.745775230147125,65063.756379331404
192.51773596789184,37.18137328972219,65037.95402280289
282.8642852823856,27.598663095663344,67166.8705278397
149.88632547100786,46.35759896660492,53890.94043568673
186.40313876680858,32.950291507095805,47666.636943829784
247.7203425586788,31.811359132863462,60693.77211341637
174.2261090679787,15.193462884256757,66695.69249878274
231.73530194917467,39.44079713812936,59694.94211082882
183.57800145442621,35.707088477633185,60173.412629377075
279.03166043740885,35.699479596213315,58081.897501426814
249.42644176908863,32.180227302224274,53998.837944148174
175.93998984978106,30.97347511907052,60715.68040689771
228.96086130372424,32.412937012186994,56572.759836982776
179.3186897636155,38.24212609789095,60085.711237883406
207.02542267443832,39.47382441123345,62232.140041528386
213.3988318434254,33.38277888137781,59903.98073008466
238.82741777170168,41.64256246021731,64408.22821687242
133.78969161505802,34.447180732877655,47784.63182517914
167.3805550494917,31.47041507313441,47955.30069180448
220.46205383922205,36.38890902435155,57681.40076761909
202.0968350044343,25.484295070542977,55001.80481398586
194.75498832389775,36.62902816355474,52955.1033385518
142.22926060918763,24.2047252613154,55370.622548482825
180.36780701171438,27.80591128011365,62281.03068622871
245.57207603405985,20.86916015298363,64624.977977083356
135.87229498996916,33.774181331299495,65887.07051006828
184.87285171868137,46.267435916163656,48035.17951507503
265.29346455277,34.180463372429955,49763.8649584236
141.21990892983445,39.50509765603189,53261.743145715875
225.86187413307658,51.46619728118672,62266.54410049049
171.49785181053193,37.82839093684067,54580.14375226126
245.87726867659623,29.643515687883845,52867.55202984832
225.325056531308,30.60701978084914,54461.182540795715
249.90095362234575,35.00460745756104,62614.1953642804
166.8938564242339,30.56973748317353,44464.92180410702
198.5465076787229,31.093391001305978,74920.34157589515
230.37793425143593,41.89677736481643,59820.04136817312
170.22285540056203,42.18309396540548,65587.30585825135
168.57784556789613,23.471752625659352,49316.778329620196
134.70262175762838,29.272813374698462,58537.921447991794
269.8171548011281,31.75196929160625,59367.95459622259
220.20006695491236,39.19362262315676,65484.90547693103
210.53998308777076,43.0015291195396,57464.365870986134
225.02083029522134,53.91377553991718,74544.23107305978
198.58116395142295,31.74028692602137,44366.5763420251
192.7428263990954,32.0898989996058,63780.08847362971
190.05332208325945,39.119990109464,58384.64212443227
211.14081419344404,30.224482967315986,48235.00835531143
165.20266311417643,34.01326696956638,71235.6092449627
250.41944879820858,32.09473323851518,72826.72721945515
235.70444861403757,16.648422546670748,37333.1412980689
180.4860548198942,35.86263261106082,57886.98017419225
203.80363914369232,33.72347328488047,62518.26701786962
157.3224967124274,43.89861735179829,60439.878550550915
275.3570213777192,35.03843285275448,71772.31537030516
253.82125402699882,26.216767651800794,67115.43450203145
258.5858628331151,33.193307889143334,60704.81901133683
178.88301687032634,20.362420098043604,71859.32003721209
161.1582839500919,26.5235751536025,61769.26603763649
166.41175237332806,39.448541777070986,53753.38500427144
149.21220323664375,33.268616920324355,50545.30287069067
154.21230246086446,41.45755767648646,66339.99744748393
145.6717626702141,21.231754243853665,46749.23325303943
285.05057190856525,33.30277021873373,56215.06746132176
146.22004503011672,31.671412511285503,52714.42023192879
156.09063380515653,41.69094007829244,59352.792406962675
238.40869313914968,39.70933937716636,57919.38480263655
203.98997531338216,39.49576505061808,47520.972965817615
229.61677623426544,45.78987026658871,69810.76029872545
209.9712695340399,32.42339023499404,53572.791219958366
249.1331595675896,44.345565847105036,77207.43308269781
210.89751355721717,27.690556943841848,58271.78966654949
197.55912456520684,27.433855751640145,65557.46840095946
220.5769761026322,40.26922600048837,63929.35621462756
189.83986578328222,24.46681483113839,65165.22701534074
180.16495316889961,39.0093593989327,61590.83137937295
191.87806816286837,35.709192356049286,58733.161516869455
161.23385488154187,42.50296910058411,65598.79028685037
233.16225008625068,34.58389224531577,77951.43504939468
171.8238442196651,35.39234262406869,53922.87285676799
159.07214277547342,38.56485495047434,62494.010014597385
170.29347985934885,30.36145314958155,55128.39813034764
241.10908841695846,30.05655584756845,61295.38094530491
178.7000059720114,38.321006078903935,57185.23247576589
216.96780825697522,34.79498533608554,40287.44862102084
243.8462422379413,32.14880257887004,56237.87095940148
146.93857486552776,34.420511302116324,63054.14145934404
228.1664141066995,46.16191655486831,54410.94598246843
176.5573266851681,31.898871152820753,62999.550959589
166.9743858059089,31.695862707025892,56761.270523216815
217.34575567986403,23.047890427362535,53477.43691492814
255.49307733870847,34.7035294329002,66113.03461159306
175.32046345190687,39.59818457868275,62390.6244207029
202.69424665642657,40.85338680976608,61645.12303235341
174.805687424083,35.75752321141373,64377.8200477971
201.06624166924797,41.690835011566186,60007.40606453696
208.8742088822781,40.11861281316169,45222.41524889138
207.49575759908276,42.79065160784584,55853.91168846982
209.07738607670092,41.89011858834293,44323.05711465484
156.463083058421,45.98984737275076,62454.631918995874
217.96432917397678,33.81214783403625,64539.44083492079
215.48679290258656,25.710593703469442,63073.9113178464
216.51128916962938,39.64603120579794,62496.5709206651
146.22258377564424,40.46387232525943,63660.13299608161
189.7846697569471,45.989967753667976,46115.36413612284
186.080780812561,43.96903249318794,57321.256523550976
148.61798056363565,48.618307191051954,45906.22672269091
167.63279412319974,39.33897786228573,53727.86587455854
189.2008095439542,36.6016741435704,69855.0802660896
224.86161143918167,25.30511815071977,64436.047103867284
169.27895069295272,37.15667574159856,61588.12633257147
238.85515578843183,31.132476501900776,55983.19069613606
200.12873463722718,36.4805700940273,49352.052056197695
227.4662851265303,35.38159230416759,59544.34083356587
192.37718361833018,38.30213512195095,66253.86353590811
195.1301053222233,34.31868503323042,59975.580539128336
208.61640076456223,41.54514133512809,45981.471541112965
260.2285850807581,15.937919809874593,54984.389498180935
194.36006573188104,36.32995502610491,41754.46691037925
198.26170601419577,43.41742845406793,65041.48410090085
206.51124837214132,48.0903395591935,54387.1340724755
224.0778847440224,40.123729368695436,49205.86920615542
145.7812876331271,46.79418115807777,63365.16128482002
196.8714207891067,36.182551970311195,61598.33311164274
193.30300519210823,35.02003803148944,58628.670292742514
258.52955575180135,38.70590950259426,77540.28516588353
194.536283520739,34.977640019762546,61884.418785818525
191.94593455999683,29.523497723878478,50507.259922670855
271.1887478269697,31.393318291076703,62667.14561737013
190.15765452556724,27.2149296574669,52886.50844457066
162.66636176862988,38.698639664056714,66429.03749472332
167.00825911614933,35.07974268750334,58106.42441112583
150.12728678124688,32.477997182693315,57915.219891530316
119.55928939871414,31.03321370213897,42171.361696423824
188.3108184091699,38.535394423397385,57747.44461761374
228.81409609556778,40.46313726427049,58808.40934419287
223.49459551041113,27.086402024463723,47859.9568226055
136.25219035016693,25.986207311570677,51768.66577398427
202.82399762762907,41.68156968934711,61940.042140460624
159.17499440298675,25.37406733057983,54004.12023057395
264.02827795938526,38.83240783675739,48956.056237483324
160.9266556989915,46.318364391278095,55268.12481336009
209.45165501587945,46.334643623751944,55960.66947924682
178.32863994407026,40.16510813442464,58710.69729106792
211.27957798892734,39.96166660725484,59127.344551670394
186.3918963205137,50.76335215137519,56168.97297418607
227.34851294466458,18.659230359743603,50636.84072759284
168.5703367829305,31.749650267435555,55889.82994219787
254.51581692496998,40.93944294353621,68123.54980511982
195.2364753309684,32.6389909451063,58601.44573214743
226.81397349066043,43.678448160249246,71291.43698545767
242.5550263571385,34.724521577828654,67488.13507728439
294.9281459570997,35.92220702236318,72567.9298854659
167.8121007106845,33.077277350278436,66499.78861236462
174.5115869714362,31.342423288343575,67973.21216150511
170.73307228264488,31.170230257966438,46096.6466919302
172.05128144257984,36.89816407785744,61527.786635757686
204.24242340266085,29.57804523923993,65787.65606208707
288.0733327489492,41.67243418443901,73196.93557412554
285.3885932421579,39.57258147221977,55127.81285320586
198.05854700229293,42.69591508678889,63715.33510447419
210.96650932043738,27.097529508049007,56318.295731124
244.546894944352,23.103664172494895,70426.41119928159
261.62316776542093,34.970699710577655,48050.81224209901
165.47998733995618,55.291604294916645,52995.337327345755
198.2492081975588,43.863461446661994,44210.82590090613
239.4120615994141,31.118875840453008,58607.164515883705
176.12374092968244,37.97158494101939,74798.41974299874
189.08654983669044,40.09310835210579,57226.334582261945
282.2303457884993,25.42128231486997,57982.92387830684
281.8788924176894,44.587381083242235,66970.1517605354
254.591912222638,33.82803111225341,57682.01924753716
233.47125172096008,34.36523408774498,60951.50237130227
172.70283244892693,35.16649261603699,59211.046236706374
177.82006662213223,43.01178097515526,50883.90454179045
200.29208252530316,29.713724892590143,55199.05014592347
201.7893648599185,23.051209966508836,60586.95243031641
195.79271576843195,37.26068705030031,64723.98004148071
210.6763152739548,20.694393396788097,64747.83179721917
186.01216546060908,32.89227483405122,58801.851803069716
225.78318583130306,43.30812002901173,62624.53100247026
179.01207223088872,39.053657324561165,62992.555047581714
178.74443373936228,42.296492460076934,52802.100885367196
155.2986698809617,39.342459556419804,51023.59922304423
163.64400357412956,51.87234142148385,57490.21476374059
242.70635725591376,30.882322606402294,47295.19442696903
189.729243020765,37.786921739058265,60424.490231235686
168.25512375526588,31.933156701511447,63765.573522055216
227.30289246807428,41.697608889404094,53797.6379508572
201.03245745669054,34.56897586764653,60430.67968951618
132.61754320305056,47.031914156108314,51204.20849998391
177.39313902783152,31.284288312186163,47417.01408999099
162.17354611736764,44.849885680018886,73717.95335376453
213.0688089761976,39.1519767138078,50324.19995933691
173.31014888478086,34.772772516391136,45791.9198372496
144.363687936962,38.79709636501947,57318.61508894242
142.1663563206899,36.828850712704345,57383.995340989946
204.16019335982244,37.49168276176267,62992.16633154612
132.82560333170426,33.551902488339266,70466.37611901943
242.37600156591446,30.08888044711506,51075.78401280953
159.3269817955064,32.65450216026228,50575.248567438226
207.04945788695818,23.21798515436244,67677.71521789304
189.57060669874153,40.89363832772838,65265.221951952655
189.38815346561012,26.35385219477164,61391.758105967274
145.7706318016996,33.4764706133501,50160.936707740526
234.18540750456822,39.536315290367234,68265.93387080176
251.53797946000836,40.87577701969938,66707.27292184132
128.2699227270097,22.57743644213933,54412.30417276211
162.37761057627506,34.35706347342445,50899.395391364145
254.06238998324702,38.21821289614176,60563.374944389885
200.53583427731007,35.364112764836285,70279.66696463949
158.59094009064492,44.40852470371481,48291.047659971315
165.3525710601928,29.247351700597783,48437.732255887786
213.58991912656847,20.656712088668623,49389.645983874216
222.26311954124563,40.67228211737965,55753.37905419246
206.2098764070298,31.240397162670586,56316.18494565261
267.9241278042056,22.690215816898014,63747.82450804684
194.59429207302207,33.890413266034685,60286.19389290588
175.83735951834677,43.61390583152191,58155.68244372407
192.85540005706537,26.157231675311113,57260.51117977023
181.41784202047415,51.35197167763087,64308.09156815774
167.86541876999007,29.134828838243365,41437.08267388695
140.019780660173,35.60907597888025,63558.64854211105
180.72966151926175,26.466073075066742,48171.90088550964
220.39189284819003,35.2912724408721,54229.827364845056
131.57976094962154,34.06376524768926,57205.58466196367
189.02414744640313,24.57354268368239,54041.74633148952
211.58306981035312,54.78078878265637,65486.130986013704
207.50391487996797,31.53263981686914,57677.76955615154
229.96572019443767,31.5387620988578,54938.1758436119
235.49428673279516,41.78325115547558,72069.78228324623
220.43279461605903,47.699784183439284,66179.1209862195
151.42607498470915,42.88505807603012,58910.8546210295
192.62911414324532,26.591739138813896,60662.50188071292
206.67687760489304,36.49736306646264,51900.52509772868
170.20837209908012,21.830392623305038,71113.88952523
139.14903848138079,41.3119355692565,47047.418503601686
167.77177177704107,23.553683030286766,54856.99240021325
190.59013326965777,29.377590734735342,53307.66870433275
186.55358007605105,34.977589471780824,53929.87953497472
162.13085006645505,38.11504592798708,52545.570746108446
237.9046323573932,33.17345763623277,51718.4392349835
259.6029610671583,45.633585737130176,71353.35161993599
165.1803359303228,40.06267707534595,46979.944100910616
260.6734342442184,39.51307327844946,68168.51969850744
131.34987799009664,26.394193686107354,58655.17599808504
259.4066002981337,46.895575282817816,59117.892699706186
267.509327956731,29.378543990050417,62119.89282947647
128.78753276604573,47.16279703090966,54810.788126384046
227.86057774848337,49.155365398479,52392.51925106042
274.41927549176455,38.58859572654642,51865.98524415622
254.5424673485066,42.224091683755944,65991.35661049033
274.6385162080141,13.419561658601918,58514.09109156057
200.62748964185397,33.634983091567356,58684.19353636112
147.01769705921228,42.71515947943678,53147.75206145972
242.5663059154175,41.47157187819859,58536.15372195218
207.91128460862262,26.46193663330086,52897.30998134934
208.01967005046583,32.94394572092489,42877.43563761231
186.87568463189157,17.245441463591973,53712.779682338194
203.0342834007996,37.89094988120927,61872.80074618295
159.07875084985073,21.816701191412236,54011.44396341995
224.40469448036248,42.913344899513,73783.14942745926
146.40874931811842,43.27907402502186,48299.93794100988
222.96744613010466,31.67943229915451,51774.65237944427
242.41151296345592,38.64893151317862,60433.09792799998
192.36827679218436,33.48030893157644,58390.683817176796
196.24969801785056,36.693358765104065,41991.39157670214
176.99598613672953,26.96918403729795,59595.02132298931
274.102326332543,39.357448362679364,62774.50287116814
223.44553220959352,23.511703388429083,38298.44152611691
182.28419235495844,22.190488863694327,53111.301189400845
161.8926982468231,34.146501783331054,49059.73713388408
167.31434306932678,33.521297042721045,51982.00767902432
191.49992351604863,36.90611211386225,46362.711369656434
264.48665139560705,30.453447568345698,61384.039800192026
223.59223699721187,48.199841660499125,74871.32146434422
166.8151098840243,36.1242349256561,58146.256811961895
244.46588876986507,36.630172449613575,41679.75484957904
183.1466024682748,36.38063714184932,58947.758386823225
242.93704470714218,42.02036908263655,58651.193944846804
169.78782686495495,39.03212190139125,47819.0788775324
208.4892740610235,38.09412529795795,60771.20718048914
259.87125616549844,40.151888734059135,67472.43958775612
171.52760797490495,22.22769754066966,48464.71593479564
217.8822061259886,22.49206644589956,41750.75857106979
283.3082395853187,34.46758878288989,43671.573984488256
158.66830514461307,33.61628282122668,50008.357871823435
148.92475543348883,39.05866890833746,54572.774960653296
215.41469646616005,35.14011831528454,53441.65341157214
179.5844688528917,39.073054541179474,51550.65700493873
145.65968561515336,26.280833113070997,58371.254105979475
192.65807607800178,34.924788007139135,60431.15083405489
226.4663622889583,25.612602834295508,57397.1402147163
174.33390056839593,37.70800554059981,63105.685963300304
179.15106958658635,21.852004703456757,48664.35119287285
241.7896816552899,37.438170689786155,50295.68949237125
197.3392927808418,24.717004333720215,50698.96676105838
241.23261138173763,32.31530544744743,53065.08334723207
189.739913148392,41.264493840144745,41419.205828965205
267.86488755052926,36.591659920188924,55437.07175343284
212.4297378683922,23.480378433929893,63826.73507722818
153.5540424339857,30.293243087141832,61058.47737940892
249.7669632757539,24.490350321662387,60318.35128504964
194.09562610847615,23.136690502763646,55543.67477510778
157.40984609918257,35.82364223293782,67230.18221973517
158.9566985481191,38.92208840492072,47705.58351450054
217.16429039968804,38.08424144500982,50551.92029311301
140.37001562011218,39.21838770415825,64499.44788413657
174.4816450329264,34.916624043799274,56313.149176868
157.14487676562365,33.08626846875023,49829.91112480266
189.21218638494378,27.4885147105638,59616.55898291223
186.5945717039796,31.919442297746507,52448.25897107402
197.53247590464224,25.750561302716807,48386.36816627804
173.7796375316281,29.083841310111566,48131.36489796186
136.2205760044023,35.622488093066295,57424.910734955585
207.97782277903156,34.175357387213545,58754.24039513327
182.72616380153858,56.45309626526343,72449.43184851816
212.49752330551678,25.579430817464946,53114.85172346409
152.39521869408935,34.12430895417753,52743.18593547326
129.60313965585982,25.03387522157393,64761.53707068434
170.50312499162587,32.28549886821035,63389.95279516419
190.75614073527697,32.570347725193706,57372.180264565875
184.64758586288514,40.914160183631964,45066.59912486454
235.45733282397853,31.85233422547455,51005.0274026823
183.11250993572673,33.660762799606886,47730.948383485265
198.4543861315695,31.987774262694465,56639.7283202132
205.52038532059174,25.192637791599537,51110.87170983929
132.86487044651048,30.43528339744825,66867.01912834319
196.81244724067884,32.32644299441328,43790.74864612471
180.05207153267915,35.51678118384469,47104.152291022416
187.26718137083714,38.912631010573776,59244.089008112394
151.00313834415493,33.357824432022795,59208.62457568213
230.94016812679203,33.234766152130575,36978.152635660925
264.4359359430781,22.954307890590627,42186.66261765197
133.02302196961168,38.77814162079446,53049.55603963874
206.4379664144542,30.128714789949715,67068.05966379805
227.9862215798417,40.22986266760843,74273.94146599973
174.30223983008494,44.21507963497937,54390.807493338274
231.69714971976822,33.68459481314896,56439.448788308575
210.14743695824797,27.836821034638753,49154.910535217634
260.5590492593383,34.883109708395914,64154.761099917814
279.57613301377165,37.44091398613047,72695.82262469505
139.09543727313556,32.791359991272955,64609.29445580731
189.59544045716706,31.05173113434473,55655.261740130285
200.25959602657343,38.94472547488189,51090.801349883855
158.13152970229802,38.48304792285936,56150.95927012716
179.26587620034792,32.57597251770989,66886.05389193434
283.5299651710113,23.421536843175172,53436.57073862407
130.67921529812122,38.19464729765617,40467.814302664185
190.35089684030913,29.628709645910362,52759.77742678041
241.2181617583423,36.50038752759216,56572.35035496619
178.10857270375962,36.05810062175326,41851.87154599304
193.1186411038069,21.777368010701345,56061.91437303071
278.04287308193625,35.56757179088101,63937.34715532776
192.61422500631875,38.60172767762119,72314.38277907645
155.85089198122725,39.460066907173406,45490.870970376985
141.41919485613363,35.821560257674186,60910.02766044087
265.3784450202084,21.15969769235287,63350.01688010131
172.3580773297649,43.93956743530646,61730.30680933345
195.64121210054967,37.87715867279806,49355.92017091806
149.33729520617408,26.57676469440666,45449.48870885354
187.4987397727976,29.485658718892086,56306.097869433586
260.82241971143094,36.61856946506165,60272.365173018836
195.46765735015504,39.75848935308779,53296.0281765995
274.8231839498939,31.584260005566087,69013.183005697
171.62706345493945,40.778677851653526,53792.712071317794
195.6918673539712,22.450632196298756,39243.8001848186
244.4598900625213,27.70278692234349,54979.76812942284
189.92557838444125,20.549451931105423,57745.05332946412
173.76451294506734,28.718163999912147,57725.88699660967
243.6638569003582,45.55654029180866,63774.26301165824
184.2501522093549,49.404615642097816,71054.72006675461
198.48489507311112,36.6421332776131,48354.585405244994
277.29613201405095,30.530995549120117,55076.46018550381
163.36772482277252,33.448520694043395,67824.84102855652
175.94784084889812,38.31337923583116,41002.35725645522
135.92620984785873,24.059134038526423,52840.71132445635
184.43510961206582,30.992505768131565,65547.4751203942
165.04076155945955,45.04425152115174,67146.2675823992
216.17617988636698,27.680029514701463,61264.69402240087
162.72149492428602,29.7568257051692,60325.589577040104
215.49489981564957,35.09235559187008,49234.03866812411
172.1145009194009,36.981995816532965,67350.55442439942
181.00665412428117,30.624971676603693,45942.82996554655
180.4214898860957,35.53875068276369,47288.65019188773
221.1321892886132,39.255576736176074,61783.66467476774
191.76203724440307,48.73016276634553,55400.47932158818
181.56910799459848,34.11628934395653,57848.037816585886
243.11058894755826,34.71091879261606,61884.72854482558
203.04658716208496,45.69216642185658,73502.51636700438
166.65133974540905,31.155838991913335,58661.95899342589
253.1598939800012,25.729528770664736,51565.41034246921
179.85232901788,36.75174282961274,62021.7902088611
138.19889722669004,42.53322517561541,49224.01121410764
194.65020606797083,37.5273299463978,64609.946702255394
154.8005532981844,34.32089039716928,55829.91617972219
169.43357349636582,24.861246388056127,57416.68034635755
225.47855855000887,34.591415283121385,43554.39063932552
155.82573446073593,43.63208448421436,38793.03684935369
234.88851995857124,26.36118042922545,44180.544796074166
262.77748057097347,33.2867697833771,72713.18034560958
207.04541391065453,32.28760687489147,47499.76234681967
220.24718097033391,30.116068005535784,62491.45749604157
220.69276170214277,36.735461031633044,52971.9879561869
287.43269088702635,38.103136688792056,59031.84631594176
179.75025597495608,38.02978833355406,56478.10214707567
160.33097251709356,28.162331654694125,67665.521445038
197.24257923983544,23.47811413966422,59306.928034926015
198.7585352926199,36.8367190557151,60401.87744706248
162.28965751213238,31.458566709621437,65478.9874740166
207.82561549492888,47.8681866578075,54882.66044469233
129.76103648824434,48.19156787210462,64800.131612689336
260.1452401574756,48.93482856077228,69940.58348927685
172.22931150214825,28.419223692757008,62013.818235977335
138.3562553489726,38.985583607194656,54153.76573719369
152.32715401449184,41.096667620760385,52761.61925193052
169.62917560361353,40.308479634810816,49878.90500893268
173.19487714960408,32.519214390642986,49174.702421656744
136.44907412216102,43.95415432075728,48661.398452421985
173.75104959189304,35.00332490456566,59016.64653598294
164.16381324737594,35.896742874548075,54066.255687285804
183.1861119834719,24.235165837559997,57890.74738449743
183.80311326174478,39.51335478701092,61165.733782490905
179.51735952046113,33.177118004993126,47477.82018644845
178.48686407051093,38.25345203470368,48109.59043667213
149.1638290798668,36.64579589863233,53636.94417053278
134.04663707062258,36.2665560366464,48660.44408593548
165.27189416735067,34.68000499273321,48688.33299867191
226.89747901794954,40.50619814262318,72756.25031576172
285.79374966793284,33.60775224180454,47338.04735607689
260.38226160239515,24.813618063829118,72645.54140822195
195.65756878244306,38.98268924461754,59938.26926907607
198.60400339699518,29.33696132561853,63716.34423091407
177.22300980035976,25.73016710122502,61506.64019498715
229.5422826972299,27.844296661001813,61327.1168337935
228.12550429394975,36.983326655498445,71731.49443689894
241.52112323676593,34.32436837833605,49630.726497314
252.09676957911483,20.071218792290068,53808.86239682468
188.54736203672655,32.314408398631315,49270.021159333395
228.44992994856023,43.184618574823354,46296.886840014624
234.79659582780585,31.840930303466347,52186.21309477853
176.634142802396,33.841664126006854,70957.97555969439
260.5812186689524,42.30094006129007,59635.09693267156
149.97973899127444,40.568424807431754,71952.56747057423
288.7817637048282,42.15225761356198,78859.42060533034
228.945036561608,15.592124729624079,77530.78247586559
149.7920762911434,47.13466126909478,72304.34292956389
213.1138853002726,39.454803047995505,77273.42129398583
136.85080423035578,52.23033489816905,59749.10366448104
228.95990857124588,29.523717784580015,58586.37359413409
233.5992120501033,22.655845760457627,57651.10260769438
206.5598007166519,35.05052919707624,57240.52796284417
243.93445092115735,33.07239369169987,59264.8012771735
150.59309955328797,39.57564788530375,61977.28000310477
173.40147138939318,42.52449841210449,53647.267752382526
186.57750828947127,34.38894098584352,45395.20901938267
139.12459577382478,33.31504367931092,57543.892365651656
189.92196078718882,38.65903873661289,51799.761764406874
172.29598480470145,33.20569934015251,51007.020689169694
184.52039515894808,32.62012529372249,54877.0525668187
187.6401041231839,42.259944570727,54952.514643220195
248.54012890989296,43.818444998325006,69770.98190864829
172.8279593860742,42.58776370704166,56026.42398011757
251.69471153806586,33.82239201092132,67796.51430372996
187.72499114803048,20.021477085727717,55406.66160022596
178.47597263875508,33.962557395250066,55353.268448931434
195.4780626059764,29.69413991126066,57070.31683089839
186.9232232884575,34.091924866925886,46039.53357206784
171.47242786229359,30.30236375097674,57900.6373981119
195.4956363232694,34.85482101174079,63607.47978314361
158.83446163948864,27.72507059537905,62330.50007670365
180.70365281696314,26.03497794297135,43887.22293228104
202.35141177392796,43.55884037799625,46662.351227778905
186.5030619214831,28.212396706426425,50967.150169245404
237.81572102754177,35.00232137679448,69401.40115980315
171.40354022247936,41.68160392621985,58912.17762374725
274.2353705854127,41.40012888360701,55155.8177686942
231.24314999867778,40.56393743440746,47756.61693323862
273.3230970857652,37.120065601510746,54673.85685860277
240.38019409687314,40.06802315975795,53619.150156116004
157.47611840509893,44.61161692824308,64510.20601879697
198.02482454217056,37.97515815796761,65620.37802628907
161.26829984160463,22.139583572300715,45171.198024378566
236.8198817957308,31.300267556949322,63437.85415566429
204.43955209431664,39.874590502054616,63357.99861158776
172.111769570762,30.61032846403417,45830.95128098373
260.6807098904047,46.34074297621051,61409.588185264125
153.44146002371627,34.55774120283498,58029.150170544075
202.13488047434907,35.596741399516056,58501.22641780636
221.73155540373432,42.87320939231215,45822.01478923891
143.04735662030998,33.72005071883495,55873.02375656507
206.02616581839513,36.2339392500973,62555.25870764761
236.41691020066378,41.293864387993786,72399.3211797949
144.90201440623485,24.694105689164196,48227.89605714317
196.50534142044592,33.00291286328715,52121.623407838335
171.59767125873432,40.80407306765384,55330.94978929976
213.96408282438537,35.459201038398156,59916.722798401475
153.98961158287557,45.27133668454236,57747.457692873104
262.8200244422395,23.96853649269157,61133.87525059063
251.91923102170173,23.169987624377068,46835.47312739428
163.30441757270088,40.387805616359024,59770.336587591366
178.04860670683067,41.06065050452942,51373.06857100235
204.8394201540408,33.64724995217717,55745.61195353742
221.3148610758559,37.80276080032007,72030.4217728563
189.36874805426484,40.21644884341985,46429.79609853874
159.44858832621034,29.302957559037775,52436.575469056464
151.65202118280126,30.052061374654905,44360.28966969101
297.7299336218938,36.32808325439046,62040.501612354485
190.63607810113513,41.32862271925604,66264.58987164058
247.09250725370762,26.83830151549411,57988.78416264858
193.38375856209973,33.61436657645486,55566.74572355376
258.70803640501254,33.29034357806893,69239.69805074685
148.80845679961865,37.92571373529935,58287.68641215115
153.25640987323536,34.93911140993816,61911.1712293426
260.6899865482593,31.178814913379984,63850.06393512077
266.04336985482036,43.73996046530184,38626.80324625143
177.23601457457303,31.22519762865426,54920.8791370385
181.00176857778695,32.95532545884983,47340.37644105757
190.34511938345508,23.859516548562635,47907.00737261278
186.76975004124432,30.004618862078733,67400.6440235556
163.80845324082168,38.61253253437335,53326.614867585864
252.75937586471434,37.24421369448402,74554.36977443789
171.0405711344298,39.19661893046033,45442.704726237695
219.54990436381837,38.856876001619696,49861.657167813406
144.8251290851723,49.613998254066075,63284.158989192394
138.13679496024085,29.76498820787163,51380.66791499668
212.79863061734164,23.66403379595648,57494.29267947043
179.5181079525134,27.646129027499335,54064.52616426974
213.01660080297637,30.07443714917886,55265.744468852776
149.92370634974813,28.179711443681622,51790.91823364655
266.8147066150133,35.65562593351398,60949.39225588708
225.68565207829903,43.768584338899146,65011.04779729171
247.8735042156731,45.7776135107894,74262.43468332992
156.66571589646614,38.53015951292623,54416.25474095508
177.75471842059588,49.98890550817811,55736.65745767297
182.2241019816504,32.50538860403507,51743.572796261804
199.18487889833656,23.572366705983015,66453.5298479384
175.50296376607753,42.37224647521719,62959.05401473789
143.4388317953281,22.12983925775656,37982.010879445625
182.2739164033512,29.71497884110137,39871.29994683921
171.17286265592705,38.64078562695958,49973.79085505599
183.87434202783692,34.28332963965853,58144.98823245065
164.65235111582933,33.66333065989946,55274.9854257925
171.9490973752694,26.734469770259956,58715.19636055207
209.48963261533308,34.92438327396664,55912.74868391411
184.08562732488394,42.02563742116455,68915.66599943473
180.10262435733654,35.13977541575213,62505.656801896504
198.82968663972275,29.188418842512576,56424.137028891244
229.21905254189238,26.267230775818685,65183.66519560524
183.20933394059756,29.33283791931095,42182.7999032627
204.8260963106286,37.74633626690051,57050.837006255744
272.75682935275614,37.40521583651797,61302.626521848026
197.5435863697757,29.39645029583032,60623.372217599244
255.49331264096682,19.524684046125593,41267.0981825839
232.6876744471797,37.940089345705154,56744.935903174504
143.018602590158,28.716048207173245,57310.61545731012
188.03130445282878,39.82343735310698,61305.3498844789
218.6063407678104,29.70723250510575,65983.22812391333
282.91765816295873,28.08469682431134,64037.69931500481
190.94012357382215,36.07220335081709,56400.862570408724
149.7066277782834,51.50389461018458,63110.26437112888
201.92717744805435,40.24320993781601,56515.28870975562
155.19887379749747,35.953535094440966,56754.13977779886
226.1309912326927,37.51196075466678,64841.03566971357
196.02205457050349,22.742188969600818,54095.56426174745
222.06767583066198,27.143617404732105,58923.63746696026
246.43868670628382,17.423497944670025,61984.29410585022
209.73205694652495,47.10911726203636,65577.61095021435
207.74582757620047,45.69170220409024,69360.03533480498
226.58585754675264,37.74972968350437,77181.14125611822
241.18088603098968,35.94580572158943,64292.86345988631
246.3755759624682,24.138869982516937,52256.887583787706
137.49399243749156,33.46490027824516,58695.807128336855
201.27785920918984,47.54674314882725,63320.6540052885
166.9336446962964,35.91991198737,60904.32737330491
244.62126546740132,31.047474736516726,69555.00253751288
212.12971587086912,22.693505379974706,41341.074776496025
187.1642150714249,44.662140094115635,70469.85832476304
163.56880550337382,34.50941339280641,70447.99847174837
179.51882423102404,22.702863026460196,58620.15658334984
219.34616048881077,28.530140225499206,60995.05736645569
165.53927478593994,26.057233878493086,52380.337141097385
149.84688382184981,34.07779532001619,55157.04335475688
250.41281950621735,36.45137278728973,64711.50830772264
228.04209061388292,31.477480550050327,62246.60961405391
164.99412209383155,40.43932617540817,62437.92896040467
175.05221601458788,35.55161568330709,61236.737681088154
275.2343199123111,42.43618669690491,68867.01477833345
219.94833748903284,32.49964145343497,63441.43146655786
207.51791099102266,56.317279144078014,53492.054798596306
176.55374722429144,31.048578935682297,62139.887305146956
175.72489920890317,28.676690057708896,69907.90140136567
138.34637673891444,27.815896149329696,53635.21443236247
222.78252657051263,33.52341491411986,69464.27065769905
139.31069630649887,22.963247363939516,45860.663580436056
124.48333129256282,37.06193990679468,54375.4927868791
222.92673699282676,21.66287361304635,49699.96851396556
266.4928023701592,36.13169646840062,70662.60706564246
226.87549609119895,25.54123779132553,68918.49342996106
192.2837922414243,32.33094614833935,55423.147971455466
193.76231215033326,39.23178279392651,66970.13312522566
188.72356871904253,51.12826378713447,72854.12142754327
178.17856518516135,27.453996354531903,54628.36281535579
197.51509449446252,33.94777785401526,57743.21144508872
188.2327195410879,29.933689276571204,61503.42269544277
206.06260939165605,28.910907742074432,49217.15323705102
252.7000736554911,29.99518669021319,58460.566647643565
289.53132312232697,40.76846532945857,78946.04455812037
147.13024044145934,31.583608950387344,50646.795816877144
183.75736177995208,50.745188887895985,66155.41195871722
162.64385753850726,37.91185479126314,60356.565878786874
180.72119051317088,27.929925371781472,53737.40209450875
174.5697527426058,32.43306372498446,57435.07265843085
161.85798246160033,29.387071069720072,68777.49143011599
228.02160138716295,40.600480570627,63686.56376943717
194.82633786222914,23.52854240404323,60262.52873790601
257.8886355658033,25.613340336949328,69412.28776179247
136.38448550245351,30.85917716875601,51893.4295052045
144.7882981378621,39.78062755196828,47384.45008340287
185.52680611230574,43.631421923759405,72241.57748837575
147.42231462164153,44.6637953354099,57676.614349080846
172.0364380848417,38.70861063963271,63808.09829884753
282.484668372042,34.41977324549386,53624.424745739336
166.08253574022143,40.56238068619795,59844.91348199326
164.79225293643304,26.988495677978026,45672.032727244325
203.23817429767962,22.087399445886415,54998.92145619027
195.0049642402924,38.05646304380542,52237.81373354305
204.01263107353378,27.96025107995805,48683.00970899845
183.00900337829276,34.542852874841635,53896.67172354037
238.32100376378548,35.8373891111097,40193.67740148737
156.97117933686914,36.73683691424807,46487.405113315486
187.96207116640625,41.56454076967536,64071.87042023134
217.46013200781184,40.82452631804212,61659.03799865964
246.20847862917873,36.36500047017383,50359.87586541001
182.33858948488847,31.90589303671416,60200.66408829071
202.57153062938335,35.75433462073425,50217.10571354221
145.23321494248782,30.82652708327555,60252.74659712313
161.31262536615583,33.6249975459568,54499.02404437424
145.2328509908552,53.327213965062896,55143.87811640681
222.69711770113315,36.275327906184785,57349.90197855119
174.62849450920578,38.15171511926284,77138.60422754665
222.11191729547295,30.061635456787464,50606.63533216583
144.66777474047944,42.14051391500907,57908.843704635605
245.05957496493886,40.32190695864397,66132.21905700007
239.9021061144367,40.37146788258559,51985.89737925214
149.0196733060584,36.50423872727424,42685.787030177315
133.549584978026,42.239330670367394,50832.25993707978
142.47457016064013,43.90179637644313,62330.59517688463
243.3053671173565,36.98169243544507,56261.81664080087
169.01823262356484,34.19771348699774,53931.18964245121
200.40121516888786,41.26199693080333,65555.11153556455
187.75171583420104,28.671122854081794,48932.30787478816
232.99060182317783,29.974278035692713,56273.68258958237
194.05759442176105,34.62689759980569,44608.8841199724
195.2837742320775,22.810500520932983,57020.27311965692
284.5228875890189,40.79316691494397,63442.64624108797
158.60340923244374,28.259602787739237,60846.35973102786
239.0267148241187,31.6995628494877,48414.99331590263
141.42586369132496,33.5070428302416,53203.6618258298
192.8980251340921,35.27500775099385,46576.716448091014
250.03914265716807,32.59442706503871,56181.02910949748
214.25677102340094,34.52840266938756,69252.24866806855
216.8574299247388,34.5826065732671,54933.47313378522
172.09795774014697,31.870783296610117,44557.53812296616
187.00399307186797,29.587638796528644,50093.97248072044
182.0598463390824,42.570317470489215,44862.730789945526
197.48606385017476,20.26916008413308,43636.69361210677
191.32859320849366,33.55999388693362,61788.881998435856
178.39064341403997,31.717703696810492,44087.87567119306
176.34547986179925,37.93154040708541,59187.68441782372
170.77809022168697,24.81995042436694,54444.64513993092
181.91713732124077,31.50150261129477,51478.437183617665
158.57734117403115,34.28348186207171,57255.383240337665
247.00387251881966,42.490515272593214,52994.02974287253
206.52562835013043,37.32529476756797,64435.38516184218
156.27370240595556,26.715582523917966,48588.22060436585
218.00701846639356,31.58766296895538,53795.397115328175
242.16191252501073,41.202359468624834,55934.83412628832
169.33114524917733,26.594575938538526,60019.078516351066
158.6686243127166,34.4494901213934,59821.60451390721
126.9673646213544,34.93615683231607,33462.14243560709
140.33986196780984,32.29951858055465,56566.853469447175
227.743786486871,53.870262479592405,48311.87490153934
283.2253718859581,32.110879783867155,56364.04217085776
139.74698304894503,38.148356115574586,54465.72550145472
225.62015233542382,29.635892158465012,53869.98866713437
145.78365699455907,38.69423594399583,59647.54099731736
205.35982266967437,41.09551317796355,64199.97982738212
226.8112932353912,30.884251742777316,50817.17073583238
181.37508088095285,34.61708729347027,49800.30098773761
128.227929447803,28.733041610763888,53396.622003265686
205.7151028672903,26.98917331565076,43202.22392040297
286.133927519121,42.25756802750145,58275.500105613995
171.49836023134105,31.121993378814466,66121.99349869619
163.740185437067,18.104713700443508,40914.064656909904
154.79869862250914,47.35749309545536,54609.93942669369
201.17395795138424,29.385332738561758,51173.157189293925
205.86145519475883,33.27538869376379,72892.2629897715
232.4594017220904,46.486345538460206,56503.2984187596
226.36229966047551,34.007805340686524,53859.597940455635
251.42234284879635,33.85664378458696,50266.19727890415
234.691259816139,26.402788688146266,56271.07816841836
170.39234215524652,23.556164102607035,56175.12641382605
201.24306510969325,33.8352961478271,49722.55992472617
175.5564896180593,37.539668418524265,64500.11481475777
178.66113557865498,37.13867785747541,58803.74703421447
261.3412150771745,31.631172436715488,65081.72318904831
216.42030195838785,35.141804595428596,54980.315739185964
276.37809226574376,22.13953003270423,58064.3557212296
186.84258445132122,38.22116914486835,55436.57006478564
199.213736604899,36.129840913390325,68859.01300722624
193.87297526720454,48.81562625928,60394.14380138699
152.16976664965304,35.05235752500333,55403.94065161995
169.23923137735864,28.401314534977445,51140.68064983887
198.15155611829127,34.64493806137827,52737.239344706606
144.8703850687146,32.70540139988914,56639.82069321943
261.20443282568493,38.04295508139278,66493.68818002993
154.78615896231213,35.1882444320763,49970.18841298736
164.77572632038704,26.180373092631495,55326.5242090861
228.21179816775225,23.549796982641865,56847.697444047124
150.42990176905994,36.84035741843111,58408.799478596535
253.20370813359665,44.68180178748467,47653.62668379574
222.38810218186183,35.55543518836203,50509.24415610211
145.12703079971354,40.69308147744145,44978.90992793669
217.7379885112997,42.089664079425205,59427.594206984315
210.05870128846337,36.86754292056268,50536.56122646759
227.00269554955207,29.298559584970143,52680.92305409341
238.57707952780018,36.36715659531895,49122.12581995461
221.35509150162665,43.44951021320337,56391.87801160207
204.67126059865546,38.7092338471994,48929.83887856429
177.9727775316929,40.23771739980059,63224.48586344145
218.46552639395557,31.76217630815722,60772.76432494382
269.26070915736534,33.58352368178163,60244.55765435452
204.82636026931658,34.16890882369743,54583.15779128754
214.14554939210325,34.64063398224243,41116.64346499626
188.82145803576853,43.17570821208651,54486.84717237431
226.8181237050997,18.569783901632828,48120.31119267853
292.84290112939914,35.213768132072865,62290.29575761837
160.00149435981183,34.44352537013602,60468.67288067683
165.30662964230558,25.399492009890956,56795.765718726434
199.4318797046996,39.70237051611225,68022.22485377343
193.2807595785372,29.92849865638553,51238.08907827071
203.00346639063613,32.50077145452788,51719.56221507385
140.7860189231646,47.9414733542783,65052.51500608043
185.62303982452,42.06981554677339,59138.858202954005
204.30361885086623,39.021408574015815,55996.22505999192
204.55788180607567,37.66543854251083,72476.9314847112
213.25355223661018,33.8472398428826,61839.8885089607
221.61597099471408,48.99564085759071,59333.86313169058
211.2778301965355,40.615173420081675,53093.52720407245
232.13056426013247,29.75315060224323,67518.71701048638
209.22414163266552,25.199284052476422,56928.27474275445
199.22137264934105,38.96786601392488,57959.36711281713
207.0057721058792,34.60891609085089,62574.456816774895
151.15638044786317,24.997432831376827,60819.22432211129
173.11792724276725,38.00010315998107,60977.458969994426
198.12605427908744,33.11680987781936,63633.10747645861
247.18711568396864,38.71465447869229,63180.75864651084
216.0474668403885,38.092181502066346,62668.843987387554
149.28489951513723,30.742151849193124,48736.236210938405
205.3763132812884,39.429913350969436,72580.80128996323
167.56102510301895,31.514664421555707,45411.216204327895
223.57358868140122,31.969826887733202,59622.62984279346
238.4419064711397,31.274100153650355,46762.91959837689
205.5134916830758,42.9168209946439,58034.95582385916
205.27050570254028,33.035993283619476,52210.96594476961
179.4789624495916,44.60710226394976,59092.083402968405
189.72602512243589,47.48439409130802,61743.08679715231
245.37234628674764,29.82896604201886,49668.53376108115
222.05203317621914,14.553032797121467,52996.214881868415
197.3052599541764,42.31156680289891,69497.68846676472
182.2136816180004,32.60619671847901,45443.17436762314
141.10037349770212,28.93669510807606,47250.54833424213
157.6045850845923,30.87897325692922,61752.70495131923
164.17401202144464,32.09630325043779,55889.81738165267
182.69485352279082,44.08035163485618,59262.492823759676
264.97707165006034,36.1193786752226,67749.22598071874
195.7559044890221,43.98519041075695,52257.81111859325
169.03337623310327,38.45954083494947,52346.26419492565
151.91694910489454,32.83538493234661,49847.11656987221
179.45257715376982,32.2674995775352,53004.86157881237
236.38746001534923,38.93126125524721,69919.0386429033
183.63079334847538,40.74297940532896,43873.02486738505
229.31922114359662,41.97754879990609,50072.5083090312
234.17752113256643,33.1692304203698,46842.02361937168
152.74426742648896,36.22644099483131,66746.93279671218
207.2970775416663,39.08828286478729,53187.68732639429
270.0291733785935,32.31224481844197,56111.85958965064
185.41794261265005,27.055419763380634,42099.48684568018
141.23498302280908,29.356102533085135,52047.02035354877
258.96010572702477,33.3127519021641,65558.8475213783
249.45607398837845,39.635449974542105,61910.960127595754
197.56087749648418,43.812842469004714,57792.791193402794
200.84092841678302,25.507669538857655,42603.89982831874
166.40812862177583,30.818584902490123,52504.84634193092
237.03285453317926,32.49496252055724,58877.69183560341
195.06791169089934,40.56301922614651,49977.944596055764
136.76302355912512,31.3032262522805,59520.253133240316
216.56744306698968,31.991873655367698,64008.94664962573
267.0287714039562,25.116051959948432,52477.51882815019
238.7476103975745,38.38385121181281,64970.71030484999
173.53156072927152,33.87020647782412,54999.63301244724
141.79485640604688,30.421684755142824,63490.742274116004
263.80769445501494,33.18340742862532,75027.24348837169
262.82336000064345,42.88896851351884,52522.89895621885
198.6680722619697,27.9657916417611,61711.78514312191
211.37320021746757,29.108382582274828,66592.44850887165
191.36619924355657,43.76576713225935,50609.845790264386
187.1197424767676,35.530423796132006,52047.47840507336
154.10958121323907,39.68827867698342,51425.32722015061
150.39856531656824,37.81226337003981,54624.66025393723
168.79931388570475,34.75265813394236,53015.300798948956
240.10534907930185,32.5619061659601,56232.01114222466
158.0036656310342,40.82090615738673,63153.75943347291
168.1234658246553,43.13635597467808,42085.739894419705
200.4387863810192,42.58931842911268,50745.40392559511
166.80208643444996,26.701698564466213,59813.323641575655
160.37752722448997,44.1343771249103,61500.37145785321
202.0736228980529,32.494453220616485,48097.93433411415
182.20071405600828,29.714793237186157,59891.67214827132
209.3934765982973,33.814706122620684,67695.51452972348
256.0913365652578,40.817899046741125,60060.89820694162
158.72289314411088,38.78324928819644,48092.10135604073
256.39957763386786,33.212295117020126,65515.252490769315
253.72559762252237,40.863661068145824,74152.52027332649
238.73633483096546,35.97902406531605,51500.377908632145
210.01688349496686,30.98919974122438,56822.271743255245
208.667752671597,30.04375301929055,64990.407503452036
210.98938272433773,37.87164391095134,58913.38449123304
217.5577917856586,34.42237584929079,43510.485413723
130.78489356771007,25.371463926104546,56865.54595951897
269.66376817018744,40.93013045148652,53206.904118661994
204.6053387331562,31.638074799629056,46307.53821929093
230.72511157192082,46.14483753592156,46824.7888610573
183.06031121038305,25.179070103917024,64132.54675453655
128.9552281130563,33.73503982526992,47672.61920393132
196.23956982975983,30.100156208925405,58573.53114823107
195.97065327600004,28.172042357358627,60152.528989525934
188.80775553717552,31.592464982691364,57259.45432379036
179.58272858732337,47.39397326325887,60883.705277002446
170.6679137507532,36.00359119055653,59193.04249522325
198.14169373074247,29.458043728417998,56941.64817150617
182.87232584768503,22.199601127638164,47978.416576573894
274.3037775494879,22.950462175566194,49500.701174051734
161.6506319243631,31.244757991168854,54210.882520188825
177.70769579857802,30.56418411102938,54422.178347942405
175.21572183946,33.431645056358605,59292.30768024309
199.8554520212988,19.09471339694904,62629.383114485674
195.1391133126955,34.358228834674264,59455.87719434895
211.5496784670459,42.19410842602976,52439.080317792985
266.8645036525723,46.35988873154937,44922.56217788847
174.3438217653724,21.738876964580026,47638.541243857515
217.86148078300732,29.39025068532591,45647.080642676694
133.99083577834716,29.020362973178255,48045.48507048076
172.00069728781588,36.02004999267955,58133.68962600456
191.47942695877975,26.461592724864825,55741.97467408314
135.903410179092,46.77584274108676,71222.4174780203
208.3704270104783,35.30465730180018,61221.098934092195
215.95061547222082,34.137975974905515,72645.45518927435
225.42271430149464,46.14899613647944,66124.1472032938
196.9659091676573,34.887666631416565,65557.33492323538
206.74028116561064,37.80212384549082,54944.00353950634
184.83747535797758,29.744412086955656,46901.80776952586
138.80839773500475,25.406485544619315,49934.95442411913
150.94620663968746,30.727468579470383,54543.23857628724
212.95811637759758,50.30883087261377,55688.40278775079
290.1204442864897,39.43114663800869,53430.642385577994
130.49798297204592,36.92174385977735,58152.91464087754
201.43293445733187,28.165386268703603,47630.25907665119
226.0551030381472,41.37875560688692,47085.943277356884
238.32322335906954,25.49614707980346,47099.63504411492
200.06351832713528,24.030604852223334,52932.80344815894
208.64002476381108,31.087790139828478,48558.80444250979
218.39166585592616,48.68143638373013,58806.90076155404
244.3483948413681,48.285259626748285,66601.98012652835
154.54831653232,31.841341502246195,59516.57010020965
259.73787176757793,30.28060687261411,52578.413112209
134.31919875589082,23.51746571608154,42727.31445544161
240.02455945166176,35.54621507864059,53926.97689323106
146.74458568894093,36.134089263916835,60547.64043654908
164.36949072549913,40.52689377937838,63774.95472355937
123.70041891437229,41.37495259327615,57941.21833661738
189.62716481657026,33.61804657634757,65986.38326690756
179.08725734661513,38.892195123317094,70798.71351377924
160.74622585474017,30.095527925074247,50971.9191040254
190.20901645059274,38.7592977335248,69264.87393210136
185.44025399147029,31.44937545270809,53747.58400548935
228.57056823734604,38.21620961176856,66893.89032491998
251.55561458020043,37.649509276997556,65139.52519420018
212.65228594178961,35.48162537986545,41728.78139193761
154.87251472543238,40.56177802711548,48552.08748537984
175.3571801255841,24.007206500475203,44439.53270413306
256.3705351675827,27.545586472453422,42805.50049244071
148.98468336388456,33.10958228512876,61967.34050022563
185.87092497098973,24.897156286286737,71177.83230903995
264.4669370637324,32.151948398117064,56441.747275888774
267.0849566105391,32.377587934457146,65480.81999155944
186.28993785945624,44.16778650666686,70105.01674524265
214.53676616608516,35.997735916040234,59389.49145419009
190.77607102769934,42.20600703244715,57849.391676097395
226.42006690694848,37.11172303166803,56437.335389925676
136.08143499738895,31.25032910137554,58553.06068589564
157.7674842235125,35.93601765422559,62667.08749857955
207.95547667469532,40.105984337525214,62034.69833873137
168.77929155276345,43.353809285098066,60736.9298237874
214.364192605841,34.073829559458964,56894.58575283882
180.6385970552043,23.467425493029392,41495.48661697615
250.10748008455533,22.975384198046687,62928.04655580074
236.99949291392412,32.71511172918179,47476.46393351967
194.4666786721391,18.63468949196419,58578.911310275456
229.379720423968,47.56573126015781,66956.50733816023
172.9101841385302,39.17853261979813,47650.9104536409
194.61472920179264,30.550330933519287,51083.13805681077
164.71551713993819,27.23246684193843,71457.40626998407
244.72849070923633,42.19683367183277,59690.909514261264
237.6667413000282,27.20453991044296,46703.90494560538
253.64492172654292,27.872412654792633,63476.72984385911
248.12895323675005,29.638378419813158,51172.73816835747
270.2129879784243,35.798611902020276,44309.05770789212
168.30778122745588,39.34558207403179,60780.32400435479
261.30712502107303,43.34870563390964,53994.38311631669
202.96310846945823,42.31479909262691,61157.84989587968
187.3855783784449,35.00541596464319,50057.9898120938
201.7442660983823,42.14365381629434,64159.87406403007
179.8479321045733,30.30300270216548,56917.91896939124
174.6777913694068,22.253937898766235,33173.60000975658
169.74573918851578,30.302082498026444,58199.74971821559
147.82713561865933,29.356176400065987,52021.78884249472
194.85517198336493,30.57609049740576,67291.65050997736
250.35371513070658,28.284376895306778,60242.76162802398
209.8786220992238,31.772232956942016,62717.57522404266
197.43599508266453,39.34012049865505,52082.82942915649
187.98170008784336,47.006799718638,52515.87612025462
191.54844267566065,22.922574680186838,54185.588833621805
166.119838559965,25.98585761169479,51431.83745694618
237.64353973452643,29.459876188902825,67705.02167535241
164.824232180692,40.36019314205615,55425.78537551722
221.11423282829657,33.56536789918865,47623.206572758805
227.4002124827869,29.93123543827464,50185.721989026686
203.37766388111413,40.01713105393795,65858.99930588632
245.13528633090328,41.69473186439378,58882.791279964986
174.9268462235218,34.86868028403459,54333.77413046437
249.01288573073856,29.286465413656195,65774.20781925037
222.91468163651862,36.89195697064775,50905.65333213576
233.52102751732895,33.36712254083203,39910.51435361308
214.17558867792812,33.31290729350177,50311.87835930585
241.9112115214969,31.413198469787147,59535.917607962176
287.6894770736286,41.474882731254624,59935.79516194
187.15841318627722,36.749161584287556,44394.477807365896
236.07495337711646,42.249906173227416,68102.62088084461
225.1065524829843,44.35428301834688,61292.41530679023
190.38717611080313,38.21286538206648,60387.35708890184
259.94753483399506,31.454660195803935,61533.44345520718
184.68128258350328,42.2822836255385,47420.552403724745
202.31495263565756,38.25965291594848,60163.531198982746
151.94866855473603,53.223574437653475,65346.88153714138
168.01923374953788,37.17072021946281,65367.87777215783
240.85346928958035,39.88381627309859,65376.26211798764
184.88396199191655,37.03296723907222,60951.83897621272
184.64873907736887,34.30630985692317,42435.24673931506
170.2533112465287,33.188459152887035,55530.96784372942
194.33904666894256,37.05970691260997,49549.55331573547
234.69870193678895,38.648230262696984,69328.03253037998
252.01879562069456,43.08071529751098,69900.18592277315
145.43148408081078,37.16195390812635,47800.28762243995
203.37217408030403,31.759775772023396,56091.22917741124
191.83957821326538,32.712022023807116,58263.53605560706
207.96538388386608,25.739441399677734,62559.24287155253
189.82819818349884,46.62849690500617,45446.457552542546
185.08368377789424,31.21178470535406,38099.81357984841
192.30831250719297,41.77208322096535,58338.30692086045
204.1913410358482,36.93585600209774,37290.64739037187
195.3175817735271,37.126122815875846,58519.963807520355
192.33520605329426,34.17786487309364,61311.26887149005
236.75178584876448,29.485407779613286,66869.36221492468
225.26332819547926,28.220252196556174,51376.441922264086
179.73557730199803,47.09925772163456,59754.86544617482
233.82352004402497,35.797727551860724,63582.42938303565
243.30933667118387,42.87687422331356,51026.58375849334
159.06675214179296,44.694348563516755,64432.16724710461
204.26968536355614,32.1240714893055,58756.71257753802
174.352959594125,37.96454036149491,51775.65932601077
224.31792939877258,35.315075428439435,59052.84917447378
169.46861978531797,26.89950337888178,53443.94582909168
215.05308358062535,33.70164016867021,63488.23324198011
171.23404981825036,39.11254613167459,53813.718951654315
196.38878943338975,31.506795214923994,58004.30531821552
266.41840437739114,32.72609763239697,53751.38176749542
183.4389153469448,33.78643201230049,48695.00373224583
247.76224690659103,49.78070531917072,63706.04173775142
283.0678708733227,22.161657440268925,49099.1118504923
247.57600396537273,38.51150309319081,65939.16637410286
160.72950327502497,33.22662645923484,60078.35942371461
237.0690418076459,30.515415640482964,51113.344695500244
136.25228236117397,33.05487004990614,56214.04494243718
184.5743068725026,39.67163370683396,51164.765091266556
246.7205938289501,40.07166515814393,47052.002577118714
217.3259326766116,36.30211985704327,53111.590716493774
198.70330599836836,42.64918921519639,58072.000261027795
184.05817834281862,43.88183096570403,62248.079669203245
235.79751519206974,40.7146315936543,60796.248405506936
220.1370082622929,31.176652841969467,64124.5320044891
191.95455039086647,38.46109084449014,49533.45202926378
251.40942524649589,38.494404613969984,56664.269035906975
168.4885491874748,29.290579964474137,68090.06093720457
161.32204540733412,24.013927741620194,38425.33551793549
211.43347508660764,20.840570650378112,50790.75982798945
275.2007210937672,35.488988430785064,51194.64362493922
170.3912074564132,37.086278004068426,54755.988455144805
170.6511863683189,26.727528956433098,51085.50462561997
157.10339409770808,42.32222632785954,61466.20890659878
244.6644388644062,36.06552704507489,60868.11721210835
168.0895022818022,44.446168304407465,47025.99373333882
195.54809933217365,37.59375108988514,52646.089986961175
285.84230304493036,27.53566499684594,57869.92150556663
128.83099517074706,38.20796849303104,60837.417676721845
201.31076323943444,39.69077486410471,77453.8304588969
196.51022938377247,31.16663489879096,61746.928884725035
234.97342378663166,24.905349018830876,47752.09576515983
181.01253262876372,35.70207245014625,55711.76051110301
186.20674994281495,27.994087552786706,56660.4976210895
161.00178380843553,42.84621364142792,52743.18986295905
224.5566602457306,32.14976323701385,60981.50590767115
231.24105618737104,47.07220774545309,42714.01032892603
156.693720224478,20.130889327368152,57579.58091075655
184.58907046896962,35.943569229016035,52823.69065387735
251.5045744236069,45.005748480709244,60441.50976469247
122.58678424571329,28.76786978878892,65252.34415921904
175.68895403062083,33.88559345061075,45861.18706517328
201.15025837036268,32.17874999945169,58654.51810525566
179.06261441495678,30.21362650493402,61761.5035849821
173.00365154192494,36.71235848779997,57714.06374139598
191.107498736022,25.932048793006274,42042.2705377705
162.74691151757307,34.22321853068842,66372.89613647113
198.36619800219154,38.611959663792014,55968.47523266955
219.74442344633266,33.4943440202935,53139.86851482828
203.42607577467874,27.99857060009957,53211.776286935194
149.76366089844055,42.21129779021051,53264.54736029151
241.54671238566635,40.11179873131795,50167.435729427176
161.9145799089032,27.711689800873813,55806.53130129287
228.1339547033537,25.94124704484221,51140.21521496453
181.50109634531498,28.33652908804323,60510.21727329939
230.93075361140825,38.81691215841051,63104.78272653102
165.76597485296722,36.92901029273782,69126.92868564143
163.38994927249448,40.53057898712,54929.224097708924
194.90331871527013,32.716948473645694,49950.643827391505
136.48638790174817,28.52686033749925,42135.589444421195
167.96521381120186,41.43192541890149,74505.86930019407
222.14956042492946,31.125860405841852,62211.46017913455
240.24166320576805,36.30583639097785,53182.81514920669
147.51842821704645,24.150526126192382,67107.88836888771
249.11214780776038,31.011327029740407,68574.59735383575
233.31775199506103,42.06577424659059,49004.471863505154
246.50483324378695,29.986078033310996,51363.91416456473
218.62120090927442,40.7015267501605,57839.61789567808
215.4092283861618,18.682862126682643,45463.78014673806
197.877756606375,31.084258382497698,55378.24761121472
212.67994187948153,33.800517478853074,62884.387664417176
257.8532116749407,47.19778212339684,51184.012837873626
151.04288698587754,26.816559839898837,56394.455001039365
177.33613067712898,39.69695306812963,66387.68786023534
145.90213470639853,42.398522468741554,59387.796850750776
265.1850833103264,29.94957246929008,57337.24903213661
189.62803631966386,32.38533235859117,50796.35290410926
215.5640158229271,35.991401416683324,64405.186001270056
240.93221365680697,24.62960522965229,46518.70441308911
285.94174433863463,31.814277516970503,61039.36449683693
160.18784500165563,43.93278428662491,57241.62390422357
233.64713134741123,38.658583676050945,68037.35538754084
250.2788459816421,33.9027409736173,53823.14879794035
140.73782255628652,35.79150653285539,51055.33220029823
226.51414218827674,39.0663375587084,48914.15897549711
180.96121662868126,40.4068710353708,60810.35073952219
212.15459909984295,31.105100968346285,53208.56348164165
196.69703966010206,45.74304660295769,52100.930033677054
171.72265001173497,44.21443740843263,51458.09022713578
156.4837571989287,39.74080341247249,60515.63420379097
153.71899576902237,29.099280939078763,45649.428245771334
151.5138990338849,27.85843265260585,46107.612032331745
210.81406658757967,32.713773423823845,64067.41501304006
180.65588534298752,35.42535568351087,55070.83438795911
166.9756631679411,22.620556941086633,61420.64318434057
217.74306494782115,38.46285193481679,55500.17274444792
217.07362581320473,44.012235846939305,59544.88842026796
199.40246374865671,39.03531897881614,59034.13295308037
262.2067950336848,30.267630380370356,69034.66849247568
183.8264080027376,29.439176218196565,65858.68062843285
239.96293519061473,37.09896640921855,68128.27317763279
146.4326729002021,33.92687399263274,49937.45188240643
224.41356487494306,38.10128821979136,50655.80936066531
284.07220064632855,39.21204960823944,67225.38492855284
241.95946958960883,42.643233702262634,71332.01182659173
203.92418221034444,27.075135997493348,64823.82482347258
209.46703789571694,36.55133263494518,57760.69343685038
180.82885628490155,32.455674972270735,61691.39094418342
216.10420387735724,34.30955469245247,63377.540226880126
228.9921315251749,41.05086196868121,60591.86671418928
293.76280875297795,41.8118811113587,63821.76463241431
194.42768193001308,44.78910555268558,59493.80466274977
143.58523225969665,37.97913175257787,49148.4701874843
205.79299706525228,34.22988246470944,51555.85060115626
154.04361517379778,33.22985071384731,49506.92344356954
170.12152282416605,22.856714983237318,41094.52494544624
178.56706585053283,44.37814531429023,59067.354615448654
223.14569637514825,32.74671110350031,56982.7006704859
163.033942479384,38.54127942002037,62379.24981751509
160.71459394922346,39.75297568019703,66474.62160854912
139.76823997960716,26.282791436649024,64267.85441962376
247.2396834953696,28.53657525278256,68403.09750001777
217.9596387066652,45.829139349388456,53932.25443651806
138.46026099807773,37.03304860978481,43671.931352167994
135.06050917615067,30.935900349910387,61624.167077605016
201.5545204216681,34.115570922107196,67933.21504172393
174.07310323115865,42.60365833382987,69864.09059285319
205.89426508169205,41.54020135814013,62432.85890751877
188.57247960200317,24.737427664322496,38691.16649280747
258.9627470258204,46.43998690570325,64951.10228841278
174.60338647588014,41.763036216990756,61735.4944962767
216.0597372586796,33.93267325460889,67348.08463794414
141.96381698881063,26.657942898392957,65221.49287879149
268.8663739790689,42.37806048042648,68671.10268472062
279.4435896924442,38.334992502062335,56014.23672924239
224.30375737990965,24.79541135345564,47328.765415939306
191.63056646607433,33.37545347249136,60667.44626952608
167.36173509723426,56.88321059954742,53180.75194043712
235.83504719744045,35.11551230190095,70082.56535582007
223.91015819012767,29.806205839650403,43037.440765788255
167.5856513459912,27.940523622853515,59217.5237494413
190.22153152686798,47.40469288400594,61573.67307989634
191.38630231161727,40.93431642704382,56180.13411837631
238.258406867013,44.852073797420594,53285.4534532172
216.67670954634787,36.737296988645106,41465.90620958208
211.4785859587614,43.77813464732951,55006.70852254804
212.3085534358658,29.061757273164623,52058.99419709794
172.84128889272344,36.13813686640541,65140.0554249588
182.53842869200398,37.00937460480915,50492.78798099461
139.94429098490048,44.67712852312655,59874.47398292055
231.59844550329458,37.23190128098319,48284.93203227347
188.4143414462643,30.6214178078465,59611.49982308501
188.93116693528788,35.44851687244262,38795.72684135848
170.1856407164545,23.265107582778313,70721.75666375793
166.13743102712795,18.753218867108128,51987.07139168799
204.86099418921742,40.81938959075801,36006.29493856761
168.77937535624756,32.37679279585559,49722.53905964415
144.207790239162,33.17007890713813,47778.0859165701
228.54695846180184,40.816626755566304,54081.97084472487
182.98405569993378,44.779072695312195,55276.72516587965
183.33798142681025,38.74141568379308,51801.835722478856
188.249158670222,48.49650981152468,52598.13055391598
236.2691936504938,38.51882393840094,49831.347856300585
177.81881759200974,37.11549424505996,63174.1486924643
227.10607157809426,36.68272175753219,67939.95375503539
263.5638188543142,26.001531065064686,54816.472237677226
213.70206017817458,41.69199023948086,58768.571006847196
188.2848109818878,17.881737859892997,44356.21275143699
225.5786476896634,30.896229999069554,57537.69536859032
190.8919170718339,35.16051245397329,58551.567724797605
186.60168816748097,29.47166373610646,53744.2733285512
197.89817960514182,31.83770853849025,59469.224384721885
177.52289482515147,47.8756289635906,60968.690501599674
151.66844016525886,42.72816720047175,48047.39935769128
186.6428213184299,30.199206234352825,65180.845162988386
154.78817252183177,31.713034423193363,53247.63256485144
186.21641049464824,26.060972360137093,68257.55354224084
201.36057845793786,39.93495650204296,61404.69065729777
260.9925332695906,33.25180284712667,74445.93730382723
137.43544114085392,21.234734703738166,62320.558485968824
208.8255880566411,35.705485142670405,59273.735956892706
190.8755971326106,38.07285218521278,51482.323462437125
132.28366929325287,41.74198681222537,49909.24338095578
170.6380547782776,34.48651643796258,60148.9863609132
153.95966009581943,32.39130186049533,56131.96249483029
166.99419672459823,48.9038527634267,53454.44972103778
173.26295705756075,35.04610309269686,62736.67103606511
185.33826760855663,40.036932821185545,57730.546412286945
198.30292571079553,31.22322249636619,62903.734893554356
120.37840790570135,39.82936756145083,46990.835321325976
160.19944280530424,24.810597053171314,61970.41716765032
149.8439775253221,31.765527179969563,58767.83749561361
200.5556831579092,26.542080324017622,64903.72236751069
178.59467656264005,30.765186746913727,63313.94258218499
200.41493226051614,43.753290281617495,58089.18550230177
167.5707509413481,30.713718774874117,53823.724594160514
133.71347430296186,40.02779287831859,69616.50319516688
264.1170953223491,45.62085627439928,59724.70029025704
152.33672776571018,34.80695880477677,61289.84779849832
155.24335896924632,41.95636973539396,53462.35183036025
158.10399448758488,38.717601706970726,41226.342845750216
279.72273358887514,35.81505851408473,50199.573288757674
208.3693221357231,40.252209125218506,61634.69260878302
207.4903644986997,47.87956662994297,65543.60232892749
282.9088474744068,30.539117612440133,61913.49384038208
148.9313415153121,28.285593698767478,63380.207426262525
276.3365175899376,27.874598180412598,60832.850632267066
165.49811920705315,41.960995788155884,50742.588232322196
209.02005835472468,42.90557336189847,63722.54289963705
187.1506982478372,31.240741466662456,57203.590266705745
183.68827154563832,20.04790515392457,49078.10100623898
261.14261323003046,30.2767028205384,61686.69170627932
158.47826516608086,38.83497924464897,56789.46146659229
291.97725004965935,34.53293802712017,55242.82787419508
183.23350798097258,36.26243422728757,55221.56684289135
212.17686460500659,31.336589072070815,67957.43630106462
273.4525297509271,42.09862387296835,72559.07772565316
142.76979840470625,37.40234261228245,56845.078028783646
258.8430007147895,39.105244306546616,60580.25604308975
202.57894489578433,36.11345978118677,45851.45868089844
219.43049871288054,38.67057714527591,72240.42493543308
158.47221305917626,38.21000181726673,64345.95864792114
198.77346188399738,28.503477603049525,61681.34748452575
215.32628020079875,37.6114416676259,39900.88609055409
190.72599060267575,40.54055720362564,58059.51913749231
159.27084241394687,43.08599026336391,55845.31229893238
170.05137902695475,37.91275003798599,61909.638933068534
243.45325553329553,28.243246368879248,53267.66376696621
136.93529724807036,29.32077869298198,52161.36781424022
220.04133094254408,31.953963431229482,61986.49615393474
296.3401095452199,36.326247356955676,54576.29718441757
126.28824322005579,34.144347290846845,49719.688167981956
160.08939170179926,27.133875540583603,55890.45874789205
215.40809050277466,27.09195975979464,66543.71294663196
143.29894165046343,20.310347575653214,59378.209209930945
205.0883992626542,13.163675532923929,61302.94969492032
216.69719256952254,34.07752723931552,57891.038932193434
204.89844272875962,51.24161262599999,72459.95082024155
181.92991944756977,47.57745666653999,44726.303462853386
218.46668913791487,28.152380115139202,72328.27102231732
205.6109415195993,36.04932308173427,74626.2070614199
165.92697576052296,24.747943429648842,57759.282205869255
202.05336420850898,25.81523328399315,61874.15583234239
249.07537421218342,26.617691816587342,56325.81263783884
214.4643872633292,33.42150920890717,55491.1765893173
192.29921774828597,33.722782728516165,51597.90173607437
177.88959781425643,36.76891379564801,56148.7111570595
148.4671592077483,39.64251472792998,60333.07935035271
170.10655527878683,32.64183353623389,58911.6606381397
128.35658735442138,35.2534137946384,70417.83246080298
282.86247243177183,27.343312453168537,58536.59333139812
167.64580816604908,25.588520830199734,42379.17976359237
236.2401043082,24.50719357766183,68944.0669368754
161.09429489548052,39.544734607897595,46602.79691241002
174.18074548134766,32.634645063382294,51209.19940161572
186.97509093237426,21.902158160229177,56269.10314443132
178.15613543945176,34.55837733121473,59494.18761049337
233.4551568354583,26.258250677497415,44566.61747869552
269.51963320461334,46.6226517328108,56593.94210306463
247.66900403176558,30.948247948892217,45818.66205584999
159.07848889920697,39.770541900733846,61300.34221485182
229.97202939275203,42.622741191694914,69269.07736775921
158.2998784924365,28.31550083210071,44707.63598720192
256.3863450293804,35.53232982288296,67075.28379805034
197.10497350057187,38.87427530971703,65108.54295937301
179.27469441278512,35.80882320687075,51147.049518401174
159.54817221416107,37.527705315168724,40126.844503484215
128.66820370133055,25.692594245085925,44735.77179638452
170.4656980395687,38.87825353800167,51865.34793264445
256.547503980296,31.596850640791036,70439.45994000671
233.2757745814769,37.446158562988984,57788.861043752295
274.24480289739176,41.43992191886025,53310.059410798705
151.08342085249527,39.68165955262791,57178.029309930644
205.3651502214142,37.44103807842632,47326.30304249705
171.44894686861102,39.494898073291616,60886.07908299978
199.8151701042621,39.8188773772215,50135.10328231616
177.78259928352088,45.46850812968748,51423.31963931513
174.1670738166269,34.7616451037606,59058.27039622919
203.261397738339,36.14769895409672,71349.30127685216
162.9725471144892,41.524467662832784,74349.64874447227
192.02856987104266,31.567286731655408,47742.89687955259
212.43195411776622,25.6531276912541,50676.69343096313
155.44230900615295,38.4526112220794,60101.4209559748
260.9596386858012,33.55783420768839,68107.55507638602
195.81609721272955,26.547308117859426,37885.72075044126
237.04632069989995,38.50379350565886,59825.87713475553
212.8206633223133,45.01793110520474,55683.602146696714
220.19787389578585,23.591802175976397,39802.69508827749
221.0458073577009,42.15627496651537,48621.12559522767
247.62819212085512,17.24052738978023,49727.04495161379
207.88472088535178,32.1979935887294,57163.991070120996
173.63537359456456,47.88361138569806,66379.11163412579
150.8710299901827,32.70173166040993,57768.52885872513
207.0121707056515,35.62956877074694,64956.06986987984
144.65829847750996,40.34006340541489,56049.31961948028
169.74345650911204,22.984685401575433,48261.93237134195
143.45549340449804,35.504663605878285,53623.3394047774
200.4689568756773,35.449491503729156,62670.661363279454
159.99463039108866,48.03624681274118,65946.0389087939
207.50429596332094,26.349814183015237,54284.70216526013
232.23126291391696,32.329224784849146,50074.93460174911
237.45801912435215,28.50150946423469,59453.177255329036
176.73882410391678,27.759117374160343,58729.961473609466
200.4763421993099,42.89181908945205,68460.54768975283
202.03937674502293,35.18656051400573,51678.967772373915
192.41097881338214,31.111029625014353,50643.72562791564
212.97299876295767,31.37507869200225,62731.3261757761
166.21477878200326,31.05741046138223,51902.73204130765
278.65009464484683,31.683377758146143,55231.102749543024
150.62680963950282,26.14888258997515,63971.84172128784
238.76027646062155,33.1888932020436,46956.14446609259
205.5878602797717,32.48555315843499,73128.26048205151
170.13125615300612,29.695423055176605,50151.03632150952
225.26729641248204,36.08532379413482,65062.67055367946
148.20865659173688,36.67922636082711,54565.78156835941
229.61687449747117,31.103469499958045,59312.77973158488
205.11098841518358,33.99106094463622,54869.648109540976
152.73290389531914,50.110366088305994,64506.11494418829
147.27572685984495,49.843032810214964,54562.077893866976
226.02950508658682,27.62136866909185,51659.67251532817
175.114181282048,28.59886703388009,69514.80179319199
250.69552396432965,27.584177061056025,57150.291297555814
227.71669308770294,42.39937757980567,54249.48156329392
218.58905340189835,32.21029490297014,45118.52515334105
173.67494314784142,36.6777197051741,71294.62513287642
220.0526525625442,48.97877133296619,56362.5055394315
266.2557138458339,34.926746439826765,75794.1517136577
149.48989582098238,39.94374105230124,59162.02049991187
178.32152232013743,38.64294524510275,58033.95042546005
169.01477240656465,30.882478538128353,56578.345580096364
184.56938426673207,42.41413212219301,75555.95776421455
224.777829734796,29.0520943362987,38992.51815879689
192.5493931524884,44.37915850510923,60259.912194836914
202.90851793489094,30.88784324353616,54145.7776345107
177.18215437033814,31.654225956247338,53903.81686918887
157.3599301318422,27.380585234612457,55503.101796622796
172.47502175396664,28.530184124283473,52790.71093151145
244.48945519339622,32.01264974370025,59331.800632640734
206.56058909051757,17.980560094625716,53525.455388082904
183.12669793067045,33.36667361177082,45601.86333397684
232.07603779897335,31.444180339309383,60348.36908747033
144.26040606397203,40.53007769028282,61575.32107900118
171.10277583134885,37.960865168497776,52158.68446322486
168.50591483632792,30.046537982304923,70006.18799616533
282.0725290465765,31.790144684018653,69651.70047509047
219.66274132972308,33.35767373035372,64079.05644936136
208.38438540888703,45.401695881330944,66115.57044497646
124.58100685133434,29.243867236804906,53884.00604546701
163.0967462419417,29.96167534534542,64017.62859865861
210.53764363537476,27.099910938679944,68271.588288255
183.28940240722517,24.625723643946706,60977.82627304005
259.2225212352722,37.14902536537846,55067.59728214756
228.12054432838966,36.42032331751247,57990.77247351408
189.83900072520436,43.97933296984746,62938.352887365596
225.833625589088,42.28986305408851,66252.43233153998
276.75949551373344,51.779817001722655,63710.738314841794
191.20266046655505,34.48289062721233,52058.752051643656
211.39903216122406,33.17629305342655,69687.09214121416
257.7374272759696,25.898415584066484,48096.43328700951
170.5440956466261,39.87604717233428,49269.9703579046
250.08819562579882,35.82973969012437,48343.572472833956
150.53495078847914,39.558864135074785,48406.58510882702
212.13602459542773,27.0261304653312,65711.97489406477
230.9429647684251,37.4612293231869,68898.06941587228
208.0040901712651,36.43639732567759,56986.555399124925
194.7476570293556,35.973245279255806,60976.220398331636
208.33180657593422,30.21713864266633,56211.15446199082
158.81543851878413,43.32527253987379,47344.907549742245
166.85293090077138,49.35215305284608,75979.40744452628
172.78234072242458,27.227591815916693,65702.36676674863
206.0172054056469,40.04310785715071,61084.92441912476
189.29384650996923,14.855048940617277,45964.84997492513
170.09013079678033,39.68026964637721,54949.74723684558
249.27025462211523,21.908917684207715,49921.83707827767
182.7452500443551,31.325228564705192,56505.19465418138
189.7042909007264,25.808827367720248,57375.43069156742
186.14498535864095,33.49071953535423,53505.125547075964
162.79978527663292,40.871555888574804,45018.578499325864
223.2310561414834,21.99880715391084,71967.28884054742
189.94611973866674,32.48364217339053,58070.355760465645
130.69044265000775,31.406418618287603,57757.254752830864
271.8884526185616,46.06734078710312,59145.90291425753
236.3931521818231,38.022327054951994,46492.12882317461
222.0857100132203,26.759480207086042,55276.49391419273
246.3833745614935,31.7009393467872,55224.80834113545
254.76160136762005,45.89272966869872,67367.98034728559
179.37723001950465,40.00055721741817,64423.80973990654
207.5697699777324,28.572365763162047,62050.995226854146
207.31461544641923,33.13050623131838,64774.61684622816
172.5130424469545,33.35423596114296,70183.36718396317
167.58544758063567,31.234126509909363,58353.1989872378
153.23860842814616,23.028514905748175,62322.58414480235
213.50456510500283,30.25664799227022,60410.81706181064
230.63849081108404,44.72439514105762,45114.88379794877
227.5467559745832,32.331988590571775,56120.87685649018
177.3849221541733,34.27722458677356,49138.570759755676
165.6460770876061,35.98367952797502,57812.02199862155
190.4617297875464,50.52698976298488,53295.37659670666
200.24040691182432,35.06212339991873,61866.30097703502
257.84734089276793,42.65761747508458,68847.37801988819
247.57020377550785,30.812738795641625,67256.87639067977
257.065642608607,33.18420517648256,71484.6115203425
242.65683979397465,35.087869061772,45106.118749067224
272.1109922984233,29.581069407054308,48457.333870027534
191.65970250101998,33.5739755357793,79857.29965282892
140.39491294931753,41.216356550692886,63862.75654889891
148.0384707844927,29.397448072356816,56147.53702597433
184.28683771204183,35.00062321674547,56706.45425305986
171.50572882997147,39.96113486159153,56398.68238255069
161.26336044407094,29.228737658310788,39243.551996034
267.94309572354064,42.6678965483047,55253.93545217659
164.46569745390946,35.510184357979256,54945.4264811147
270.1331089673276,33.844142056624975,53415.5443104049
227.52946069921728,20.9429653593985,50084.053689271015
211.20341763260203,32.38471290590569,77309.61342062286
215.65177158684804,37.60114691301712,56095.52961295828
178.81882785580814,47.21741513161727,60668.32289435075
211.88381394862733,38.97522407878129,60198.50940734433
163.39367878994625,42.88351362244844,61722.57103919529
263.01366872059504,26.53626798464643,53161.13906983391
175.98623073570377,34.11224253042932,65979.13496918188
171.24062407672176,43.54522509630205,61005.20906990597
220.35789460557748,28.78586514720054,46045.87764843985
213.1415740917057,41.75655840281172,58040.0265927905
190.2298959042991,40.133225052202334,56257.35265860993
210.15858034185828,36.923065539148745,56014.37539293191
159.88118030477835,32.699081624048176,59302.34218271979
215.30224106003118,28.095933917992955,61126.919050652185
172.85580278633,47.4276550587232,62331.37005196063
173.08498885711646,39.423037624068215,59534.858892496035
160.24086574025654,37.384312872728145,56675.596321079975
178.90295622853517,32.11005176258424,38534.927152079144
178.7980054235515,35.26510140712985,62528.470824159485
190.5183627131099,36.15302088979023,60794.64710790751
163.85452453390542,37.79912979313501,48315.468226679586
164.17185479048302,40.14038201930354,58834.57919528075
199.68339635795326,29.522699319014357,61078.7007183172
155.5464343155876,24.73382124159097,63217.2342229291
217.34516526805476,35.58996595891448,61817.71857861581
264.91551459608706,22.769478638726667,58604.80260519383
187.80566793170766,32.734373035044534,63721.87933217816
253.39820472115758,31.43567118921766,55513.42248199944
150.667372619349,38.442237345411684,59088.01665520301
139.2544037442886,48.878179248404166,51837.5961537124
221.77762820141493,21.387865632675073,63625.72377327566
227.55715178620918,50.9192952122288,48709.36087540257
241.29360317314558,33.36847388616682,64585.4966895848
142.59396441103615,37.43466077520806,55479.628381103284
230.00627833049595,25.096174896633983,63495.37643411635
182.9905583818679,41.97810099158424,51437.24117713006
176.1369560189994,35.29030775446207,56935.79601537501
161.66310321917712,34.56972812168199,56073.690243444595
290.64617629263273,21.438304195679322,59702.029621076144
144.0920195123431,35.51657769693199,46737.15980133413
238.36475035169946,40.92079826671602,64843.79656771285
211.02414823881696,33.34604955161768,42269.66867918066
223.72658756808244,43.219395419509056,54326.59139702346
220.43435385471093,42.93026620323954,46961.46543420825
244.24357698172423,30.512332320814064,64078.196385575706
163.03193210556202,46.165797011581745,60727.54530406364
120.08334355644773,35.31706475027558,57889.300395002545
206.1047691274478,35.34821675551481,69070.95122345083
180.88130171774213,35.69286855821912,53928.63917355653
154.77756133539432,35.485210256587884,60368.999758289676
163.32487124717963,16.58906650339044,53237.58592818894
178.84446477529238,33.70145521267195,55337.44228230994
145.45558878239567,25.45237469836282,64155.19680429168
142.61547007842935,46.38434991550974,73270.16077469909
257.05744018017174,46.102580942048405,58399.27813975481
176.9852698360086,40.963568327189115,63919.7049259924
280.2461678786096,33.33072793862778,61893.74407857943
272.0267896539489,27.94389544377411,60250.38754759902
157.54262342213804,30.396932991070766,56766.23439966813
220.87818057956676,48.59849334498223,58069.722857258595
206.37134714859152,30.154618294360276,27543.204712785075
217.57797457832748,18.510832519297555,66306.02404409532
150.30144199831113,42.21115855939775,50786.537298517644
163.62519862239537,45.503521795325256,55513.065632173726
146.72485707059352,46.61450981016566,55077.16408916763
206.76259949230075,42.2684360297453,52469.10456395714
282.84016391820836,43.410637740643466,64200.19303032254
215.12821697977822,35.370538518374794,57254.70140169586
220.30259294733344,20.465930635558358,48776.40975545747
281.6012911401493,35.195167290500095,61105.420684109224
215.91155685596647,39.351009406935916,58231.9641612384
138.52332109209993,34.053109604036244,62139.85840616921
245.95782197959528,33.734147168822695,47574.1150625289
181.8828346797908,28.251173726871745,48695.28899334039
124.09282683019637,27.98782879709582,59275.46967897043
195.97530360167167,47.867039603362485,54262.81407119642
262.80926754207104,48.120424589161,55419.2754397302
171.46802266165867,34.98147008127727,51275.875976565694
194.32895041800884,36.970665235650486,56376.640837984465
161.7601802860889,28.13399360074087,53773.52838848718
142.7902852183218,39.49802394957618,53960.26661650142
147.47298296287192,47.3175442012994,48749.53820225397
222.5736446351203,24.295384540387147,61592.78370299398
245.36553631175275,38.24718309791675,69994.29869129557
157.64593851471471,38.77315569851528,40829.00102817576
174.65435602178638,38.6932456042248,44329.61895401048
164.41829533499927,46.49972367493928,65668.26109838192
134.59602944373495,49.252127485198066,69187.51152617022
200.9714833127253,33.36561425489136,39672.10521480783
218.8229765033402,39.71221570509451,65213.43725436214
212.06473676752967,35.58963594008242,70650.34586887603
184.07612799236455,30.57519294942213,48728.865004086576
201.14669960411197,36.8956990981671,70058.79071832841
149.937378557029,39.700496699501734,54528.63415549522
159.17780901319827,36.5185007979189,58330.031670044424
261.2987060343393,28.83173153359718,51779.827626081686
227.63087773176278,31.75507552101026,65236.6639214571
258.8095951017798,31.808648058777397,64908.000265750925
257.22499617306977,29.10289231548507,71283.66621031449
212.25412757107023,37.194777071239685,69419.60391033822
260.30265389907214,37.92678467405155,59799.24235077639
186.82236132385026,41.85662320621037,82686.78210588207
123.45690995179459,28.996643562875583,64386.17720103581
143.85856277968668,30.957649196398446,58777.65120079686
152.52857129135225,45.88198616351866,49021.078616302206
150.156145158103,33.848528951489556,42842.30279280704
180.68271082140603,35.21091720476144,44801.7811144511
219.00559849052217,33.77427395023045,49927.43118465671
232.19622276706752,42.93121573105151,70986.8873786701
205.13738093752607,43.202660765005206,62759.19198556577
158.08847352320862,42.79245670412193,51858.00869171497
225.59515595859318,35.18597327950283,56850.83304237067
180.96828214405065,28.89294815757699,53166.73597073073
129.23929396808242,48.47649154431478,62665.472905426264
173.87623586456886,40.994162838688624,50097.52862732373
178.73729657744445,31.803387130253274,58481.942526597304
173.22967877846634,44.966731928610876,60190.25873528427
235.72456584354626,31.250737593186336,50575.62247022115
227.39134825081948,44.874923822320596,72908.21766429309
218.2340082177291,45.34799212569144,57531.904434030635
157.03235629047967,28.549620598232607,46541.21319728979
235.03872428246157,39.072308121146726,66006.54529172713
215.80251855385808,40.4753349277293,59170.643833952054
164.39497533962822,53.30436439710432,62030.39617182896
212.0917677858444,29.803892176563,46843.721777093626
193.50077763871155,45.0278029389568,65212.24489718658
189.0411218440034,35.121422126234876,74018.81995569667
152.95369176695448,26.310450714936014,43921.61073062627
197.1504102952269,34.16008981115999,59568.34616990822
150.9428022656112,35.01725332769795,49003.12478212743
160.51640267364067,27.587768648192977,75945.13785798028
156.0912580671656,37.185215331960705,65721.3468678662
268.2544146120656,41.70466478849007,63444.31918366859
174.30798387770773,36.66740457843409,46568.48155913971
181.00540745970147,31.207091374340862,47760.20369163463
177.93658433147527,33.96069552115124,62013.04620800919
252.73034563392744,34.96819650244584,47937.5868065183
202.03434996343947,36.52125139236734,46729.63652697175
257.86630066770215,42.768815335680216,61099.28631589497
175.80335227935402,36.90357827370263,57555.106127969055
153.38583462730983,25.181123599592027,56902.678917731224
201.2809907962143,31.06375249607916,52736.34049772228
180.11669148588192,36.162147356276456,63874.57870788613
234.04451549307544,42.8688713946788,53138.706531491145
248.54262015706612,44.08492509075586,65970.13761993598
192.3789718480598,47.422797391112184,60836.11443360602
274.9210081725314,35.91430078305513,64678.788464117315
200.92510721339715,40.34316422851745,67561.93901334687
172.88775550467918,24.818769259179213,50648.20255076897
194.0655972639684,38.00917101213038,52087.65221942197
137.74006656482453,27.473151289773966,40277.003638186296
234.39409690719106,34.56222562971675,41949.16489619733
151.19714463665963,56.208868722104995,57090.8271894833
176.66205933381065,37.12487965333301,55698.374645120784
202.29816466528666,28.953307465737698,47168.53596975787
139.2589358142544,37.854523041705335,48302.78299559653
147.23978390569147,31.380473693874517,66808.08502391176
218.30982441677435,28.27479120789714,63179.38294643948
145.76661443231725,49.721976733733506,47154.949213585794
192.8400249290454,42.46768418386727,54650.684867744545
179.4885746173477,37.418756374970215,59964.26077894842
168.2789186150559,32.25723696826721,50416.604759645285
163.65224446337174,32.824473619194606,48902.23625786647
227.9202664431079,45.79737306790905,57732.18320177199
267.37894179491116,37.14604276365198,68657.35668867358
157.20114734509716,13.420363999358308,61560.90703863788
270.2443210977102,51.946569609611856,58154.69089516634
205.66540706778494,36.281436498805995,61146.24516360542
211.29184085878643,37.403583040143715,57851.77789224444
220.18761539717724,42.606863694043575,51315.61977645562
219.3926233660132,38.257819791181106,56016.88734225105
237.0957230051701,40.22836032401767,49424.098672354354
193.49634552558976,32.03393572844553,65502.8913934806
198.77033330995718,26.391432732235295,67665.61022195614
178.10156717630673,36.961629470312374,53298.33948145988
151.83553930579455,45.02130256592213,51643.19925499163
214.18332675254635,30.465382091318176,64961.93238829458
136.68474878550109,29.903832036261566,63816.589297440376
173.37194784589366,43.54713482265956,48634.560372172105
149.96022007206702,31.79928356401236,53584.27021137215
163.89235968442637,32.12608060315919,54793.71205449397
210.92997612679383,32.38799008937631,50665.387787107626
209.67473664195603,34.54513313306665,60331.09524463664
187.24524794664234,23.98453332868573,48891.427209342655
149.24271571917205,31.224619212208616,50337.96100567605
188.45131648221306,36.61257613397805,56088.94633357309
180.7786822166779,36.5626655532238,44697.25223923805
221.6500350779699,43.105951368057106,43102.80947298599
203.85128350337263,47.875745555363636,67105.71111324837
194.334415492652,45.58738412665082,52936.612935196914
193.85918093126327,41.40256668851754,75105.18033088832
272.79484688958354,33.95885786462955,75038.50483239604
226.84414656780888,30.63851651030184,52898.33915613069
194.89848311134804,35.12514902755881,75558.26222919227
193.05949588225212,39.09905138841029,65049.03938562137
134.47219387898735,40.75356458771967,50317.71081495506
264.4683721524464,39.36160013461095,39755.180394417876
177.66099834741877,34.15177170036763,61572.67895642305
171.32054560664037,40.50803567889583,57190.22577301085
296.397223503083,43.82610753558452,66440.82927644439
221.4024503323377,41.16112268847279,57282.48400962226
140.36786131351116,34.77590861385621,45730.56447257019
143.71100268855272,29.163059152457954,50774.83915689592
134.14664780349563,28.997027994283247,59542.95238925753
206.23236716916975,30.23147663485473,53399.70605043185
145.72398163928955,36.79952639072451,52479.23064935563
261.7535402463794,38.63862627488943,47958.70051324792
262.7772598926141,25.098273774391792,57324.85946469553
200.15685955353683,31.472034241455145,47403.8880056308
208.24702148406885,36.70299825713776,64991.499664168805
175.01077964641232,28.702240629316783,49150.394308294206
144.1576773937865,38.03732907141723,53117.740289232606
224.06997548013214,32.84800196358404,74672.11952050659
151.25625000328293,29.936058098315204,52075.42210622686
148.40691075704603,35.37243802714228,51724.91572448864
176.90067800964775,37.7459623070537,61362.26221143585
128.9881855287171,29.060297600110506,39466.340640557566
188.51646813097773,33.301713341301664,66284.39595604065
219.87929596763695,38.27374864114976,66367.12525290306
233.95170353465414,29.665368716782627,61135.877506272736
206.78298648542915,23.395702117032688,27821.05320687302
242.01170377034276,24.24398308017172,53792.034063605504
185.83690786740988,32.07364395160121,45777.537007963154
242.37218543036764,25.771072065864033,65239.04532916329
195.89502364701488,32.56594673376628,64799.99560354667
167.7088110656555,46.65459995820875,60928.46660838116
264.9776985431259,25.34981128617923,47092.24507599422
173.30398924115516,33.02176603965609,67677.15747065995
134.3803599272589,49.92613187989969,54611.00245964081
169.89413049884178,37.85691058082997,70874.63544170704
182.0697614910116,32.4259369876708,58026.879148368986
180.65025783451495,33.901821558365334,60178.836956911604
197.83199379150454,38.00553755875295,53836.276193865764
249.33903208098843,46.87040351439208,72942.26566777835
175.0548656044239,31.284024747659302,60343.89182211584
197.41404848022975,29.69672801978202,67405.68484511842
179.62157772744536,25.348338870538406,55973.43820907236
237.43912072097677,35.721672227568625,58105.41317035043
159.6261404152765,25.16018841127461,58777.265071403424
151.54518610959659,31.753521626247437,66352.41741721443
195.5288353711788,28.639215912227534,63733.66699117496
215.11567508314744,42.518864571638744,60252.26471333117
232.99054854688956,31.44122528843236,42467.76026591499
205.0692977472554,37.77851229603931,64230.30130145542
229.52830893589436,23.771355988180062,43946.56076144818
184.51802255762107,35.92054868116992,56908.03466105294
136.46615962387344,26.57787785897476,52700.85142340206
153.5856381767087,32.020460500490984,43575.73499615509
138.12895808053716,50.478418019793565,59952.556005618564
178.58239477597056,41.525220640686186,74650.2152672725
194.74312304775646,34.10111192018085,54140.11278529774
181.10816655928966,57.39259336848237,66521.30465835374
201.76947761748374,28.593777167386776,74614.87019211124
193.20195180108215,43.15651467452753,65238.828620121756
215.9025798786439,24.2712788020702,50081.48524905897
214.4809326047834,33.292540696464364,59036.733546342366
177.55544196862877,25.565471748736076,58385.53010035784
180.1787558056985,36.80093140563612,68101.25109935008
204.5528741304539,35.391791775051296,66951.895453318
205.85998191461235,32.846346405714925,34602.679329165025
177.23433658904617,42.644399175884146,50708.415379606886
178.71089778235995,31.03030718898047,54985.24027529631
218.03188723392364,37.28796223465127,50007.66827682673
212.00648700249823,40.74388458189937,29037.2353643186
156.458848527968,24.617451537726716,48046.67021928036
189.208663144051,29.761099608279313,55602.173010678176
251.4595579798099,35.377026771210836,54693.61405203707
137.45893789541614,39.41107393599823,47441.85832394931
243.60319392725626,44.94866436145073,61281.35519949226
160.37373597919037,33.488841408904555,58115.43601237768
195.97682935451007,32.78470270145081,52676.265175036795
187.56525438793102,28.891827788504354,66393.05360867249
127.80653183078081,37.30988864523923,55230.162797776466
256.89683002943195,32.92017698411336,51484.97975414755
190.59322686534142,33.08177416021997,47308.863508828115
268.309802109534,34.34278045878044,57510.74620271726
174.49669933473922,38.861396434632375,65688.5506376818
245.80974242739524,31.053886127745173,51043.83807728563
258.71652927555687,29.594893377637668,62423.72397091619
201.34930240237702,38.022069302938725,58412.17241015605
165.33913752154578,13.819925686821904,68230.83834970841
216.86176336391065,30.7742527843682,59795.77043430938
200.47893861592382,26.94083350414845,49815.25979093312
265.0983017909395,43.42280756111752,67402.26877356452
189.0334035727796,31.91347066219972,62192.88790626342
172.6389597641752,31.074987193129385,52188.66536534041
156.9288221742836,34.659642603227084,46127.131256065964
218.64886705373723,30.832393000745604,61029.74932798117
276.15565544649183,32.18146289292525,59395.214392542744
135.07692813831082,35.67977287296214,42687.11338245193
224.5028476757412,32.045716958456126,59230.52270490909
259.9424259572585,31.99547783409574,53221.038943686886
146.36249832877152,27.928896284020837,41962.92670079458
152.63917016470234,26.923513816356284,51292.6520597401
217.75267713752382,35.42445828313196,67977.12050095342
212.07546266639508,37.14620356850076,67542.29030879436
145.16933210392105,25.002903493512353,61203.671616870924
239.70011307837632,40.31958990766593,61818.47338087827
197.6984247368294,40.34833347877323,62743.17959635054
254.85638825339748,41.82282396795036,61447.97051485347
248.23784921972222,37.099223593184185,50369.02486277787
235.83358049837625,39.45957470202297,52061.87759610175
196.89393694611113,50.29518091204825,55045.36877472844
170.86995441551073,32.88934879385895,66830.67414225315
195.84253298917292,27.680159493773104,64034.478397768384
151.0918520276726,24.26158081744977,45026.70667221294
213.44517009707914,47.289717511626215,60520.89072144148
156.3016966617375,47.3815108108906,54184.95338811684
196.39188379531205,28.527801806460385,54361.824422904596
142.0393646119314,29.908754311250103,49959.87790708651
175.76290922322,32.732062737281794,66998.61555403183
168.72674000033237,43.56979810502189,57200.137701743915
208.6539145772972,25.98888461063783,57151.936946317444
231.57366147465063,21.233663325777876,56711.222811936976
142.70303022792694,50.17260133593513,48937.62084536751
242.66091844136528,37.18661300844053,59892.16724907602
244.70496026950622,38.18089314142993,67841.58851352261
179.81735554340548,33.56425796360005,67816.96399163689
213.46520519876572,38.26049446602617,48984.76456044098
185.4634651135619,24.4005588166131,42376.60228972651
159.1623846664804,29.11355603197839,55130.85964450305
198.26223273359054,35.73610519165824,65958.6206103809
148.55377453378452,19.10376374969831,55714.707847088874
248.34003999707215,32.882376703300395,63608.37935433485
259.22504588150963,32.45084940765915,47530.08075934222
237.4110591938993,32.88116837634747,53230.45313760164
201.98529463290362,31.142427345253132,38721.41391657153
201.43461591976111,28.02875651887852,54506.057410121124
281.61462511006147,22.245777048103562,38950.98063693752
170.46081351853624,36.01322933017188,66800.13798377453
146.59068621240706,32.8991320924263,67261.27809249287
201.91953651354345,25.373029174019255,56248.45822725671
178.56759827338306,35.437733889836394,44227.44616753591
177.96100156414707,32.935348634491056,58866.90886116381
126.03808874847614,31.772832338365195,68877.64752974086
205.83746729018281,19.901735792347846,57902.40688767068
172.17286066115798,39.77937258615525,66328.80029739176
163.5383841803024,26.36864271923609,50430.962729761806
138.59026949877978,35.44289178388869,47942.35954147816
181.85339708398055,29.34212089597115,54769.06828928001
248.44572217174024,32.27891437716411,42605.915353828466
179.30150672969398,43.06604744224938,75834.51568579936
216.05042974634281,38.72132740562362,59482.95979817777
226.88209054072925,42.91027962402629,66669.7575817224
178.5034489208029,37.312698462351015,52968.377136901945
237.41590090817337,37.77300509038546,46623.22107467658
217.74233972623705,22.532026998416754,66312.69492285702
201.61788446202684,32.77732504293412,47615.69268326754
120.38261999634909,33.425637477059745,56814.57592309054
137.11371274340107,43.56565374246382,59518.12702327828
285.8371590621497,31.4563947046515,59583.0169261463
230.85489865607371,36.854016563392854,52231.25636935373
262.9720792192421,36.58030140159327,58422.54002183369
253.6813037748242,43.103726121965096,53334.20283183401
132.35210580515826,34.06379142385707,60981.83606712667
232.3905811577409,40.79450864085203,64052.6349910778
190.21457536851693,23.065944061037328,54216.259290261005
232.01984230567274,23.701863969392406,50952.49096696869
125.7992201711099,19.016589587628314,69250.81533869382
174.6424300627698,40.501894825933334,46656.83744532103
226.10189526366048,39.71566856452115,46622.88315921488
232.5814307307765,41.277793017294975,58944.400312347134
208.61582545469452,30.25846715005665,54248.01648893558
175.93371368008277,31.055166397257338,64244.31039125746
176.81780934602813,34.152666501363825,61207.73131367001
272.984016611995,45.10589512063359,62549.39311876626
189.02747842814028,46.85679689335436,62859.92442652608
189.81323620032515,40.55665942888954,61555.51676166922
200.8497463204746,37.317138073624506,74323.59147694921
186.12582082641376,44.34767888390088,60281.15525797575
200.88727406916513,33.209102799953094,51222.66907432931
188.34914189302248,32.26340928662393,57664.79425230467
238.3125590939616,34.09684515570332,37176.27111992428
255.30951325808047,28.148999414062956,56925.527007743505
261.38836063497615,33.774934449398714,67572.23451513001
202.18356313999845,27.178143693512418,60312.446882448596
189.31839503296095,42.17505473229705,60372.96202151116
219.545489194631,38.805811737231124,63713.55416600911
240.41464999564164,45.00693678283478,69646.37931304293
202.03618033058143,23.595020379600676,66168.91505070224
218.83093716949085,48.31187862845451,64151.78087899907
225.86536937327202,23.99267210344592,52890.22227079508
215.70057732529608,26.61184347441756,37232.014076644075
225.3346993832854,30.65424917195837,64732.85343804539
166.04561182244652,44.15404484378905,61453.20549935391
195.0443191275416,36.579014480600016,58355.80487385152
204.9125531898543,33.293195246349,51317.7816802238
122.34491018171673,29.451607957483876,61324.47035698994
243.75888242174108,25.3684539453751,54125.89457586699
207.45886431132516,42.928391265851076,58630.4984103578
155.58513662213193,40.59047482734048,55867.36585822303
236.49567978290898,44.46715263964645,64115.10323684754
221.17469304236334,37.77772688886787,49166.42106024256
227.14574806136204,16.505282790111256,58249.51970158292
184.4545650511729,26.287919471229834,49081.81989770174
243.41631902237208,38.25409914092696,53825.24234520808
186.56299414929305,32.41198082334786,63128.79656917523
202.88347719715858,31.08810623150311,48347.03540295744
119.72123489538191,27.2774126457733,60333.224734786614
211.69039462394736,41.63312697190178,59624.266875782036
221.33069464606598,38.19334846190016,45267.146354971046
202.4998546982307,38.50833856035686,68713.73977631454
194.8545370559329,30.5647842585046,58437.716705013336
235.39508503766228,36.23401431229867,61682.315807418374
216.351598156024,25.635645516624635,63604.25136196113
173.62080539812325,34.09120413407665,67912.7082752406
270.02084898194227,17.30449294984824,56280.789047249076
219.82261905331208,24.023187026058114,60219.13847004419
283.72544559494315,32.74381709023592,62259.741539345916
274.87826648625435,51.62582702392452,61447.876184642155
257.8011553820436,22.394798486025948,43105.91450108437
226.7057918066356,26.29493585222096,57680.59072571611
207.38827791361075,36.51742357684967,68604.78823460119
161.55284033145847,47.38596034210222,62322.00019196172
199.86008351624073,36.415207478916514,48738.56088018595
228.2202565606384,39.91499296612909,67889.5819805053
197.42331261526462,32.63677374526466,53967.50117101433
246.20902733532554,31.425648877424365,41001.07146353208
152.55591176979,35.57529046447429,63570.451394743155
183.40433131178503,30.39197426561727,48010.97472468561
195.84136441137832,40.06988537102421,72093.16800781219
188.34814599517665,23.756096707380912,63656.60397569666
152.38211850405068,41.22990922796784,54460.30672458217
159.07169716139992,35.275191086119264,59286.16327979738
240.28463975748366,33.49695391979395,77440.15203083155
193.59078203493772,23.49910807869505,62549.26701277398
140.70065100439643,28.141479296014914,55865.12465545275
130.78868103747874,43.39056031193225,78788.22610632495
192.47102635938262,33.53980701376644,57396.08916748715
160.53300278160134,36.948789261109745,60586.01864026122
219.5299171998867,28.843275906792574,48842.25645911759
232.95750032337264,34.79661754642184,44708.38211856373
168.30334055207294,25.394935663160144,51971.63416962799
205.3649415364681,35.69917578001521,57638.623821911075
159.19706500152606,37.59448628089143,58619.04055143692
176.16083493521444,37.244303090295126,45202.8191547726
250.58288810770378,28.67490618656887,62470.835385391474
199.9419872721407,32.60564311129649,49876.15288760939
249.94119203743097,38.76035902187142,64557.68521288066
167.9596108146985,33.51993683305331,63109.40740776212
178.68347147586516,32.98886232361923,52730.49171960262
192.21367879230547,48.324273260378895,51578.03488020127
193.14757116130752,28.343076167937127,67823.59086014603
292.8131619855503,42.56292927662288,69446.28265924887
153.32409781974164,26.917235355465486,55342.87149745765
242.9837933725062,39.5834676003999,71365.56322182169
245.2867254288712,39.95706790686781,60467.032136418755
200.9456813085356,31.42744391460068,51351.15144764802
179.97939752696738,26.477662029965256,46751.81714509372
197.24886983673116,21.206967573376076,53320.657303683496
175.06772054002874,30.69420543752265,61547.32840358719
233.58012020291721,38.683530535666264,70153.77743325669
195.03434049785068,27.45660290030295,55543.06216724776
259.64525118587426,35.678640066466095,68968.78888551341
208.97419004512358,24.664991414624083,53440.19115132475
196.7258626528328,33.362782655272255,50310.53804911057
220.34501279486165,26.970692670608884,45492.351751188486
195.62743607100543,34.45413648673901,52690.2546842063
254.20654473847884,31.492443712747274,47856.32588199127
163.1137450557249,26.6674370463368,70425.91857718737
275.80779247485026,30.387885654777417,61895.58707089709
235.779322011148,28.460901964306046,55945.57337565534
244.6981431283952,25.80252709833811,70089.84456774803
193.4385435481887,42.579220777025924,47818.32350075263
240.20824491164052,32.47877594884353,56704.527080384156
176.47098796523898,19.584421856484344,69453.4726105567
227.69773171794185,30.6370343468372,55823.65917354217
157.23990402656352,41.40298199672785,76084.71114281526
176.4979120569097,29.670489567198366,61521.61817384914
189.67452373716998,45.484207146935404,69074.60259721562
177.95919971977577,29.003365615268876,65840.57432171228
183.97800147862938,38.52385639071519,57100.361789997805
237.14699844438618,42.25647009213708,56115.30173044067
171.3986797680518,38.15135780618003,55615.569800294514
225.2094560824325,25.378542177512784,47820.02765345371
146.1517828749501,28.402719961549046,53623.405095039976
228.27574190715345,43.19049693270607,59824.094336692426
232.41916257208567,29.36771980567616,70339.50080644054
185.37585380921917,41.829735597315434,62500.428636786055
221.93344504051464,31.988006947295393,76000.14904408816
256.8310220904221,35.99006123453406,41967.01143081067
233.84606511519826,25.29724906085334,46179.31255088016
184.3030050879334,30.74212697701251,52823.1037633353
193.57316491406038,28.872855336921948,67528.96569978744
230.39175108865535,36.579197553907214,57550.92777559576
175.0803153088079,35.652383058011175,44499.415782096985
234.37428078247723,38.23854927371944,57001.13699500161
178.5006683100687,31.56634247835129,46053.82716645091
234.72790174344337,28.488389500937952,45538.013746406665
148.63419528596373,36.27910359881015,71382.93791033645
139.62424443118917,27.79287767895076,51067.68861304675
292.8552693711587,42.54895768495812,63845.90936671055
246.45822590008595,34.19834329387621,57684.81223958614
249.27851713640302,32.71705423206531,56143.69376717293
267.29079104351985,38.23522935925148,53494.63644286367
188.93887338380793,34.46544850397799,54026.78617763607
174.50588761081315,23.393637982153624,56780.211388714924
155.7176725483519,27.569990704273966,65642.21728116088
195.34128116828813,42.4039609270523,65862.72914653302
167.36801650625932,35.58719043491208,46203.62229648109
262.37948450639544,23.229025383455912,64003.07905158997
123.79356017142707,37.46478446700616,58441.403142444826
157.63145566479804,31.085188260911757,49902.235470273845
170.30684862378217,28.878500332438527,56374.983154091
164.8933390771404,26.98589092056308,59028.09113106233
168.01960010944305,41.99950629923081,57433.1638357738
213.0908831430412,21.241511395962547,58368.319095912404
178.4482444897517,29.13727547892357,48295.887523037796
208.0540127389894,35.8408873613787,73399.49678963308
250.90890328045782,46.04854148232448,46119.7112091689
206.57701873170828,38.87700737445223,62653.906067250115
218.09725338335068,29.077827691270382,59275.90205790299
181.95955112310443,45.70547417874771,63460.09471304729
159.91415609355744,25.514136202065192,48413.108746023245
177.7948489264096,36.85735315748608,65906.623763127
271.9936965227864,38.414492520265505,59584.65436720745
208.86810658496603,28.83219091759691,46532.405613095245
173.56346608858726,39.88315136321778,48163.77488292819
190.1915270431275,31.402769097413284,56970.18115872047
239.89897090718526,39.86599699262575,46791.639465027925
214.67134603604006,22.12283155189654,69153.18589491358
201.77544289950976,37.344832631602124,65926.64038859068
249.78224189471567,32.11525329114477,72636.57453288676
215.18710596778763,43.04792648077475,73034.74663018322
211.424297282903,34.692134891603345,54519.508522288175
163.7743183157483,43.744606736040836,50209.60744698417
152.02220904583334,38.553289355231364,34438.774756452
272.3327068649729,34.1074407866629,56038.69867452497
206.14335296530004,40.51368516730007,72476.84974805539
186.72338133955262,40.55840925168985,50950.39805725129
204.99945909200505,38.3033700314385,56172.802178935766
143.69513250006088,18.953890377623715,48287.0197965412
237.50131949340198,28.122076564649216,59678.991519860385
166.9770585321028,44.68874092554147,67750.6719829646
234.48534743083894,26.20837901195314,43831.79591810081
198.88101372179847,41.17722805046065,47407.16100388455
173.46767876803892,39.94516859745768,68822.15598879379
135.66254251925045,29.919733468925795,59923.52210950726
236.40519268817823,21.03337861018293,52897.35543243604
162.1044229649337,31.017611814364514,68684.75416032915
141.43892751763264,49.54610530543108,46087.516905956625
226.7816619209118,28.957058954534517,64016.63788357942
180.53012581956324,29.440198587805106,54768.93788429739
184.19747309662296,28.016923127831213,60012.99713219199
170.3707992610136,43.50349133584663,38314.507692530584
244.3902831528865,33.29959001862426,56052.469354371824
175.54837407206293,30.618656397356027,61269.42907511799
166.2271280561801,44.89431812036746,56956.01182003057
176.71046888887696,39.056458615548756,66944.06729749945
165.39536601891672,28.564968308028185,64498.95344575137
177.51650221768637,26.434912622567538,47024.12422342362
147.9220263476889,43.10718975415981,62968.444069259094
159.75152284677395,35.117517146192014,47668.77558487595
186.85620352568776,24.15655186100721,54945.92510025725
248.55189166503482,22.518190191745155,60845.96476349226
142.7002921960283,27.187728993601688,47197.43342144874
166.51693340905103,26.32360788327879,60678.735945500965
255.13655201495826,20.677461203689944,51232.730186717294
250.85452456789005,27.303451093460527,52203.6140238139
216.09970380969366,28.566436068493026,61826.40624161762
169.6537710440952,31.761230981308007,48700.6290595141
187.1241386335637,46.85037031589399,51672.15143512038
166.34740970785901,33.13209709531208,63840.686850235106
155.50320664184306,33.826976135790495,56128.660475512
183.31565976329583,38.5647875465926,45436.5735103086
203.4859722493403,33.33877350253408,63629.103766869375
181.4425099506873,37.80107074720696,53605.91129724917
207.55383798249218,36.964304138662136,46447.97647583973
175.44245754747152,35.8581199591947,36232.51659938004
180.1454113920829,54.36526259093271,67020.96697114146
232.20023652338915,41.377880908310466,52728.60920485375
248.30659123668784,27.427946107052886,46859.78163207787
177.9321830067781,37.59155530332415,61803.97014082842
202.99735569347746,29.45784235338196,62426.19687264269
173.62978872460994,38.123755348418975,50322.59559777767
141.79707813926737,25.37368808024211,60899.04010824331
224.12736792936835,27.24554386341215,72545.61540281573
161.40156706952558,37.407352937430886,66810.91155179295
187.69971959733272,41.98368379518618,67408.78243759517
193.86574084964968,38.51851044127109,59980.452540182225
163.11694801264403,40.978821341746524,53134.59462618972
150.01709614424465,37.61672991134692,55196.06416456857
180.34368300075715,36.20747269322632,60055.72180694788
267.6302383358325,31.474147080190942,48363.337815249346
208.06729393815135,40.69101266101758,52311.413631129304
183.44858909360102,42.174154629786486,46314.788019189014
138.1802467574371,34.558190160691574,56656.7522222261
206.30902529778098,34.181517707549396,57716.38698060765
149.61346872603266,46.13984068205566,51681.47228715996
199.7715998341971,34.85704754128644,63527.44179585739
226.19507578519895,35.52980109256178,49679.86312333859
187.49193028299484,38.38958135427026,51679.05878945028
175.7530009764583,34.31535620832092,62275.238712488586
140.3729080707364,29.257617740798334,61537.503126506934
133.9016011885871,37.645759028664656,48675.01779022716
188.12231442068372,34.72871492984375,58389.58706740428
249.38638665968585,47.895748295321475,55714.08967749978
170.045261585807,40.519139852046635,55311.37146675473
203.2852591740473,30.83162399489899,57418.31382777233
216.7374982370069,40.103421534332625,63174.84484462284
143.48221181138757,37.15506084311686,57871.56241770196
159.0130245594998,44.16598411361859,59208.26544087525
178.80040575379897,31.328820510196724,46973.61912215507
214.8838799304304,36.32073303851667,60910.953151693815
189.00996019700239,34.306344456352555,60892.76360977024
223.59923886552352,35.409355961408096,63428.9812823863
246.0782894187073,28.803607356972353,51331.78099172475
227.15671063237193,39.03138167539224,66190.9252054876
286.9519607832805,37.92574993094648,50344.98941264686
226.55457175117724,43.99656531845257,56521.07778189232
243.02505043761437,34.92981903609254,56284.66837466982
239.3268200264023,32.11712344226306,47587.21652180585
223.03660701131884,40.52506064560826,56712.88393328596
234.0270350352764,29.440569328802212,58661.73646452849
262.12710314708323,42.59489174558771,46559.09812746783
192.6480276494064,42.57989398189592,55045.42552296631
210.87527304456668,43.80095230794086,45249.33031944248
196.7918427920452,37.63636089275646,73738.83909060757
242.80535198760222,31.594525321815638,59371.24957711653
188.25321874460232,35.76431408413754,57739.38151317987
237.0810036184487,37.66048226555444,60785.17222554557
233.62098575795787,31.079008483684866,62096.87364314505
271.0693723893561,44.33181402247651,69842.23580263059
170.5705772018445,39.0605891729798,44154.15581056198
220.14540988205272,28.754439312745966,66811.57860784713
226.9380548324834,48.180115735260436,70900.50409870196
262.59245666968303,35.68172492619124,58838.97891972009
254.7847050269432,27.341278700050097,56016.310103186115
203.22514749749047,29.18822114076908,31109.69417352958
203.8657395179689,45.41448518015741,49306.52830846792
160.91697362378653,47.77489441351775,61838.585634324474
276.5517792834086,42.06639537436643,71238.47621929953
171.22265511304116,44.235160540109945,63404.75701396364
222.25173543538335,43.51630821159028,59065.854493540646
233.03477249739728,38.898413069348464,74471.66444467296
189.22587161826064,37.30329251467648,65100.1524912577
166.34422355468783,38.77904236133625,53300.05834183159
163.67466410879427,40.15210810200306,74028.76802248266
243.86313314584572,29.808813954315212,48499.93288860811
196.34775665233957,40.12371110518477,46103.478899769936
149.2364586441994,45.210317931079125,53378.18464522121
221.1694705198109,33.555393001696785,51352.307079104765
170.70495384775214,32.80726550274742,52680.90982762226
247.90037165669327,38.33582416467066,65888.19062939643
176.74155271784946,30.452397147143046,55110.367382929246
165.05124764362796,25.782269683607456,54189.02163740562
148.27831510399557,43.034033280736246,56851.53247666808
196.4298487041886,31.84334117983597,37756.378746392744
190.17376191678778,35.12914005104147,44558.55665306372
226.10016708736765,30.72912471294354,53865.37010860972
191.56879053869721,43.93728370439099,51673.581888023895
179.95914791139626,40.9722331079881,55519.028260971696
171.92376099951835,33.31482321192409,66960.63674049276
173.62820700431277,26.740718446660736,54047.347018755274
260.19472301489157,32.5714913659926,47897.58443237249
160.6255796920842,38.991068899648,49918.16474670257
283.88647410636077,36.320449928558354,73995.49174011308
178.39262495537358,35.76368631116391,68639.9296508012
148.92257859459866,36.48189131628868,60199.99681202066
170.5457878838597,40.31157362048712,44375.10451838155
142.9510959669375,34.70698557154469,57415.8411059942
232.09605115193662,38.150094153216514,61924.06299724176
196.5382290863078,28.091565545784313,55725.38821175231
179.3307205871659,52.87695543882728,54922.374076425476
213.8525062332578,33.01298476478622,54158.861179231935
209.93889690809374,36.42515105518784,52529.33677474025
263.6625686025812,38.96525867350348,51113.088521247744
270.83291148905016,32.12446641319622,69628.26545246408
216.26121396636023,35.05477355974624,64639.498245584145
236.74842106541482,34.969726922597424,55999.592093347186
232.4844847709841,28.60173335198636,59466.885708835776
194.30716948671397,38.07012597877747,60514.90554406315
219.43886796484196,23.455447132188883,73890.10523090523
147.03744495765045,47.2689590969163,63930.856418743904
227.1037928694554,40.55079619484875,65887.39656955126
271.04922864489436,39.473856503573636,61003.206461487556
148.2997432702992,22.843505212967308,49912.29429119539
240.00918928400054,29.452299286948858,68130.50449570327
261.63649371105396,44.72541584563538,66919.97792215033
168.06595451499928,64.0586897792772,54129.74921029926
197.84743605713126,43.36284725539922,62210.16058433645
260.1975708174391,42.258603871756655,67694.674780934
270.44603341891946,38.67481959679932,43692.803902803775
155.39734377789506,29.067519630028805,47137.921000040966
180.43467389413308,41.96621858240231,60474.279572804924
218.5829030219869,27.291548640321494,40569.775499137184
167.54055737148525,26.525903844021023,40315.115387727354
178.19052686100136,26.085294721930573,52484.45848667122
133.3866601476356,41.83005852551115,59511.9258732576
159.07079104860986,34.59810161550749,59805.81704796791
201.96304623976556,35.706006699330665,69870.49030358598
212.71803081987582,34.89217244064521,58080.30531571758
212.19398546149915,27.119984211612426,52773.4747078308
230.23464999220343,30.30488365787817,46518.357592784036
186.6844222787699,30.657016556225834,52646.16649317342
173.152243655479,25.163099869422474,60017.2816636912
130.40260761159075,31.47052933289754,60125.61671582384
165.80814752229355,27.43085480522633,56665.21127403552
177.0126577221613,39.04372940206895,61288.15379120285
162.3271094198967,39.62679744776777,66643.57195786061
132.23960668404297,25.94452614152077,54033.06867751824
159.60532220628068,32.923577650263994,66193.32892105577
214.37025164315784,47.99241916921692,54474.97225987417
209.80962216365987,28.13465971625195,55316.59396844604
262.41825870427255,37.98646472456546,56121.67608846838
233.42504734575408,35.73865353802019,64683.937948097926
202.57271596638117,42.65021290488635,50523.89389195564
156.8231983930125,37.06826788950185,53239.04052529275
202.15837871128895,31.980931654533748,41587.801366375854
143.6482543007903,35.467348850310195,59849.831431583094
188.20658493069607,35.56958960767615,66668.75319325097
184.2851759353211,34.358133724020234,63617.35832854113
187.90535808349358,25.766219812731876,61342.63166812761
173.79888214721748,43.70162025318525,64310.49591586538
216.9387974432056,42.46503511505027,64809.864278734545
240.8995812356731,27.690676811910997,61585.83742817036
228.70226621745644,32.89492057471372,62954.45054350927
209.5867046478657,33.42440031452049,51759.852877490965
199.31262141337163,26.904368396502925,53760.83264441929
135.9306500499212,21.93242612566413,53543.2350261015
221.99763215949525,30.305851436613647,54042.18614990956
200.03913442323443,32.50518361824166,43971.831706982644
172.8692542737412,24.91136666645187,44426.33748341777
178.4791905114351,36.23884434859835,58307.68852459552
262.39581181404816,43.13999412321438,68565.96104938944
209.17596630172335,40.89481302315687,58628.947304124784
192.72016529225692,34.11320042788897,78692.8765199442
208.760980956592,22.117118124351624,47259.0918343303
186.5353863827362,40.009916384613334,61022.8023484704
192.13528250413964,36.024745183451905,67251.24547815771
174.8530502271292,37.970457764526145,65164.667327972405
189.0909313040296,48.5527196021176,64421.41386110478
216.90731334429313,29.226318593285427,64901.434035750775
138.45904131879854,14.876288468145702,52502.911420942946
232.90903089255278,27.6258179553317,69737.3564461548
174.11804554245597,38.40231547787475,66951.80896614645
216.5075635987169,35.188481312236284,50800.75154996689
211.42374985569845,26.49054709280923,58173.274303165796
212.65992877918558,25.061978317764986,42951.305487906575
207.2342250664472,32.51773688927823,68913.09979104987
270.0312890501941,26.277337310827363,58889.554795103344
196.09253064765164,38.64443392778168,68368.06759688078
223.3301087565472,32.12001177961612,56298.50568586061
219.57405464597463,30.610174809678018,41871.06020626059
169.19127224394776,29.692065179538954,76122.57861183635
174.15096692082219,36.84185908606416,57464.75376049667
187.5340739402685,35.29826456632025,48617.95836992907
173.58250118464488,36.413700889038154,65486.87958483588
182.0749324888975,36.26090610664068,72889.0602813072
184.3518053831604,34.49463124382306,54739.64215016904
206.7308505356998,27.768085915793364,54946.580733304574
167.349898735673,29.887339112881165,56906.01305171201
234.4427683215044,32.23727566402744,48670.03109740126
188.86179052505048,49.45636666661825,53815.07836486999
219.68263383653633,25.558145757082322,69870.08769081412
147.6422970128773,32.06716447678177,53676.81831884568
192.11320773593783,35.687869420773424,50155.65524748439
135.037266602022,32.87667072709255,50823.24057905509
215.6375878739222,42.517786790064164,67751.02248378823
179.94945176647064,32.84051448647993,40102.457496571384
266.6172469344423,33.35821020594573,60931.07334660046
178.1296006051059,40.70239959531422,76948.05214392242
202.12854103707906,47.67498164042863,75884.97550126161
171.47404299465217,44.85248861763829,62276.65980818744
208.6636618408839,34.04342281123599,67635.16614574182
191.81612878495164,34.65340051787318,67101.69141494307
182.43723643374022,35.327034713489425,55438.15055661503
165.45961726577497,36.0289958592381,63359.69429225418
152.85707147337757,29.068563199565297,68751.99959292321
154.17642445672374,41.55615659198807,46296.881692523384
295.4085715100796,36.446263894059506,65379.74577367628
186.3969347323096,34.686006678292806,59357.168907646614
121.71673637929136,26.10198236408649,54002.36398618012
267.8490473258921,35.43600345943429,59608.566212969534
132.17723777390043,21.747513877454363,54727.88609301492
187.00509443863214,30.928454591774376,58308.35615457159
221.23330518496795,31.05831605464561,65820.05625715402
256.6941044014084,37.00896635161333,63312.100778266686
220.59586257536034,48.158950174617075,59200.65239708248
191.46991927398312,39.00335225965806,50748.59704864322
276.3092249196214,45.13881450844929,58692.73070800389
138.2911523171146,39.51648521172504,57554.10909848392
283.0339388111046,42.875374427813306,56486.62019924629
242.49033538193183,47.99989147060174,69206.52649071952
260.4943444060834,29.877142173884216,61223.267688696156
171.19659839344624,29.420268961079476,64184.869330413174
157.526523603257,39.68167630334125,51140.36275107888
214.01397517633748,34.974250821564276,50836.437129951264
196.88973503173992,36.54247682964873,66283.29639053435
197.67096413014815,33.259331755248475,57614.03582772485
259.3138495245797,30.826188980826977,56373.5206995753
208.65984842417677,46.345352681425176,65259.69823089036
176.8853484161261,27.3009722032606,60120.73588943854
185.21960785454928,39.80474581469081,47326.50951668071
156.23102704204865,38.66959800011315,67118.55199554954
164.0870318701277,23.94690691700829,50646.121331159135
157.65320355698637,29.184537690044845,68201.18024310042
235.45542511567177,30.361166073350926,46480.31235629905
219.4954743922289,38.95208879321614,61088.99826807769
198.44398878812888,32.43075425848615,54950.71862695378
182.7870213093339,34.40087135372436,40486.1553937194
214.67787283197129,24.796468501106908,60588.91693597592
235.9016492832999,51.281382017007196,46705.8663813789
248.93025764849335,35.49836933117648,56503.28333597493
200.2627269843971,38.49300628107861,66542.91822940583
237.1086434806867,31.215621580043443,53161.20586989024
196.40597863265845,30.43160871052504,48747.07667803265
192.57877657821098,48.38879258467472,65721.50624054954
245.6390172040766,21.582948750953598,53305.469915315
183.91714872717858,36.95052947901544,53555.3584682215
184.82292950302053,26.519472762244746,65101.34646214822
176.2901585407713,32.16499191922097,46332.14164366547
197.19285021628983,30.533338726281855,52344.09804629156
200.0245367093533,28.098156216065263,62551.896768063656
213.65028518297026,35.248092107944295,47675.186086941765
188.16901471419544,17.02379596885754,67406.12819204495
167.11433066624772,32.79158062656912,53745.163167363215
245.9246053237585,34.36797017255017,65448.148551762024
180.15918493495963,25.485064175157913,61570.849813991925
258.8640971861591,45.59253105014569,60583.96599702847
165.89352284773526,30.838791376418797,51283.858847028
201.70891280562424,33.33761030274614,56380.776634070935
199.12417263737944,30.85446585259708,61845.34396498967
238.65757373951382,34.4290371569859,50325.35172238696
157.01021916773658,44.157008654542345,47307.03289679251
255.52776503555788,52.31111062746432,75240.56295919276
198.56116454187116,40.21947442590461,52107.18511580645
204.66355403498346,42.6159563688024,61554.60414526611
196.28525563266794,47.01499237033957,57610.71612478721
137.3796749462624,36.7420975373652,53784.692526739804
194.91009055705155,45.99175611528309,70407.3751204088
172.1222646577862,40.546807926732825,56297.65490293334
179.8558034836563,36.00791151518101,53621.62283158826
212.2177188616609,37.452387241160274,55790.33509604346
194.97347460403807,22.25008125642523,50310.50830016736
149.78281217106232,37.04483482312305,50187.95399521951
146.0188362400755,24.193767356875924,49537.17085038711
163.2649713365594,23.623115938722247,67162.50824972463
163.9117773574096,36.35015082317658,61650.12844512019
207.25456681373026,27.201449833599618,52876.05231109072
162.2771791963795,34.950203740876354,63524.865552358744
249.0348995401163,35.96904163544905,46259.99625913935
166.17652545892236,36.281347205719946,67034.53503134068
149.41380005986287,28.67115015070529,64645.11165471917
247.76382976574416,41.29077667736839,78121.033075776
175.350935078957,34.37535334473745,64120.16186529852
187.67137920880913,38.087529761198134,60645.815591861996
270.0036567714202,26.624922702371023,67517.94956984177
265.0478620497217,33.75170710242809,53939.3423570382
220.87715177180232,42.68106138289084,56263.93933923319
145.1921473911553,41.79124342266091,55553.801827055126
205.49999552399106,29.41895121952924,66996.64659113692
284.5129555281836,31.18109266597608,52024.39800873715
265.85736354923085,28.07919288955327,49768.566611649665
151.95858601634828,30.405109572173828,56512.622083915805
184.82813701196153,25.206527215054297,60399.11944230671
177.31436929549903,34.032768893140684,50409.85434414611
155.673444952663,39.43196878727991,61501.854044557214
218.1328571099662,29.50462995339245,67383.12396610901
173.1889472468489,34.36575602137176,65555.46265455164
180.05523369747033,33.4565111465805,58850.36208142551
149.27611329591355,42.385831121187536,55602.41013747603
195.0017504468741,30.71885714236905,69875.21999966874
159.70266151008107,30.973487246444037,55069.78030543728
188.32505071326688,29.07785210195347,62998.9249286549
157.65209070427943,27.037433359450585,69928.75972987962
268.16516975552094,38.70429494012879,67061.28845992686
157.88402652907192,34.05422442568665,47399.888209395984
197.53362453253214,35.383669018763115,47077.282140069445
164.65480464866693,43.922488093367775,54851.01333619207
146.6711178123729,44.3245650814951,62177.12649471596
165.29509360825952,23.476359845156374,57438.81403293841
142.12947838902227,39.53484271166897,73275.72309651093
157.08880679194482,36.57952847997832,59226.68478402301
194.53394908540588,31.768863005978446,53560.59264450117
212.55784107436693,37.2937858091956,48860.349772213354
148.7323293812886,22.915317353454498,62851.74755166951
189.20635839967048,45.238496399434794,58510.92132954765
204.10518586419602,38.60460867950335,45830.28268388273
168.9652559027407,28.943615786171385,55068.55027138321
182.57275408531424,30.902128447263333,47675.98180869895
145.77818988676623,23.077974671167915,49959.16529101697
167.3774872736558,32.80229925114622,55539.902236996706
191.7867579876655,31.62087615931592,48823.04093664474
285.51242771200356,25.724227290133687,53443.59323297059
290.94355379541014,40.43691563596845,55811.9012667473
278.845617888706,43.937580327861326,56513.48816449526
187.44324561873327,34.80847656968866,48460.44968621359
147.49859148784864,32.860471820075425,50984.75679226229
178.07764040995335,38.044892214922555,49617.357101092784
169.35082648489896,34.8625272625347,60596.67073306934
129.7618682854711,27.424745486381696,55165.08663980875
150.13530282062743,30.431254093889173,64126.527348523814
190.41941273052737,32.92494795276379,71363.17637684928
179.57770006319936,36.737306161336875,62015.80105834463
162.5993207923534,35.06535702513528,59298.29943269484
221.04150049339898,36.47258565990981,63984.65323949964
181.18189736361612,24.326204117012548,58140.178353592215
242.96508185500846,39.656524208594504,60036.745413839024
169.70887667816,35.023911188059586,55709.26217382205
199.31793130006852,52.86896337905108,52364.372698195286
163.07538425789767,32.28655940876511,61976.499516388525
194.72322922806327,37.2642094657656,57005.8487229382
158.92596310177996,54.80453413545951,70306.01516414742
160.1606297495678,36.35864140652225,63144.31013318985
207.7201287378589,34.52658622506788,52164.253957342065
172.1469788859228,28.09154673674544,64809.40327815348
161.57826550079318,45.6978645704629,36897.846042356934
260.7280096374809,26.886288896764007,72451.81455025409
139.26621830895513,37.98984641793685,44583.14002276675
202.2792373893945,31.68511275084133,60370.13787720412
200.4001705154999,33.674646161953845,60167.734162084904
170.7519275281629,25.032474119729592,63264.07810147668
190.37731768779548,44.40189055213727,55823.538365147666
148.80454214667623,33.05541885857206,37754.648693819974
221.7637705694384,26.494372387748765,53257.188628533535
167.5563687742345,43.76883417928064,55580.448500564606
164.21800306493662,31.471042308738873,38774.5755893748
177.25142302104848,37.34225104211505,56981.94000771003
253.69712156872532,40.88991467494056,51766.84174490684
233.14498968892906,38.31824031402024,64126.386567657784
265.84966637494324,19.623551146506752,53248.27663877835
212.57627964268823,39.86749690684451,74163.64325528125
213.9637075546874,34.295703661344106,55288.60665385419
193.1425283258102,32.696799122376675,59758.272581386525
254.3698746565252,34.23647535717345,57004.15589360939
196.36053935868068,23.72977044241243,41673.44501524652
180.99209755087162,36.34519640263262,54940.48929171091
211.13288132155924,25.44926038403483,61400.48320175571
200.1662545783499,32.99912203310358,61421.229107059946
154.81301959256606,36.093851020767474,53241.65616262629
184.51948255015893,42.5182596159133,46191.398327933915
177.10265106056687,29.262707880982,60338.171844799144
242.0040492727678,45.16111160292192,64285.0645612744
183.20694605897776,41.627972774606036,64373.82059348263
237.40090183357336,31.994131802566248,55402.53818143445
189.34230926892053,27.23875513518178,41682.45045642952
226.42603975091185,24.893286724387053,59906.56979400047
156.4925987218556,36.902276960731974,55701.791099750735
259.3222274909237,29.839010953214302,68871.38897371451
193.19688769490023,43.39549763697201,58613.73934300573
171.72854806977512,30.243333191202108,54829.90858419956
169.76489052182197,28.695303139636195,58209.49077091868
172.28178777844337,36.6353844587102,51536.16098008814
182.07317030157458,30.197671999884037,50337.100107757426
221.23915273155413,35.059849953581626,56973.44936792228
266.7326409539535,41.90192531040965,53813.360732941095
214.74779748015283,35.82060532168107,55859.63237350913
200.27924644254063,35.84675122491907,72695.85118232961
189.96004300280865,36.43602696235892,65262.459062432135
238.57647434529713,23.148307068002246,57986.9450185435
242.54107698290625,37.74286424951343,71567.61303113596
175.12427503664856,36.11952103708127,49726.23615223667
268.0173275104992,41.25028128888395,80979.309109143
184.74694527263995,39.24067560795983,53565.57480852735
233.74076969543,33.5863595787614,73880.9487032806
273.0067512641743,42.22675024057483,77523.41228186022
219.329880964444,32.95158511671096,43201.42878686032
160.1569035642713,36.730099728543934,67619.316185265
204.6667294991907,32.82195398664451,54446.288854598046
154.00515440001465,38.23230463446248,51344.22431975423
231.95265762369274,32.364571521535666,61704.15333859217
173.94982563267422,46.53286126259097,50031.06050477905
218.18873863824132,49.121539160579474,64733.74337274604
255.56543286920834,41.117567779302036,52981.87314966581
162.68219093231428,45.7890765458982,58865.70152734871
184.53207430494658,24.22549863398667,65153.28214672239
211.9700538799183,25.05035579707504,58402.06875147674
187.10935688949525,32.74907603358151,53249.32585711944
161.89418200603885,35.28861675681214,60044.31063067206
135.30755690287648,33.61254807330234,43296.18982503983
185.8461355699909,23.505053252569326,47657.43703978859
212.23115714411503,43.06114194426553,55696.75549872234
203.2771651109659,50.079387633498555,66474.79791757576
159.44178664006083,43.96691375420836,60256.55331259188
190.16934866499156,42.5986628815053,62382.29161018615
182.32920572266164,36.58283723601922,56451.059265041324
173.22525674499502,29.09901840491004,48735.88776619736
222.89485435571856,35.507696368451775,69819.41830310783
176.749295009928,49.73911625789053,53209.00609725772
199.50879278878836,32.536083212450606,59843.546281438146
258.93893370260315,31.815299265232408,57341.38244193849
199.4142185509735,42.751125613727396,63029.1276427132
208.29298340435403,43.21580235521917,54157.65252104602
146.05947306001434,29.064687359576375,62666.59020749018
162.31786119399808,33.169607707338045,66410.24310638657
151.11548587823353,31.486661528689957,62688.70681556244
228.13409950396675,35.487825653427635,59356.98575658767
239.97356363179517,42.72580669666045,56772.062123211355
163.3642434990617,29.371807352103364,77375.19735915303
167.27906141121088,42.62765368565856,49197.71754060336
178.04307364936903,35.71155874244916,63408.032097076706
205.2374782327223,51.28334495419995,63187.54349835179
208.86627636186716,37.23181619059611,57276.17127248952
217.0609677508256,34.321570012595146,58931.17671953374
254.371422621866,39.023003089811944,55844.61438404252
175.32253235058118,32.63997633478953,59138.96765284032
213.43411412675772,22.433088136537222,57322.58218122984
201.6715386740854,33.316351780102316,78140.18570990172
176.38011068292553,33.20594473651543,64423.445928627785
254.90939673942106,23.85377777615132,60207.6142798862
150.17873199020448,34.48875367143855,59783.948760776155
220.47354244801198,20.53022842773422,69242.6734326954
222.6960980155357,32.56619215391164,49488.951401978105
256.87889783495274,36.70517194431271,57966.92216380331
197.17991348007786,35.678973239967625,41778.06623508501
177.8932174985826,32.12251368979227,60184.568051714625
238.4954075708655,34.4012871863635,64989.93901282855
229.05631662395405,29.511548937655185,48795.00627964819
195.2475818544105,35.07571563595774,68329.08880373932
228.60075608886666,35.40660484614239,52342.93669736959
172.57281544378276,28.698250154689433,52212.79295537222
205.0555900311143,36.87389440356368,58517.72549862801
245.58886756500786,36.83016858556318,71798.6502972353
177.54786002596435,33.836530604932506,49142.02105496163
193.5047306880682,51.94732925400773,62382.03096018664
267.2119686110412,34.01508329320984,65287.93940758652
233.43223039412646,33.04536028238887,62261.6134643314
250.19414579046895,32.043248235545875,62860.24138517798
183.8106091639783,28.203425438465203,61276.090587746665
291.2396062631245,39.80128151890382,57153.92776149235
158.9395857919422,30.19627122386385,68301.62113542466
197.20020431649752,31.02436297101573,55228.815531294065
193.06470870299944,31.232309083229815,54079.07103141657
233.46858569044963,28.105395389060423,67342.73092226486
255.20319525267078,22.74241667218694,50759.40246749396
223.16134252149504,31.759420929885646,59649.70053801072
209.47312302648152,41.11334718898604,52829.46424178702
187.86768989730544,36.37885863825671,76988.29865703007
196.3021559480773,45.92402689131688,77484.2216223973
196.19361714430605,40.25669413492429,57016.1785851104
132.32410301150412,38.66775367191831,59275.533208110646
195.53414851740212,48.178543158569006,59462.148853698745
243.76050117420837,34.31998083497752,55577.05982135616
220.09791795380906,35.44152971453467,58757.658892114065
233.02061019884627,34.91974904837904,57812.20974946419
184.30665695605785,45.80650711828485,46277.104934349234
198.29578318775845,35.01760721521364,59048.030420626805
136.64769877027769,30.46205838146027,53824.22719753125
183.59825950630628,39.113728765739964,59678.81617725989
192.56712023706365,29.286181322600804,55019.41337791786
171.24300326749812,38.73430058829747,53750.26305437771
135.9783362490815,37.896886538992845,62152.43606279805
217.5461466563617,33.67418132535453,61590.76361880575
188.62014099775757,38.960681004607785,68517.14754394328
186.7228757460036,24.58547048784154,58548.507866836924
170.68516822358555,36.1407348492749,54587.834992951415
199.25654146296375,31.760642307332876,61262.66395027692
188.91025302353626,55.035845040991646,44551.9301381461
192.5230211985787,36.09077548748145,73777.74424409581
204.06218061506166,30.82525565151594,58485.31003648564
125.53913684320078,25.351887847628426,70658.30127074293
254.97780593644686,44.13784337755986,54299.40998573168
145.62807362327828,32.54977096333356,45798.997381356676
190.19247498945822,29.460535530472065,58529.83850836987
165.89582680183278,37.35409449806342,59097.1663333233
197.7369119934395,39.54803181983957,60526.06388296891
173.8398884967432,39.437670532466704,58342.44987393916
244.5540145497871,35.13825296141553,53568.263538569
184.865565332585,36.11433095820704,44793.44985656885
210.93301399887207,36.62425952976492,59990.46990129571
170.5661682950806,37.354773859402115,46110.72464234041
131.95772405967992,37.97419637131038,43994.93814424366
185.6113362350427,42.66116925913882,54873.34224379218
199.11017549177743,35.39490403418095,60492.75743638746
191.0580679522712,29.282377139187467,71496.70829931325
271.1180926783248,33.98995807827176,67049.3670304276
219.76402463769,40.27646573114498,70317.05890429107
290.2485294305771,22.49430429130608,61758.232241460086
175.3245041233081,22.534734632396273,56885.72092652507
231.9383369301994,41.42793284974627,79655.04836647486
201.207611362634,45.640859717959295,48600.44345324851
207.66505203168765,26.143599754863686,52123.26947223542
282.3743448834807,35.703214895830264,57400.23375978491
212.83096252988983,32.2031842095809,64002.290862719026
252.86210606867036,33.17418921430863,50558.28129036195
222.39507202783233,37.13871706129491,64366.904516480776
155.32276865473898,25.949908396924755,58667.81027270243
218.75558282982138,27.24947749655319,62467.75481114097
193.58369639727746,32.89124178955142,62728.99253947875
257.77209365706415,33.982370814740875,71066.26396540724
234.87001044297946,27.118314260210802,55975.60304999271
151.6492252932688,40.52753372352429,60387.232368151774
156.2926641458921,32.07707318822277,49121.01694208683
145.32922942362046,32.04727675753208,46939.045954157096
194.50904043185406,36.9786115316093,71311.30452234444
147.51585836743863,34.0976420675275,48532.9926390404
222.10247931532274,40.862337690340695,64206.12312726774
200.85260693619574,28.466042235395335,59965.82118819487
239.9669673052161,25.218293820555683,65451.404643428796
173.79582420910543,32.831487053409745,42440.37016366529
197.2397529205902,35.42165321054509,64116.2140676562
153.80249038941068,26.314708391317357,53583.01163313416
249.66150238833262,25.285725068098188,51513.59916178048
161.91806106945785,36.276084476365895,53867.2131675219
151.35308422571137,29.695536028795267,62788.67726202193
165.62127466833607,24.83241798095156,59962.70085770269
234.76843932847132,41.75738904619844,58779.92939276381
151.92757778141376,30.577437289510353,45532.69626960415
207.982761325098,43.04868122705751,50405.02681771421
225.341720897868,35.19929553776599,63956.111110270125
226.0658555483588,37.063312034387124,48156.80993927436
163.81038305445858,33.51950177732203,54545.60651998326
143.65451326315093,16.41386428818012,73806.50270412515
189.98085706404498,27.04249456262407,58814.04300111786
165.3161830583126,34.12003378196893,61578.58738261582
218.7349211896406,37.55310396104893,49725.89306041579
181.14283311652193,22.472281843283156,44252.27955030573
190.03551730257436,34.624788044976775,62946.51580392357
153.1713670425882,27.14415138950178,51898.8908643821
202.54952176925087,36.64234115562758,66810.86053008749
163.2483338323259,34.86419450010123,56836.58756354382
216.03884894602754,40.20451121700702,87136.6386101609
145.64446465121432,42.46776051131263,52406.63572209932
276.99228925985597,38.212929294918204,63697.73899823984
216.76666803344003,41.022755122794024,52539.20064082003
162.77291980312918,32.54760266853313,64354.50840416869
129.7474376848736,54.76182187887002,61429.30522273312
179.09688143726677,26.468266324535833,47850.86512846078
158.97361220169046,31.305709554634753,53238.502577529835
167.18031745151922,41.30951007922825,68680.81519681631
247.13787438341183,40.26904913402695,70765.68004940424
206.65319681272774,38.41172313399644,47422.74026660061
162.10410493259104,39.72723060595175,53512.1900089708
201.33004732491443,20.415099917757715,69481.34708296075
171.30373056555828,46.12509086176484,57363.977731737876
277.13891912668254,33.5727632879337,61571.69944610798
136.43342758522394,43.72125927589596,64980.49659463337
223.33000946136238,20.765313947224307,44780.22410991439
229.39557163437794,36.795979524368335,51723.25477740416
144.82659709106247,31.05548404598606,52708.06740966281
161.51383942352368,39.00484106106912,66736.81059471957
183.7217743252113,37.21949316728192,65796.1541101965
246.19182209532022,37.56233458249425,65805.6705305151
199.16607043098165,27.58740818237956,55181.19609169389
212.99734731722313,34.60121615426972,67206.52515624685
230.97074436611868,33.738830664494614,57371.52098591427
238.56366247807358,38.46717029195203,64600.613128995086
192.75825703634632,41.92507896803427,66177.71695114631
196.13998520828937,36.0533314540603,71446.06043819411
221.30698011670688,26.066793981279808,56118.166780666776
172.10058124795995,35.75305166696737,54052.23920570209
243.4720830968177,53.277533598864835,74132.19498988324
132.48067502991964,46.522037288914504,67938.09153326259
164.50842874560172,14.179203060696107,48785.60247725742
233.7609688256358,35.443402075863915,50245.01415281638
179.6325548330149,41.52483667678741,68011.48823060389
158.56227529995917,33.723710912024146,43013.48934500561
163.40146095325846,31.779363558992813,42450.38300537095
198.48847644979458,33.13125049441558,55229.81051504338
241.88069498364536,38.86532639804256,60220.289885757986
145.54000879686504,26.96071017937494,45444.24466645836
135.74605028527563,43.32082056126559,57655.544993326395
191.62607445966108,34.608049058113515,58763.56529480551
268.98187037517926,28.454830081219157,53810.73026402001
173.71599442451364,42.870451129790865,73714.996482782
270.05647044706285,24.184083664218512,59969.15795541376
250.3359147664676,31.113529320988913,66816.74611635735
174.13374043130395,30.998274543003852,43748.141583735145
236.5979455464177,50.00759356765292,50112.959400222564
216.94366950322967,30.2048546195239,60233.2528831625
196.46073044660045,19.915243456499265,68751.42479184791
187.42663947994413,30.92729419304601,47717.11258703115
236.34813844138594,38.188852431833446,60172.87735348689
232.59098236869687,40.488591826085226,49536.51138998381
226.94058539311035,50.935777854099406,55810.41444994552
293.8113562623057,44.84828299690117,64721.82540382091
192.98660664324672,36.31545815740606,53067.50733159051
234.88493717215158,28.760091726976558,46311.1211129988
245.0457002497274,46.36819201943151,50738.98455779873
166.39196454464553,32.42005514771638,40306.37187096036
139.0223525180608,30.392899346497767,58037.96279271148
185.66835482711363,32.08048338492151,60736.97877558604
243.91022900948516,26.233982327722334,61139.16412976463
174.73276131358614,31.744859361803172,48273.460550877375
218.83487807759192,33.368241690151095,65349.745426521295
126.20416727748277,40.114596240684826,60716.85855431494
181.02018210533527,32.28338165429287,55902.29887919612
208.1128225315904,26.127785307130395,54182.897200692336
155.67777972355668,23.773594913203098,48508.09671984694
252.35010798288886,36.46698823266181,60739.74308975274
159.44623283853122,35.50838097428457,68599.66002308903
255.4923180595498,31.119811021507825,67053.72558039227
166.94749583118272,31.727804776555505,53247.194166633955
288.7910606742593,37.71940852959419,65201.999691462086
206.83499446665166,44.73382377582543,50441.07979697096
148.18352590678757,29.538987910992084,60217.728799610384
144.43321410816583,35.62231985350803,48498.18900910839
146.39000231669633,41.70789282803727,61627.66301794229
205.10028835928586,29.56719996861925,79816.8187633357
235.33439309114448,34.890575198056865,53650.85288021862
185.4969948397873,34.734030778386334,79825.4848019676
189.58529660334943,25.820933354695367,58820.353210889065
205.0303099535185,36.179491563359356,51420.88730310067
198.73584879686382,35.22081275023102,50635.98878335724
217.23428039885047,38.8855897471724,77366.92796939904
192.29862774681123,26.691794677375015,59076.70496618364
220.73071618846882,35.06979269682857,53211.757609225395
292.31520373230916,44.67213844559066,61430.66036253752
180.55352920987107,49.542498823386005,62391.27923010985
128.86726893396622,43.960904882801266,55595.3563504082
155.0569461486997,26.760499460448305,56916.594493944394
200.98066604098727,38.15736877430538,71857.78056386567
179.99958752238535,31.617973975272204,46667.456957341106
263.69597484798186,36.98730415190945,64910.44584744786
209.54955024300943,29.594483059561533,55618.32977734844
197.3695945823153,23.0056859070339,50548.260132089636
233.4038097781377,32.58837932910117,66183.64523222687
171.60112291267478,40.058218876270104,45182.63026357198
237.08305748528954,37.01599828831668,39844.39918487823
122.94066309246094,37.82063501940048,56445.95806596024
208.61135121088813,36.51445226085565,56511.8913058794
262.1485408070614,37.831692323919974,49094.744935137656
231.74609569162936,38.706582313606916,45285.67935926481
243.30614547903815,33.07722999731767,73492.96035512142
184.92230931221357,35.580233929937314,60283.69780787022
237.87341355231862,47.20280862408784,61385.45900124284
200.68365373245274,35.99421720300797,74785.41029321468
208.47483184178378,35.297944475177424,65535.23298334777
143.06213627472772,35.720191550584794,69264.42107569079
165.20466281101412,33.474640371786464,46090.53525040877
200.6983311554011,31.952508253954377,46673.67436180035
143.03684688373585,36.46074967055802,60151.83254882196
224.64863553104152,31.45999358628594,60383.438377740764
240.73493362140692,33.98139549365949,68177.8052738079
258.1808351833028,29.46639705431599,44561.34799882484
151.25330007289784,35.75608263174022,61037.00482350309
263.61671601656457,39.08936460923219,68218.75899682226
144.921158069789,33.51659598062359,62346.6404385603
192.5303508044007,20.94135094177479,50778.29059347779
240.77088902394993,39.132600808388304,63570.912459223604
145.4713385092729,35.84128689931832,49008.62324341588
131.49779433189727,28.04737984990578,51344.59993227446
133.95942950010334,40.41289169626291,47070.197201697374
196.4021933534078,25.21102359498907,48882.17449603035
235.67787714435042,42.31785330727128,58045.68320573076
155.32886759083812,34.59843366246951,51446.64154010515
154.90292362447815,19.117944472358687,46891.09394801367
202.66187251078549,36.24830711084266,46949.37337700363
168.97301205203206,32.15665342336345,71122.3728941311
223.02918490610503,31.102054957238046,52932.16242022361
266.74331833091924,29.835919669806472,60598.256806428755
228.32080921874933,34.10948946398089,43716.13058649971
248.06514701745084,31.60367923183001,68700.96439821161
197.28734169672114,22.003168297681302,55678.23178624988
239.31830523639795,43.904475206740436,56956.14825536955
162.92048353602627,33.28949640826736,51942.41228619414
145.07103183659603,29.87645488885216,61289.48700047373
213.07894557898015,27.101034222182683,32149.89636620423
141.47366780494144,40.39512447217045,49121.29971084249
251.40876585542804,25.910976216324325,55561.575851845904
217.69890080004348,35.93791111300577,56778.75509650089
267.60135697254753,30.914456986884932,78315.24634918717
177.15645651661418,31.322062376063673,52848.15781775075
193.7739978633649,27.2750832831687,63207.01786632907
224.68413458235253,30.657763972348377,71381.57065864473
169.90556609070353,35.061686740548005,61322.08842005516
199.69546415865435,36.64718558444295,51927.74816514297
213.52399962486874,29.50085263101915,46023.23935822347
278.42775050341356,34.3634591829381,65531.10290153496
225.1246658876421,41.21918101679295,72439.65614381935
153.90434355014926,23.361600101356494,57963.15649211333
192.66092320304546,34.956117184856986,66602.2630399176
204.97056453104125,28.34451238218479,76545.36708623818
158.11469584081976,27.63121079518428,61067.894765719095
188.31282352617416,36.827080590986704,48129.94860196333
174.22152616398574,31.183239719327084,55841.277738674224
154.01300764243427,26.482378116354298,65040.35225139311
196.48401504529585,44.26998234448991,56708.10554944563
160.6987847770545,41.4406266003228,68705.10309357522
205.17490570815386,21.473858305485816,53870.40166911118
161.2316168799702,24.679003103985522,56653.81494101607
222.09072277525576,39.15419949923077,55889.856143719924
164.44407941892297,33.00588316873771,56703.912795660195
252.27601036212755,45.5040225104847,63179.15267652985
134.3829707372249,39.314354789787075,42414.84437793509
197.5454374833622,37.09625866697799,53795.45030671553
177.74938555990505,27.84696115722194,45084.11554057922
167.94023228898016,38.4400820640513,53198.76745193736
192.2799787897656,26.069652316746733,48651.362037199026
241.09965210358064,44.136711733870484,68735.91525391681
256.8663406765112,37.954970123127694,67936.5537826982
176.128278502139,29.226185962696853,59629.911055460994
159.1695947233795,40.6327419969262,46326.30322643171
221.60538429557874,50.690674223954346,60448.24812389305
204.19129481625117,33.47668030133384,46058.108202638046
165.14057725145793,38.85289232783905,55237.84197929931
227.44722959390253,31.977194762162988,62452.493696672784
197.2172794576706,35.59746552332842,64957.26988941989
212.7564247705464,24.44935807977987,58984.51625186118
181.38754359611306,34.99629340545894,66415.66420789738
189.01613831822294,35.30504130881428,58751.27366685709
162.59785139855506,47.59298443791324,55870.034835167186
226.87742108959566,22.434978211076555,62079.274076325615
159.54625196355147,33.03381578624555,62522.23029816327
230.225541784499,44.01682052481725,55940.422766367396
233.39859230666,33.307599529408705,60805.80491183851
225.40346637175742,33.80060926910502,55264.2675000406
131.9641345733463,29.167186825824782,37780.26414980584
173.11553089958554,28.471762338160694,58449.75618972407
191.94768318868972,22.219023639167936,43908.71265592889
205.75645675496298,30.59549326649092,58921.01396185359
257.8825131583607,28.074514614215136,44957.47596712527
182.90306215765634,35.82627183559951,50795.39820825782
247.61213957676867,29.48632258303388,53832.38100915035
160.40709922270307,31.642863104660453,64689.53804421045
182.49816812359666,31.83456224859638,51541.62881349803
141.55115685174596,34.66284372396739,46306.798000029215
224.8006970217241,31.300344205166112,59951.099850289975
158.6758400088595,27.567497370440076,52638.507092325766
171.43513351146547,35.60036510763487,62427.63783047901
229.74419752193415,42.47238251385228,51662.74384417334
198.9177518780014,35.89926337053542,58827.83182086142
129.69218193123055,30.731256932329647,73742.13813886058
122.07638410019786,34.137975164344624,52253.2088962908
196.33760311958892,20.64557060750423,55547.34512571864
176.29445267488745,34.024180753227945,42709.95225930079
162.5939761468376,32.19751941636669,48411.28840003484
207.883350431346,28.465777493954413,59595.3268144186
168.3190421035917,29.735311533676224,52365.83721398251
205.36844610322333,32.12835848922247,61513.61474358516
183.24675711088173,41.94720793204544,61086.199309775926
163.40040025166815,42.644422917460645,46423.88028619239
156.90250020849325,28.503123869095326,62594.66165981198
169.25673060433942,31.373458387296246,45368.68944700585
135.54546772884697,31.551870298979953,48157.33777093574
176.60197769634948,40.666818608850875,59017.71991721547
253.59876075353375,36.01854586842132,71670.4426604286
239.14535584190224,35.649529038487294,50494.40849048535
182.5657737180668,38.75383829394833,58256.60010003594
203.48733898630923,30.825106141123477,57520.68257327048
202.52814701642694,44.5472060204784,64280.942912266015
238.6736301473332,34.987787398058586,67822.90662655047
169.19375997558612,29.008612876656606,51675.47417226221
175.45555027792176,33.39251829341512,63953.696602440315
175.98545808632122,43.623498269455105,68319.67507688893
138.70691392339393,32.024005048113594,68713.6243426636
177.23318334490628,41.64690459331382,61396.59987530757
248.22149609995122,30.62257945059935,58860.67776848846
256.0369330081456,29.640354122558854,53792.34957389636
152.5525793911724,39.617181874160046,44371.80942591545
190.90813767260528,28.882192075479814,53290.217239764344
183.442811799806,40.757781751131866,58375.42397696251
194.1053729306798,37.46138199316344,56395.51710281839
201.11441332695927,28.884842458726858,60590.90208764712
132.28277606472707,34.49990079203966,42930.35645547647
241.1411838748747,31.158579966083238,56057.82269856282
275.9513627597428,37.44283589668342,76290.55766432169
212.75763455522304,48.21458771468794,68222.8117092501
213.64915262323356,32.40506777978804,61852.83630555194
198.18859434209918,38.73643391700955,60802.57838801766
179.07928932949466,35.17108449167261,53374.95795652701
158.4435198187328,35.16840392144226,41539.64368966653
204.42819979515542,33.84356415487933,60575.60761812982
139.76245683263667,28.99807787553912,34465.41607699212
237.9200224429289,37.345979644977184,56280.909414383925
187.23130274927672,32.97880775056428,56145.39162223745
186.63335041819823,28.66639941382892,51772.58268377306
178.41622609187834,42.099212835738086,74882.247156673
274.05797609709214,35.6930673589164,74376.7120818823
161.90676506378094,33.403307298597326,63670.715296561386
158.76634858097736,44.38039630322409,49643.499341060575
160.68538292510038,22.147429251269017,68930.09076577036
213.40475488459413,43.90974562610362,64322.301612973126
286.659130436961,28.83868435604648,50731.03490242618
169.10367779304863,36.48072777590864,56430.760525843114
254.47372230900083,30.88355372115502,65527.65170185737
173.67601177845015,28.538992716833032,50165.507710095335
212.0675386785494,44.19720568177904,60497.053062786814
138.60815625729776,47.993515971766996,59184.10377859307
194.76008970781623,33.45142044544245,47708.16803448825
212.90439999337764,37.348322915360065,55790.879498990435
199.0920335543765,35.3989387616375,48843.94610337574
169.3641494946893,47.11354786146998,64928.69008888895
238.630569368483,20.207946867825257,47557.79046221948
274.391364479765,37.63986408889154,62662.48329923498
191.0226916344405,29.910115800992465,44592.26428025461
210.58404540327274,18.50825184970175,44830.047482722315
232.15809092359484,32.47628931799531,48084.58365498268
169.76483090002907,47.936341536373874,55821.30368384791
245.44113625776401,30.407655667197197,58906.34251765541
173.83692670543473,40.53535854595228,59964.58451406428
229.83764859409746,43.39070537944357,45794.936641568216
152.94985466791513,34.91112238166334,53990.53602233187
174.6611680740337,35.84318932887904,50255.83643799993
198.79868454076052,22.985914654212216,58842.99753838564
197.85935785235517,29.986852957791474,53792.08882160752
242.68917040663783,41.349053370309974,59388.31941459243
290.7779925040051,35.424753679259474,54341.14725177946
152.15727295911276,37.57139009010577,69513.94193411752
172.9359793276193,35.932103057781354,45945.31804573275
181.2265042044259,50.34402761007502,55925.800208233835
193.02826651637224,31.986361181679793,57035.059477249975
194.5782658066687,46.23787030090417,56986.00092002176
243.80430253782083,35.934522555447124,52649.503347005404
229.01748306210038,46.85939282206559,46238.15191063646
131.74245077076955,26.42515337519295,47949.24286050733
190.60291531492626,36.292565453416024,49242.390047669294
208.41889653340155,32.24419251253571,70154.09576477754
191.14361338241469,35.976306350950274,74994.20862085777
155.80991054769802,43.5566338386629,56380.22179819608
184.971876820695,37.65166723750562,45726.4472319567
186.33364202653894,43.542678830188564,64017.81877571989
163.52071441759324,30.308452347082383,47107.447850143304
226.84608167556667,29.240158797333986,52239.647021989236
177.87223046153815,35.112735511960864,51214.78409365222
204.99558379152478,34.7294347512624,53115.33546995304
196.8759716353872,33.69898441823065,53796.75828853893
248.11839111584817,28.289577920305202,46511.14896429843
154.50613482414127,43.39056112896322,51087.99859460865
153.29515425169237,32.460139595565586,63135.53608924118
175.84203824919092,44.98254685548878,57641.367201715635
188.23900814704325,35.08920355642841,57607.667606041956
175.6676536590941,39.539002515698314,39087.738757143365
227.8861201251767,38.90396750074578,66447.94347941167
170.17583948756348,29.230076817544035,49490.09373940658
148.26288549416398,37.570420450867424,64562.047380216114
186.54094934759888,48.49833061126974,60281.123067581546
229.45504389058783,36.7612857717025,53938.63500785784
242.71422760549387,41.30893717691772,46603.95001569002
223.4771463552174,39.8529029121453,76304.98067620237
201.46671354234843,37.14934760855491,63910.33515731693
222.17487404707862,36.305351024073225,64970.73198852048
216.35380579651454,38.8312089138491,72951.9014758118
168.98088981573474,40.34297782532929,58609.88838857149
200.67560859880456,25.53485160064249,65943.42229649311
229.0252224007709,36.731120223675184,54583.750916282035
177.4655613614764,33.71145483476878,61883.25051922995
212.82919239736168,32.25931209443804,51824.949680956044
193.29156635163656,44.07175065320001,54487.82735174129
195.54603103161966,29.867976263553025,56616.56881691863
149.22180210029413,25.236616577829988,43626.66212498016
214.38533390888065,40.57001357770098,61333.009686540696
245.69058365610306,25.057243004122775,53660.662979501576
157.38020950478307,21.504398454290055,37483.88167170905
182.0155957012675,41.35787382992976,53866.482956021144
140.6872768983686,36.111055753937414,52319.928474719476
135.48312780407616,38.309037391581434,62012.9199276807
284.93018204859436,31.903006976542645,61371.71320567409
194.53263216713998,25.309157078736867,66503.23588064346
181.03444889057175,26.69948950467633,58994.404133137294
173.29438530093248,33.09467770398101,51303.43326756958
279.04952704570377,26.09317999457371,56814.41465279197
170.92772298437504,37.149370349319575,53565.47298882012
222.3891526292931,31.76279443375907,60967.48378816746
174.19656533872126,36.29525233155714,56801.085473965286
145.50742898368634,36.08603689758502,50222.30937950666
216.60188524201516,37.707596880971685,58236.34034086452
121.33613218487538,38.49637769102299,58360.44689659493
215.61657339186863,32.592695864545284,48976.15309350235
170.72701191908658,36.287784866436816,58731.375172567045
225.330387280301,36.65205689894122,45629.35740644346
228.89243131016406,17.997767836346444,62964.12358335007
222.1629584608532,39.52568022101643,62998.58853925443
133.80088083048267,36.049595373541756,67857.73189953677
219.34056885507533,38.948342056704995,49610.17998447632
285.28938086498596,25.99209483186916,66482.88247249964
169.8888256036368,32.789587773863246,63056.82506747404
173.2289649485559,27.359293804040938,53281.56576973433
236.00814918123282,40.212209633490126,56477.262345648494
160.00249720064585,25.16418420552054,45345.16386098005
213.66586720236285,28.499416526543754,45322.874965125375
226.65410202276274,38.740198897903866,52770.75043760339
137.69843641716372,30.594378274059267,44166.59291226956
201.0081598820608,28.50126540247659,68494.76678158701
203.49230392060946,41.34703600678128,46397.38823115679
176.14721602941253,41.633982296143074,58524.87389853221
247.8898180771692,40.05449834778699,63414.74332368604
160.31675788661985,40.940967717582055,59423.51706480714
181.83789025558445,33.378945047433604,59631.86582957425
242.35248808279192,33.56784917754369,65706.45430736302
163.88198311623015,30.46343105026478,51425.03019354858
237.36914525376284,36.174104174011845,59287.02135362747
147.19252466878453,31.304711708719065,52259.32744670898
194.09188093206535,31.96853655851116,66625.03812128838
146.47010701264105,39.1993030378803,72540.45349857828
215.89745977647794,43.291774718600664,49795.11410967043
232.1885606970401,37.78782177989066,42525.09321011448
242.57956565385274,47.56021105669797,66090.18789269152
279.7150061951696,30.061390995770765,66971.60524250311
215.13225148325736,22.13417752553519,70417.59395178614
228.7862346728306,40.00239522712688,65055.12019164202
195.8196361685005,29.59716513147288,66961.9537771617
256.2244628809369,33.084154307572454,71757.45553033827
211.55190263832804,22.611424429152134,66501.71203239684
249.4311250004462,28.705528268579215,64209.33629106901
169.10111615074126,24.484408083945347,43882.66423173721
194.87322731372703,31.959877156057875,56161.229559244406
222.97288468702163,32.23813954281935,59588.53992327851
165.34438031822495,35.62972288083746,55092.69738509319
166.36128519920595,43.678060750486225,56961.49065866939
278.04137024556854,39.73834385428473,73586.72808603813
188.5730890753452,23.644812546526634,48404.1218729991
162.78373463095997,39.25610804928999,62782.67477827313
178.81785417955547,35.782282882090215,58930.04404165506
184.96252878266023,34.31521497574732,49486.7698237282
209.02171827323872,34.84110329043942,48669.73529027441
258.88311676073494,36.43186699660379,45821.07468965203
282.8395241105941,30.15679246290504,62414.1490685002
212.54318063002768,33.72354399732751,56661.75079610036
218.82300229201644,43.28757386724284,52866.09743575331
177.91279420148098,30.072659509021264,40341.46988683127
243.9928822028354,27.79078416677433,60242.44074231932
167.10984939864628,34.56804856488304,54386.843040880165
152.02088670930743,27.086034802705566,48408.09525334102
275.7657585747854,22.94051814981963,48613.88999247702
245.3784414629067,32.588729760476284,56087.97041049539
176.16692282086453,45.14035319194747,61712.20900278645
215.54142395071915,34.72977132886175,54845.84049033493
191.8136936982959,36.25003966113749,47445.0433857407
178.03560508957975,20.088961492942122,53111.55077473332
174.4997380503202,38.06687844708663,65007.04005543093
156.60126785788344,35.65356102916854,55905.533590769905
200.5164590838134,30.34559620372452,56632.17983791236
189.76054841836554,36.260353299816614,54275.4328737915
196.49934198173798,36.19085132010572,49994.16798564285
166.8282327989871,27.58358450149445,47218.54132581612
263.28338700506976,37.32297608745937,46531.687023400205
210.91275440007527,43.379947957690085,68599.19100058555
253.04502620741948,33.404409671685386,62152.453129197806
152.49348212266074,28.926840582940244,55071.04936132283
208.9934464458828,33.7569395113879,59419.641264169266
242.50375262180825,40.982292365451,62654.594859465076
178.76718927133552,26.415768124919097,48845.902298095745
164.43211567038506,39.04990781148927,53818.96032383025
172.27594987544754,30.253898790356637,51418.34973248342
173.09503485780567,36.69444156965816,76443.01777758772
189.82055214206613,31.049681074681054,64055.4839370797
178.30280887889978,31.030881314429074,56875.95157895361
172.92422359094877,45.66166441364533,68823.88206763755
212.14403875078727,25.136393866265557,65250.04207048743
141.72671051727576,38.39756324281881,44397.765869763745
179.64227005922555,47.11927087644901,56681.78653518119
217.4588173821869,39.79865348530976,58523.972945850226
162.0263451710298,25.682320866725725,59053.436177401774
167.46857758499507,26.02893643759216,52567.08699891435
165.09870605728938,29.73862236347519,54121.55915143312
120.2675808339454,36.105355380639125,50651.51312844862
192.50088293488795,36.581598858623366,65433.47138013576
138.19329807223227,26.098124119902153,42059.86230380331
173.09566017039842,28.890697790871233,51582.01623435562
289.317453676192,29.319622591139858,43733.27059564672
257.6677522700599,33.73477234319575,50455.24741782739
166.79567242476375,48.89286820103752,60692.538559342625
176.78309156890208,28.467690540635868,57721.84066328558
191.4778945404089,28.161295168049485,52886.73196998386
241.54763892396636,27.06801793399309,65530.09699140983
234.16767414857867,39.448811998695625,70069.97965205341
155.1501968824889,34.710608825514285,54831.539110949816
154.87836813549592,28.72641416281029,56452.56299907414
186.82509242554346,32.460430913551676,52444.06746781006
246.58927781726254,29.45942789329609,62279.48082072981
249.11372071115073,37.071238968324714,49682.470430574394
152.18267870751183,53.790636247574355,72552.68158857145
203.3127125404974,38.85605083984566,67019.81119668629
159.36483621655378,34.34908039424845,45882.62473968982
216.9783139635258,30.345171587584332,50272.09636400248
257.16163080273463,25.596199426806052,59952.35049930807
190.57757845287847,40.13582811982125,54942.98010280751
147.94933455544177,39.75547924856424,60238.59308953095
203.87727709768217,31.737293023164355,53595.34210788517
186.03082028979662,43.49333788059833,70289.59538802945
235.55883769867094,35.147748572195596,58345.818743001946
179.64049269128816,40.423325147765944,76626.10709383478
247.5857130390774,37.07337901423108,64000.24135490901
173.17376611570063,33.760048840856534,45051.120096036044
159.61479583619592,28.31580772084759,71211.59453608604
176.4425123132082,33.9812438534613,64785.16767599661
137.06350328144225,40.89435468226393,58646.30451783279
173.94282002230946,31.443054216704013,60642.36117015529
213.6066162258324,38.07818976922225,48621.37915167118
157.5016105825306,27.420848825831975,39883.81897091852
152.83192391229605,40.46040835291251,55849.6443908419
156.06750597198914,37.19058935542973,66834.40523952368
146.9013921508756,26.585224688144493,57071.0772634811
247.53090094227798,33.43189833534871,71948.79989443267
264.9681278876472,41.520086365228586,71571.26581946557
140.1690206586549,26.186772215427432,53835.44386993136
227.41333678075665,27.50334832962546,65724.68358690137
224.02534868727375,34.51352131649455,69912.66673419118
291.76173346124847,49.93331511302536,63927.17480618002
180.33062100685345,30.29195341172351,53752.3622858882
174.3727562977308,38.46691799709847,57831.18641609878
190.40840987093856,36.82094785320946,37715.755508867835
243.87862163307304,30.873360698141195,59772.80786485011
222.79842223200524,36.12793346249413,63812.750438625066
192.2821229076917,31.865157365335314,57283.18883631835
170.09957646010778,32.49536646918442,58284.84343621525
222.57433034357035,23.371096680588067,54853.9951882807
243.4792960253203,34.82894635593575,42503.95222041242
185.20857625345917,41.29365454635786,70948.69705406003
214.6896043276601,35.4019804234578,54657.80639031398
185.2335239934505,42.63355432575701,52955.0024878848
192.98465484607829,39.06229212161512,68402.28519020119
197.85809843071212,34.58321085568846,64672.1720852246
229.8212202722876,30.60452112895227,59218.09523951104
277.7745958747951,31.59615399247017,64931.566691252956
189.53860824494188,24.706426682440153,45442.91504257154
179.82157039607216,33.130447769311715,55310.41415364629
182.71427410862697,36.02199130994907,66940.00486980261
156.2887653258087,47.00794768459463,51929.67955108415
175.5098855604805,38.698242262952135,48805.25763101247
148.56979929578372,28.946022139034163,54929.33632230114
187.9132390485668,24.924422071368358,55500.08497162677
160.92564123478545,33.55413538956799,60580.297552365184
180.19637794122423,40.68235112779424,46305.59282144444
232.67220021892646,33.45568564313928,37389.19382521692
170.24753406160843,38.793889225039166,63974.41939673307
207.68101974497245,33.73212185523468,48341.66567941882
253.41613977673745,40.01900304300919,55261.53837942339
202.47956597291443,23.819193841060372,37357.01617513097
164.26769544470247,46.2292748410227,65777.27789641902
180.0461156089239,27.212615862434024,57702.23157416929
205.1554313087043,40.55612630810844,60801.865937357856
195.90956157805073,33.094712037317315,58911.21119929896
158.39369628864307,34.1892046974317,38934.05727294336
189.78043608054372,33.31228665820896,48440.69238157173
199.82886952933524,36.789232095360454,53737.733776898654
172.51647381616877,38.202671802966265,50600.64806071344
207.74656384103162,42.40853058276148,56638.13410894636
145.44074167396104,44.85564217818165,58493.43548808691
179.2956057035875,37.32275082743692,64743.311746170904
234.44025051752817,46.99571967417813,49176.05607734025
171.6744407348637,35.650807799757345,56049.64939638165
206.8854663657042,42.54208253577047,64493.68801697137
186.17668302618506,38.001037710343034,49682.24179269008
177.40255774307394,31.15556758002244,53984.415186490136
257.0844068723755,36.26863908065891,63056.51849001825
179.90838058437637,38.522203142563875,57020.13805975717
169.23635198062584,34.77461308018175,61278.71074375622
255.3710507793466,37.88999562598289,60433.593173428875
225.3068815509119,41.05754071528826,56755.64614539724
216.40766609797532,34.83638800602875,48157.18338475718
140.89745482449985,14.392786319222633,54005.25541152066
155.892955558715,46.7478910604536,58087.4491234899
210.88179537973286,32.9168599884577,48998.91031018445
166.13808270894637,29.237038454173916,59513.832111626296
168.0037286512703,27.131227930430278,64701.535505919936
230.35720997077794,32.64487868366449,52239.23862969139
174.41453418030238,31.060765180781125,49596.39173606603
145.72855733428742,29.84093375280716,48235.48776993409
137.49448512491566,30.22511611108799,40726.49436003676
189.42056520268574,38.70819976841876,73367.98257311311
208.30563575636083,49.21254408702171,56660.16723910884
246.3410746034175,40.74400118610431,53169.287616513946
152.7416265764626,42.85818729328199,47532.02886337983
164.6176544390604,32.358129779872826,52222.97969524553
198.38514584731257,35.732657558854044,51527.1535480188
181.82986686490437,37.98537682961201,68411.46150582601
193.4003866299275,30.38309474450061,45886.199742089695
259.18060867300164,32.01988950615618,45990.660601541116
200.02910783067168,40.98186370833154,62611.838293115026
186.668841923508,42.63204928570076,57100.423298513204
284.77174833168283,35.471871886606806,58317.82828351356
144.42027458417866,26.633899734548915,58323.56508334675
261.38926737590873,32.930856117476395,59701.46545296488
195.38878669931222,24.910682058458896,54492.72724837232
195.60885658910692,35.526416868843086,45704.11296703323
258.6035844438492,36.78782177889993,46168.70137853039
195.98478280493669,33.105027052735565,50884.654486357555
188.9478487738399,36.69197855668243,48257.95088834957
173.0492727742224,37.91830867358687,58715.38212897819
213.44144293780403,36.79803430034987,43464.50625266338
202.78583538349756,26.58928795392149,51814.65022650647
166.71105050761844,33.22714972141114,54154.734168776165
220.11700816035176,37.86890084786388,58018.34692069985
211.59268914344597,46.050982399142,62935.76530520828
184.95849486891973,33.096519748329115,53509.16093012277
124.12307718798796,38.85588140313677,49482.97553492534
189.75900062984317,41.147063383466765,67763.8668300978
125.35727422038264,33.623606111392085,51654.702103217234
146.40506050203996,43.03885423241138,67654.14899826907
188.17957904961685,43.415216820016276,55568.83922998372
147.73197593342547,44.66269313842834,56467.95060168989
173.37505464416188,38.20902518289872,55514.51304897139
213.02063723822152,51.52096074760275,62824.77675863834
176.64919349785035,30.693018210649612,52063.111353758475
292.8141198805135,49.86854310325258,65371.293348468345
257.12801223144635,40.378096420609026,72628.8518830859
204.57152157085443,44.382711331187025,67470.25310625743
273.05856656417615,32.75973571820802,67391.23322519139
246.16376485802692,40.911322920746336,49335.44070087341
177.63481692651487,44.98881914565054,48550.62111906882
225.8456579952151,27.388489493932894,57927.57881330823
156.71817767447934,33.856716027292066,61471.866241487034
216.76989294346157,20.011231182381685,50184.74802154014
194.28413983616736,33.751669162055904,50976.7351011353
130.9278948030855,29.287942645779395,64985.35269510912
173.22806792286735,33.47562618423285,61285.931380431924
268.698138940269,55.46550350323261,73367.37101253963
177.34253219400966,47.02462454758039,54807.86552527469
162.73825986163345,24.923867243095575,49895.90208563699
163.49784992374367,38.890168111195834,63949.58370665873
193.05853606545867,40.59251760941467,55734.92514283776
241.2171566281874,32.63472039306787,52985.19822543545
227.10088314889055,36.24815322210985,50926.41611817573
188.79420017611278,36.931875451904986,52882.16276982956
166.05519584248663,25.57372038996698,61247.31755944637
140.04522148468445,27.780694521396963,41813.23466342378
191.36925764702136,36.206077029086934,61961.14983011865
236.22278348390773,35.69581769587237,52766.41534488391
222.95336853133117,30.040060992079116,55015.12963077513
186.0389226845166,29.439367021023088,54306.90348016638
205.65844327821648,34.37154525230156,55302.83951655662
188.7344329991481,41.20305667088291,55479.4144992871
203.85008461258172,34.46459960337191,53470.76407455654
197.0651427692365,46.359115814449545,54564.364385098845
216.29830670021357,30.129256166362072,67075.09546664487
196.02541754826518,36.35176861018378,57326.26514898862
263.88653325640956,32.51993199627196,57573.985770430816
187.9263584402373,39.11572662489177,52193.65428354306
130.54618240482637,29.528884824423628,50591.332615454856
169.2029739548446,48.491784277956285,53075.58444531604
195.27811405452138,23.165713178467957,60646.5101555352
199.55577601213207,47.00836167776172,53351.9974018973
200.85550934768332,35.62991928376183,39186.498612571115
220.82654534511585,38.86697207222839,59049.32347045439
173.2709377586466,44.34167432164371,55447.996870938034
214.21704593423493,41.003630466162484,54097.37085658191
219.38082559153753,29.889811785448572,63849.700545848944
186.29742891013126,39.200626886838215,35434.81917629839
185.42091559648958,48.072317808442314,71523.56570264592
162.4183206848647,28.788958014874243,63113.276298622884
186.55910253602542,49.828999578357845,54271.62733604788
231.57840812934847,37.69991740177995,55124.21268504811
255.29035005589344,31.967405596558198,62196.065776825584
205.53172850815213,28.74697430774222,60158.14323757768
175.74896329750604,33.436990479142075,50805.46155192531
216.47205390869294,21.313051682506533,41679.46604186023
224.45935360988923,32.09328871658849,74113.18061015704
178.88764922472217,33.159509293010714,63580.819066356424
238.2828309002304,27.47910445621306,57802.623026784386
146.1485719842829,40.234916364330516,57286.47756447431
128.13461315945437,33.468635985474286,59259.02695294552
154.65275604354792,30.549438187699007,60653.061099669736
159.4101431511774,32.7226624545202,38525.39088625898
248.43723788946096,37.48575231321093,56505.880929979976
187.62828728180443,35.51254847326896,53024.518997416904
173.29997759081732,30.093174383386955,53923.66917826166
188.02897494025765,35.87957431828311,62912.75112549407
184.72079981065917,34.645268297036196,42079.06008982491
175.95380878479224,27.023750437958313,43961.79273270145
156.8728514860368,32.980467145449175,49719.77963216315
213.07418993731733,39.055367892946215,59556.451888225914
156.6851629661092,39.00496781927556,62768.504645974026
229.77408584213322,33.39024967317624,70722.80145118391
165.22096126281963,39.737409563501835,54274.61940710134
223.19449176424598,28.140311521107648,62924.60980504105
234.65989654945787,28.357085132646716,62335.57048979705
155.0116240996046,33.24121525694424,59486.12797258452
148.62423062451322,45.48296295260995,56565.62285664929
266.72265100033314,36.14276138576744,56443.83762376034
191.41136282412728,33.0724393323396,47807.24603970049
209.88879908472433,45.808966008446525,50562.04593385202
133.37588514138582,32.99143095357523,57176.91589349805
173.68553317764633,50.64313266100196,58360.59941575709
195.78163546727535,31.42101813465478,52827.59929572814
250.0135434545647,27.917898895240892,62298.32183897993
172.94126424295123,33.835466176036874,54247.634960023235
229.73764438974084,33.25641017414088,50334.81610398431
213.8733252967531,29.34596016555502,54144.333532391836
153.45485814034166,53.21381854710906,64730.957753916446
175.15773694977244,37.23038597463675,48333.084135676574
169.36730350228896,38.24974701570108,58152.47105199436
189.356002526614,31.766845130041553,55571.83685155563
210.5122353465288,30.95631430678409,50430.203791855216
188.45582861918245,42.1789084900239,55602.04365342419
170.0967247750986,23.269107591871673,41384.53491958752
218.27789619872067,26.99994869046742,56770.6135508873
204.47505686923608,33.268840460747114,45884.78417800593
197.25825291950986,44.457331139440186,67349.07320781241
201.08111585705024,32.378381189213684,55774.90163489851
167.57956653750102,37.913060900919376,51778.94505933176
216.22808407103452,35.19410075571664,66894.42760146319
184.02376002142228,44.07380889055766,49855.83727670787
181.77036463420532,23.90693887250955,48364.109749461015
158.5485942855784,40.15174242605944,41732.02902351518
205.90721529643096,33.60770749180182,67396.11989679612
206.58967110432212,41.474189357435854,73551.06471141662
179.63645999600715,29.265025257297793,41868.313713378244
244.52304306080882,35.17075148903987,52073.87965590217
241.74414583744226,34.28245302361121,58846.090975469546
152.45824444943588,27.982951700757113,50140.67859474156
218.1650624507222,26.037108909371256,55429.86744210605
184.62500810757598,30.937120466958003,54770.98258335471
297.4976269944563,35.909517902965,63943.41124407347
167.93424610843238,29.70161442986855,47300.19427585174
173.8697069117087,32.689485058805275,57224.9883882231
189.31420248488865,21.799418518615006,45197.92014821233
172.65983245698254,32.405450556613886,52300.256335545404
217.75751904184705,42.16510652637505,45287.75836723846
193.23269294163737,39.93626228179058,54480.60597512138
167.46297738917463,34.39154644081,51177.41010073232
195.884557177741,36.70556907509914,64738.688998142075
250.5811710921459,29.2021772308409,56843.4351903877
232.47969494164857,46.371070783039805,61760.35825458923
195.09186485506945,49.474337545597336,59472.42454626231
174.6717541056583,36.153765414941816,39282.170867305314
162.54021356510577,53.134800852430445,42660.971796920065
248.32106795825038,30.238723399252606,54959.491021150105
220.22071705857073,26.24244531951733,58007.61003102488
203.07067593920914,30.032633721341174,54219.82568826654
248.5450179782614,33.46356814447506,51404.73134661773
154.45620540225448,51.184465858420744,55983.25341710729
216.4982917576258,33.03188610815828,54534.66264359357
166.98476017559904,28.98240931037185,61071.64665906248
154.28454528988271,28.710787982957942,60213.79072379134
191.6707005457538,42.98015478430296,53810.72015592319
184.0135729390081,41.981112238163256,57325.70042810426
264.05799756247677,31.601652695524727,60554.263419984374
178.11595695480594,21.869511187459914,57292.4640768137
236.24463637294485,27.099845187035008,69622.97779829772
225.73184350130165,47.0487068624968,60395.210283690816
214.60449769739307,39.82165519184629,67895.86474357711
258.1908429432368,35.458229628908136,49874.32557601382
185.97379289222266,48.08183221205741,53840.57010927808
184.22944780378617,48.70828390968062,41886.90491205962
160.0762445725161,34.74842278627091,56772.849344522176
173.38493565113515,34.876997676278336,61227.33763667697
248.6180087491417,30.925673225215462,37245.598418508256
192.5636543749446,33.00777698760405,57862.389100252956
179.73326431437073,24.595725169399152,59254.352750729995
166.91548740663916,24.56729536671158,58478.562851105045
193.65023317068244,22.941387917658687,44875.7161592365
221.12016439799748,42.59035904843611,65602.54697929791
174.49149816707356,24.070184439612056,54274.478523108875
227.0579325563491,48.64973609094309,65774.60944755367
209.8342611240789,29.887354761604165,55264.527876578206
231.69827142283958,47.161449347477756,63975.52522805009
170.78417156839794,32.444619599941674,64414.913880554064
209.98543483600935,24.03669260355666,53415.17891555801
159.10004794803515,43.98645228645829,59271.08513901314
181.80093794084246,44.813059393432574,68145.20579177905
222.19863550520412,28.657642998130925,55301.847852501895
210.06356548837056,32.678434133817845,47861.37906538386
163.5386538526448,28.659428444073146,60095.269341177875
244.22549936711167,34.156313138795966,69820.86351773687
141.80087650583346,35.754804032085985,65380.33065358459
205.7181699362259,32.540318586192,62414.036919324164
281.1505486840087,22.26776023226403,37507.33233453097
198.569451895727,30.933844794369843,51055.85478987502
233.83923493722943,39.92463134487829,54659.141347566845
205.71412709866172,33.537703201828585,57258.126473683114
230.9827514001675,32.70791560706806,71061.08301501043
213.03361116156486,28.484564184784645,47423.836502190476
217.64260227061646,30.729640415616686,74625.69561566657
168.24875374948078,44.86263674607372,54489.45901624863
224.70316913748144,27.021559202385244,49936.61948002448
169.37235037071633,40.04576167679661,63544.28247607891
279.38108737423903,35.32938654632467,67264.79656417
168.24605862494917,36.71367464184981,61376.506344319845
169.2372460747825,29.873506032897676,48900.06615715797
244.29059079316724,32.53755843766458,61964.84439561686
169.9281022007151,34.959958738796296,47672.2174902937
181.53238984882228,31.355331247735627,49314.04130406124
220.83875910201652,37.320024728255845,57482.74663781053
159.78098153461917,38.2020731128615,49544.25593942148
159.82450538425718,50.20894636533944,66446.60600173414
193.79468457245162,36.9473302055366,52534.8559476994
170.00547027948255,21.61430141136814,51910.89972995333
169.1238963408856,43.14113356587076,50254.610347830494
127.32063588322119,33.572905508546654,62575.40216916878
182.42055036149787,49.08347754055798,53624.81919180727
177.57318420056495,45.296471167537156,67179.52744022668
135.95244952560705,31.463128314019034,62825.83804628739
208.7984681793779,40.05331948709823,54795.54414684334
209.45359088728947,30.842313965764788,56697.375877490755
145.5702404448845,35.018835784902855,51308.02853276463
177.45801997074568,39.73189370047768,61416.51914783073
247.14935650930005,42.79100144232557,59019.99798022809
204.2105894091155,41.26644080220368,55087.19888885226
186.36446391776582,35.5249274233898,56990.017360897946
191.6193668087861,52.383967300568514,47380.05653686008
166.00265355927573,32.44485715431038,54779.14642352655
235.72650433923872,23.749595578104916,60795.304906212354
256.5436233873928,25.097104933534727,57542.937278271966
255.7075894515884,45.3180541108564,69201.42290112266
167.8108216999147,34.46342956107237,52764.95173035448
176.85419406520123,36.11340248637865,52712.4809930707
160.0327778650083,31.202332840529643,46054.84396852921
176.51236736718627,31.83108264490567,52372.62052512305
178.94282149855187,29.490328973354934,71004.22367312759
210.239217839523,38.29805569331062,60256.10019522774
163.759310654332,34.3183405772403,50935.6580693437
257.9281146026904,38.04503764462381,51763.74932512968
151.47656871867528,37.37606869722238,42873.352832321354
125.90486323392031,32.018848864569726,47388.18023194267
243.56060794734327,24.78888562288049,62111.14412095506
219.34508681141892,24.1794028280045,51887.379026421215
181.01976110722305,56.18656114186546,52505.5038901963
205.75125221938592,45.347214110963165,52544.77581571735
167.76652379841977,44.3812779682385,62641.53912598222
161.0609153244975,30.277752351091735,54226.45790458227
192.23374836084514,35.06656813634184,51723.34252131909
180.8194845651031,29.292460453317805,52829.540644376015
208.07857654363164,25.815425333838768,73018.70196071299
167.15019390594748,30.878585357370092,64918.34612367091
213.96449746942363,44.28329474400705,71224.05554355062
228.44777421945406,40.88521756846779,45323.30538695687
160.83090340131358,28.20966398864585,53328.167521245894
139.48648815455968,32.796287648897675,49416.32619544443
189.06460781886332,40.24386220355606,61959.41159130247
229.55547521910535,31.003200233688638,65595.40939057508
212.42788793918564,35.557103713829115,60164.73014652361
219.088459292289,37.812932129453685,51304.61670029023
185.4851621240914,37.736513862908915,51711.4566878818
169.04504963224304,36.779017993832,61181.877851255325
198.5991291878123,30.42411978352243,61802.78908098866
165.54000497769331,31.143177887368292,56283.060801995365
222.4627972247647,27.064451039355625,57059.160838684315
164.6531874144512,24.070643845484092,54364.288518425405
174.94803018179,34.1967588081684,58135.42805406868
195.90256166443478,40.71381730211034,63703.628905995705
193.8310316231299,25.33802324092237,59952.62084197106
206.3765643970398,36.9108127088698,57806.21018702648
188.85272575082274,40.492418493683765,57254.708266156515
257.9480542053237,22.14286361825058,55013.32211230353
240.71216573841016,33.10593229904647,51726.35550889455
248.47652369217096,46.52347140320862,55215.765249707416
209.8012411838139,38.86358712430161,62505.27901395865
210.47220449661071,21.906799956563983,48907.821389167766
207.36093207723985,39.60837623688128,64724.70075784989
188.60007195287415,29.7658424404017,55203.09833771266
177.9389865874423,39.839148510649316,63645.69977997285
205.34474873720524,30.169427633794584,61290.8039654453
134.1568222689749,34.62877288911624,61389.12552805449
126.27174190133792,31.237200620059355,50133.44968240147
242.92158468805042,35.022104059169536,61778.8206209956
140.1348830176685,31.02903878262292,60251.354636340475
197.84571228441686,33.43523230911865,44204.40375639707
208.0496398831098,26.770764941825256,69183.195585933
164.79870402340487,38.43461716789794,74461.59946781788
252.14865945767724,36.22699646050748,66712.89494967749
163.8146788143101,23.684274781270943,60326.877963283696
249.64078160428,41.95041662141349,65182.60357367099
227.85615975395717,33.76598428241852,55106.32077541055
169.6832564595283,36.13233677365137,55249.69087709739
158.68848153863465,40.351931704204304,64118.6259321751
177.38084891533993,37.29769569651989,48830.159366303335
185.01736842155347,43.1564221092263,49498.9523441058
170.2320536458635,32.946931344562124,52429.990274174095
295.0662803735046,42.24100570358928,67713.92183135815
168.45543493651695,35.86047232465125,49113.402196284456
239.01427052615946,38.55343397154684,57411.49236164886
159.8306958407876,37.82540420958533,55192.25584286101
279.1714611904677,43.68511227716668,54100.6827176106
167.99078299600512,40.04988661491505,37209.868477055046
187.30696855194498,31.899381637831077,47762.876157913284
201.54222684939106,30.511130692001068,58236.373361892234
154.23941473807827,34.65172096683617,59233.80890781179
236.57578287310963,29.67928991244527,60976.305117045966
173.27476793623663,27.63465459071557,59664.96751994941
200.51114152415124,20.103632714913708,49019.84314015005
200.55131213949429,24.15516069519903,48119.47617246501
206.58687846493,48.89784452778067,63102.11710346452
142.29225056492254,30.40449825259156,52632.32392176298
161.0908800678343,48.32422209874802,65041.22044684962
160.10899405766116,37.82208220808906,59106.6440502037
176.01143084018008,34.65169384854727,66369.65871798177
157.87438457542572,24.495764182251364,50142.963260372926
258.5921771183681,35.03268226903234,67599.45157910789
196.58085154686376,48.245286368777606,75761.50665460314
209.08086144023883,45.903457208117175,60027.474869019294
181.2163324852391,36.91967056888305,60684.90071258235
173.4344022736129,26.959321438664887,47231.44748982914
195.54795673755058,28.299842583255934,62686.428600208725
175.25160578791625,29.03185709625278,64120.34493131801
179.94357693790886,43.9470844915389,53952.37010686712
190.37522724761533,46.42204305276131,63526.883564066724
195.81704443897002,36.3712498447731,59365.89255791165
281.44025050624816,32.878436951337925,62379.59785404524
167.74136496901727,45.840973476626885,64185.5853886001
193.96206613113839,28.149985213945314,59611.225365653685
158.51771723701327,35.36276329320256,54493.72190304857
180.5260829731739,38.24076199682291,63569.82581663695
221.21004748568913,28.960395749765205,65301.17923520682
161.8483450688614,30.54860045026085,50510.684954884615
204.11712725308521,30.00383694568678,56109.90398755096
186.8220625632073,44.9170879919166,44241.960581215724
141.38566315356564,48.400570939399614,61511.93119952792
261.66375478566846,35.80354771165592,69153.43133899388
186.52191824335318,33.122469890700486,54119.70480105707
231.1162335894415,30.801112475046928,58186.12636827516
186.7844719685075,35.0122241941523,54778.17392899622
262.91135836769035,31.148447739942473,55118.11091534638
174.86909784704406,34.32078830351345,57859.015582807544
186.38919535159442,37.892629761027464,50788.83645869152
227.23090433497148,32.162809400467424,55426.16877447408
179.94553580575035,33.67288356170132,48822.877649787944
181.85297839776297,33.701818604493866,60841.388777445754
289.3377717233379,32.777055956917025,61397.54529636715
201.2138419825942,31.909864860886522,52970.80316672497
217.4094119320879,40.33537622055764,59065.920389150124
211.51514627922626,22.6048477971649,53015.46564222619
238.52817126161227,46.019959013008844,70128.21802948843
244.91533047880452,35.94870624242098,55276.290746900566
202.06688337976777,39.270123031905605,63015.55109445227
175.27466849573335,40.07554448204213,51382.56949140961
133.21308281271095,30.043585879786,60516.10589683392
207.97986847092898,28.599490106745307,64246.56299076539
238.09116039298593,27.774115007423212,65288.821611761974
190.15399019097708,33.27052379119988,68094.65798375008
160.57633639625038,39.8944328408572,58745.661868823314
174.6307055212324,30.91366582345423,65302.04888630335
196.26648030689668,39.25552148124813,70697.98265229975
240.11276904672883,18.424551467971607,45447.5511603426
161.498786736526,32.30102958617325,50390.671954401994
207.7113835328589,43.169961573280936,47001.28676930957
226.4063505617093,33.80320097676945,66142.41236825255
262.52472210313465,29.195994546836832,45596.41221582623
153.68074237751426,30.402097445036823,40433.47818134121
259.7950287433716,13.803842058522502,44807.028097201524
206.44908911417042,27.917386207116554,41857.02286871227
228.4232360330044,42.40068960758808,61862.56696879971
141.89916919529395,30.921780631726378,45711.43381859336
195.86073506053285,31.748189465991423,42695.96042961986
208.96675136420885,18.677314690745145,53567.95121429065
176.4767798379668,23.584135448212066,54298.94850673929
188.2817766427675,43.330344250198266,43200.04941808126
201.06763447051298,39.321058564630924,52196.58284270266
200.8735794927237,25.91792677992398,54609.11670952966
138.9686487161918,30.585993258987457,51395.907965084945
189.05415552654745,34.79579359900852,53942.4235583147
166.6498691498742,26.627105874902707,63871.69953978127
257.22879373637306,20.97099281540479,72566.7015239493
277.32174131703266,33.88552728792395,56890.805545078474
175.77609265715955,39.008259935212685,46281.66725212848
161.9412109862146,39.143001238109676,54462.200233223855
167.30569904378078,41.126661698795026,58435.06971221017
192.908634930499,24.125099167541237,54227.71158981456
247.50374257649787,35.40531336878857,63648.476511664034
195.2182996894523,33.12084045039615,74161.0681585817
142.27083456310191,34.38945520151965,41187.649635048045
138.44390621318414,33.51752856456104,50583.66024481937
168.20146689388713,30.376862735747387,67438.57829067901
241.23995623132208,13.875466820490765,49170.95252633768
208.8282557119354,43.132803143994714,65323.29608912209
202.03344687673737,37.309931158325625,62585.05957343158
177.6415734697351,24.609971487244447,64266.79291254984
260.6322707641687,38.31192157094929,75292.04106965149
178.79121285561908,31.86886635098971,58362.45492403126
239.79517711892765,32.06719378507589,43722.92013004001
252.18829907596273,29.621097789576773,51866.83685820317
193.4825689862282,38.75851330856585,74987.51965777716
251.81901161035722,29.40123499938661,46090.207462589584
173.4912834013477,27.322157197365797,58714.60867098895
213.39282962124173,42.922213674241966,39043.21883700855
148.84547152638265,33.747830131632924,44213.39423381909
192.51788679723947,33.967595270054545,63634.86791217411
167.0561519404318,39.847248841936654,56944.41541958481
143.8997738143264,30.326893094076766,51352.49845362268
123.55373043593413,31.7229277914718,47404.63787414681
178.1887828809013,37.14000688805985,40645.59230649093
205.05839613755893,24.21035678275364,60511.78402160263
190.62385284907597,36.5476933273775,54701.68315755059
175.98388121030416,29.71001978573043,43053.56319661854
286.0986574693835,40.98830814718604,61968.21304893359
263.55785239525153,38.82664328794936,64883.05084396946
155.06122665560716,37.901838498825214,54271.716049127564
186.66756461471476,23.7512894601181,55361.536826478754
212.18587055888838,34.27623223378326,57577.94669990346
223.49809096341068,26.759134077100057,50326.2569130404
182.04039895715317,34.74195267916082,56758.51583266363
225.35650468840726,18.793042261771827,60116.86976716596
154.83286268374638,24.2141741213733,62026.29928333958
178.85036585660652,43.323235261881315,64074.21118539406
221.08784972895285,37.583372232045924,52908.44270245856
209.33575166648012,32.52328906764233,61897.98757619939
240.20983624677,28.638796741196444,60603.05209419969
140.2425173836577,27.410222576890348,48166.408276667906
161.8392920860926,36.40109028561968,52176.62478267113
140.6451694646814,32.59457383285358,60021.81418153108
164.06256358688034,45.82653028322093,68533.68326100857
124.02684308826572,33.70665395992755,39687.154697874415
195.65661604523217,35.411043445711734,70048.89483817302
198.2246794486939,25.2804757236124,64324.49160388893
213.32418745506706,32.47510542376002,58520.673478369514
183.77899217669344,36.238939835475904,54734.222853651605
123.08123884660736,32.39050002150769,57110.130463261376
215.37523855745124,31.600600264980372,51681.46393535704
142.0184322179805,37.28836737930726,53874.07531560394
245.78840217036262,45.60376297092692,49408.66042206824
133.16099700775945,36.014785592154794,40863.58109992514
198.458056482632,43.00930398431196,77193.99595704435
251.96248025955165,39.35121664263148,60419.63189377468
203.1076426353534,42.590473622674956,60279.962864243644
207.26829967106556,30.731960536573535,56123.89886108689
216.382861980868,33.55150753510919,50637.77906837245
154.56662888102358,33.58058500464735,52733.94094191485
215.5097587516753,38.82394065594783,59096.44763629948
248.74176367647266,40.54688975548305,58512.598648958636
276.20692304605285,35.87539333778324,53891.41018534014
189.4080559258917,41.13694604163105,61627.579322266
180.02219598125214,31.05667966113039,57097.80920742813
226.39754867190305,41.197642870293876,62470.30753084459
199.8077815724849,42.11066609530107,64054.39726920045
171.46526747581476,39.74247442147264,55450.262708442395
161.55118691814738,35.93918848436849,54454.91503427292
161.30107375147628,39.993263326834764,68310.57681546043
191.02077135468016,28.741968743330574,47938.19136833015
161.28729244764043,36.38853585052146,40879.95443766957
132.07778848201616,37.103573337775856,59344.867527693576
141.5057439516852,25.693390357939606,48600.961558247145
260.76053753180514,38.322089770576646,51374.081069570064
146.00295333643118,26.258268920227295,60915.68894859476
146.04651754871628,32.004571914633985,53516.009203696485
190.2188461707401,35.27832671493409,46602.09014149442
170.15788892573323,29.884845307570355,70564.71114048471
271.3775786088607,35.577878270342225,46769.54834186708
255.7874343129895,35.46589893305354,58378.304155000755
185.66785990291717,29.258728524488113,40318.191309844624
189.97338579407733,38.97582121177032,59569.634590522444
182.85690725245266,29.65090447685638,50293.00308819249
137.89398140083946,51.01582062314286,63588.97314279118
175.10534579337374,34.23364823668577,55855.40372179991
154.60721248851826,26.800940985069772,64948.481009825555
151.35443981124348,28.109607636503597,50816.80257790546
201.79877873306808,43.03306325288811,45847.66476040835
150.74403717073076,32.13593845197082,56744.42952473513
151.44844310031434,25.453653345190222,51834.456326670595
193.1921406329707,40.97598922989437,43362.160022857206
189.33167001392468,32.09098278555342,47632.79715449125
156.83455080443466,39.57393657783546,50309.5010029361
124.16189967965074,41.54896217959289,67601.86519714208
164.16781041283846,36.921244771659815,61720.84630843968
169.14980151893914,51.771351769797334,55975.23257388652
233.76900892822704,22.926802549467432,59126.53374886006
256.9073808823093,29.27434947309734,41205.11741128648
185.7832716666942,33.2083499677723,51650.30701448129
185.69508721827162,50.82821470025685,62646.51279398013
220.53987787176936,47.58601729071549,61817.62489286205
209.48595393462386,44.020836071757415,54906.89767026294
163.07550555759877,29.44113241477863,54494.66249568023
152.2356054432017,30.257396821606992,57311.12116196869
188.86925321399536,29.20007975401682,55440.14397558236
202.24331662261795,29.51601178371466,62857.44777199851
156.9894980815953,45.44893225093182,59684.62194151935
175.14765778177104,33.29363013622909,59921.22510085054
176.3903763740229,34.2195128474924,69744.43105634557
171.88630940050157,40.42070750846402,63567.81690070755
191.1805045397091,23.35530418176218,68392.74640819545
212.71469947156885,35.368520748883974,52148.08933209136
196.2030917811479,27.321897899289553,42621.329858405064
165.19328486573238,32.93909555609177,54319.07106972979
151.44973546211162,30.89505514228551,52874.27703496744
237.456218256772,30.5341347777812,68925.83339118936
193.06792264471142,36.57907264694455,48021.890106960855
143.76569920400868,36.54849381674758,54623.38808473857
171.55165230732936,33.461255875362106,58981.768662039794
234.3995562005564,37.594790400938095,59613.0222173077
226.16173141268246,28.919698214025157,55168.29184210662
247.77867541345216,39.771101083275994,62722.9783717994
206.5219205321224,33.55660684489676,65562.95593944525
187.42564376601075,31.614355065034722,68211.30462009268
187.7899494086904,29.43668831807913,55790.37186966014
164.29298587485408,33.310217776733225,48945.86910992463
212.43028602840297,48.09447479792146,72492.9957904552
204.5437790597128,34.55680360928187,48447.31162858292
159.2543701806458,26.989175246995927,68622.77485057648
249.89169454268517,41.43173346749532,71106.52900338313
182.2356664549946,31.69650094945772,67691.42330624675
140.9465702699238,36.986313030467294,60696.22081635884
178.4828361062673,30.760376147013954,38590.27885331211
246.54023433521434,43.965413213002186,52526.27662757373
257.29597941088906,30.86468170347825,60396.464273646256
194.21318249905403,44.78500585004275,53292.66252596809
269.0359092497819,27.655175908298496,54917.996369248656
247.6579531379885,32.94965529999164,63062.7096348056
238.04894308810373,44.79997050134747,59304.7913479949
244.49534272172508,36.17721957346937,49092.996863739776
183.49242106724284,50.900261592639424,66425.08193769792
226.870374942789,33.11601685533388,61632.265361811136
203.65875497769525,36.79929997072472,55502.53207225203
221.54148024731245,48.336044904341726,66398.56841024582
162.2735688266206,24.40253748280412,54720.263350540714
223.19772335781786,23.535749767729236,65904.01530499842
269.48328089233723,29.431442759534143,59140.944840694356
176.07118962519294,40.69360882631328,67756.39344883666
282.56734885525356,23.73104171667643,41716.39529245298
183.16309352403218,39.17934339593414,60849.96192433429
164.9855415427969,38.68694686142226,53199.89250512244
152.97982689462177,49.1007316324137,50639.013518777894
231.28146986298663,42.318394478586605,69055.46511249022
201.12617025860402,37.54835166248443,64664.65562440934
176.50560212811504,44.513930546070725,41805.14460138354
207.27228095478097,38.772327587804064,63760.39385958185
178.87725425888695,31.779509617609584,60437.815793339374
189.93609288660045,26.98775956065797,49341.3775534531
245.08282783625765,31.014440774148433,50918.67527298311
214.63569734266704,34.719482878170176,44727.438622145586
227.76665866731327,36.22512883744723,55550.62137720258
204.36276034029368,20.053630813392687,52678.31504141757
286.2559523257607,33.46307765553204,65954.97940490331
169.75620015000797,35.20007238684612,58130.473449400684
171.9904972875061,38.83276211415888,48199.601144626955
149.66668034426272,46.387606177544455,58853.67362526886
201.03671521959672,36.29957474811689,55265.183915998336
207.85537905839408,28.633059866265974,48472.92580278884
222.4249791547439,22.273444314789693,42238.112437242424
179.18807024075463,39.80907670678667,62131.73831335934
128.88733227860223,28.916388483658107,57298.133366626134
210.13210047219033,41.06785884012943,63083.82766621906
294.64771224125644,44.78194106513798,57368.94101663157
175.27400363665453,24.19147663814578,55608.77586106452
163.04975898433486,38.877247911312736,45336.01272537579
173.9955371654661,44.04835687237541,49771.55502045007
187.67067981200972,42.133275276961974,58177.038011920675
170.78452526418837,20.325343941626812,55570.07845847951
180.24709672442575,29.02443568644407,42201.02709903146
210.8653825901676,26.038736459747035,47030.310411328006
180.0700812601952,38.66430928602936,54039.14262633874
184.8368740761569,37.893286364398485,64672.22646335042
138.48302652823187,16.114756854415624,45726.79827803629
257.5502336359576,32.89417865070511,59596.505659112656
185.87382280883227,40.60503881238775,59510.55491443216
178.50745155154084,36.035831938568855,54435.12991810576
148.57651498365578,36.02386843649903,57496.46113380022
210.37111743460275,32.44504419296902,46066.165765579986
245.3154126630918,27.58741341247725,51521.320117093564
138.78199355899554,34.88060923276661,66315.67934562682
157.92488578191785,35.36465415864587,67623.07818470204
158.08197095112507,39.30678164233069,62957.059475980364
206.54389171080112,39.875499470068235,67039.17836408906
258.4093981733298,35.60102993414269,44592.35387131441
188.88471455627084,42.664358552093816,50469.07810449007
179.95827619326076,32.3755273230496,53337.43153047892
228.2912938040529,24.891828010841866,75007.72303305536
224.81234540268,38.339375685927436,56114.49317317628
170.33714962131882,35.88465688072478,62071.7245651871
160.06004100146234,38.478520609759045,59185.84981251242
181.2460876932521,26.148840562019505,57588.362735430324
229.80206907106748,47.535572620277314,60735.52795432002
218.168417114985,39.97351689564549,49120.6962658331
214.3387333246949,32.98402176300612,35460.44213675278
238.7974770224622,28.451827978247483,67048.96459416841
173.52464392620203,42.54007387302574,52449.768881350814
179.5796586035589,27.287611525553004,39963.39440209689
139.09369878660408,50.82955377354449,60573.75881005833
246.31254556831357,30.707565420704682,60913.97387953158
204.24070269102342,47.04353650223928,65751.34344413909
175.62637549027826,33.708683504490985,64845.85952082966
145.28963045145227,46.065226961742155,49340.908847696846
222.0645952692078,29.855920452214388,49630.089238263914
225.71861558436987,35.1318546498269,55380.28744729046
214.3803947710917,40.63324531119397,65284.09264308567
165.47051489353962,39.63453995687076,39737.23578373288
256.34481296396683,42.705332835605184,61972.94124703722
226.37493699628124,31.58769519638905,64607.63710578566
213.307029500103,35.593658609948676,64719.22916327403
212.44846408167618,43.7387200319865,64960.716570392644
254.17091637412375,30.06321148796734,66145.19817501007
260.32160087418896,39.007787427828816,38177.108017646875
205.76729707529807,33.46587832155575,69793.93284305553
186.81899569599835,36.44111874607824,59451.13283476795
181.79508551301592,35.59185151490114,67147.63386314205
236.96803469772394,29.48201794450525,47589.22003592544
211.65710703606072,33.175147655142865,42991.1410214725
146.84627385109192,36.01452576453694,69579.62039308152
157.48780735048823,34.280932009015096,47986.65413907483
253.18207882127214,46.00915164855967,59161.90142212078
249.63711021371827,42.06968889771453,64721.79268771551
267.4767863426201,37.02986348945448,66087.72216717333
187.90899787462862,29.657976720963482,64200.33104353959
231.13765565848,29.231838356714327,58543.667927485
238.58193750876296,48.816677246962875,53212.30365584805
177.32967451767436,27.93080194749464,60606.02107840062
157.93407471456663,35.797017327053666,61434.0172602906
291.9190904964996,37.526641000440755,46434.46378074757
135.6654011488988,32.82073443961686,65802.11683697892
205.9654147395932,27.984573647958484,35867.24941723016
212.3567546300933,29.50572352695459,64541.06478394766
216.40630376429976,31.1744649838718,51673.470994526695
171.28749635247178,30.033549916315547,60788.447422010984
221.80716276283846,44.29404275226651,63906.28959256972
166.94867931256752,34.9361180456916,55535.55837679029
238.7274947166916,31.333392291966714,61088.83535787906
167.2612786896807,35.748706307070435,55287.78508511028
218.38912081413815,39.6756913370644,64376.34596135559
231.03450245894044,32.587662057596944,75011.04838670004
163.67285674863467,41.313869066231405,46032.04704833014
169.3807809784875,26.10197257950409,28916.001877090035
230.3517272475957,43.199125424814895,56625.59902162432
148.48780945031538,34.937333621594455,51315.560938193186
163.89651395347175,34.6639135377379,52660.749185636
190.65402933775079,30.14889972874603,48336.49758196435
260.84384027046525,26.405049086406105,63867.06775984104
201.91247405633328,23.333296449292263,43660.647966912955
184.04054823625904,29.660563317351496,59064.947179694915
278.2057365347114,39.11371254421647,65989.38414982706
191.47857485555903,28.271051043867367,57945.02781987339
188.4868618600351,24.160862699929837,58451.15139674833
186.33254291070995,28.636542824135496,62930.05789041232
176.99270003161845,32.30616677746979,56146.477943671336
178.2775281931689,32.58149144136353,53036.57484920796
217.20447980749066,34.09774964230065,61297.14748266088
138.69777872858296,42.22824442236315,60659.89360188537
216.4099006771326,43.74478106664043,66584.25189552459
165.1631255100122,49.03823753772525,44400.16650210928
183.71245875146667,23.625648783110023,52872.07386206728
158.1028930204197,29.00881255764566,46063.43088905867
200.8960794308895,39.88939609941828,62501.34190013514
222.90613364961507,31.821781491324824,62906.9436487762
180.95478359126633,41.02550528894462,55228.45998202667
160.40541121175667,36.44979401080379,50012.60034121934
168.10169130356178,46.05442947025759,62517.53576537966
236.79999755396818,42.2990127975288,58950.46759104642
172.54927782163364,42.42711638591287,68732.50158943009
229.6613118015878,32.116898739144126,71559.63352862651
178.79318701174756,34.3177740782221,64141.47258767358
163.64651775877826,32.863225797028505,57239.21171238899
222.61586706189948,24.45875499445065,70049.50603980536
191.96874918467128,45.30238478846873,60622.40446756342
135.98935043510554,40.217711161902486,51635.62929356896
270.34086192761146,32.584810131433436,53406.282165190714
158.27286600463222,44.13214755221981,51356.9089764202
180.83967607844414,30.587426472769913,55480.46231672847
183.7678623809479,22.13305872081307,57772.03941837396
194.11270419788195,42.0515882702553,46841.491999067846
231.35854554613798,26.050078368188018,52435.50082208558
125.37942923918666,33.629571740632116,55919.264621977905
261.4913808004,36.44286128548632,64678.50427114632
211.82930501611165,37.69825741317133,57778.21365151199
267.0796322333821,40.93880739342657,62889.98669333636
236.67444624534284,39.06595998387259,49337.7351903014
260.1920519130594,38.84924768593419,52813.97156926169
206.39429557205122,29.464737525604562,55594.45904753995
181.19976962978043,37.0597049008736,60799.6189121059
189.39436192478584,24.461150209649258,56483.230273357745
213.34199134549144,45.93496388916981,53009.26157600232
187.81900178937943,25.182046233272434,52837.17083816168
223.2376024667849,32.57492112870559,69366.65403633131
149.54098611576885,25.767880326812517,58207.42009495715
238.8976826274826,29.888835998940436,55840.109309728505
165.51897388066516,35.09399890802436,47602.0285948682
264.9156659627535,31.298693310387986,52584.54524496479
159.34722573530362,43.009723807019355,56906.20306616276
155.58929925334928,36.588307111739574,57900.32585318195
235.72558353823155,31.75963189539985,62011.06532231504
236.9023941528539,34.064926490181676,61173.94731727553
224.25804901240127,43.53790319939155,56801.834331436854
270.5593646017501,41.362096182991266,57102.06326672595
172.84846801044915,27.028603741892123,71047.76380756489
238.30078046058213,30.235438001022764,52753.3898977882
180.71383164739308,38.3235287307906,46591.96215680694
199.20949358943932,37.473566102189274,44355.35030178801
189.66132433385462,27.64732921020866,52418.11797526455
125.21248509307736,40.24388612514637,62558.90755686703
203.33144135821567,28.76388101869523,51241.01987185797
225.53678287433726,44.12678741699439,71772.3300081548
161.85994237891197,38.70614409374735,56206.72189161536
261.2593589001305,27.07652884547995,65950.46110138492
198.44988373039814,31.296463089756116,50149.01040111428
162.3320876458272,31.174775698299634,49122.93259763705
211.82408864851354,36.11913704911632,58379.2689148396
164.03909976257412,33.572161713912564,59367.58451539294
144.06429331235037,26.981577606327516,52455.423969780284
216.87071949984505,25.240185976441968,57813.580898467146
152.7239598816963,38.843163340785026,60640.16934733809
151.99401323557964,37.003658051949145,44260.289053525885
224.42990437661615,35.73876290043522,55293.34754677011
142.22749584591884,36.895123012723225,51098.04072254871
235.36665854137732,30.667565967324755,53457.14526635954
233.09280113400573,36.287946504426,61713.4809262644
157.37480442440017,52.769538954889875,54266.28038793345
197.15856386748692,43.22196984523,42480.960412514694
150.37656790895278,32.98114084328114,53067.4415510598
210.17385673702938,31.33639777029132,48070.84332556127
143.9354806813881,14.976924217559034,56126.36663584345
265.08294979308147,42.48085907089289,67706.52736708622
165.93799799824168,40.50623747642369,39322.893073092164
216.55161262572085,31.193204215064554,50561.082115413075
155.45870293761482,24.978046219860108,56710.0388546089
166.15727263345076,26.91312789767192,43200.8108478999
190.19496500377963,38.11078503735596,63509.76644388817
203.1764040321766,34.3746148643624,65378.64291702994
295.00367725235424,39.84114412325097,60457.15895115417
134.28882539851955,35.60510196857728,48590.07452540736
118.90392859022563,41.767311824815394,36481.75645882104
180.55989534473883,37.58702598274573,63298.91183585335
182.02031461705428,40.801567661124764,73447.0100119578
249.49322525369445,20.372216123546437,69447.93949291014
256.1857642704195,26.35958100651778,55193.16126607875
248.77821245652044,32.44953831078661,49331.33159425369
157.62890368141436,42.556981494301695,63409.20414756208
186.37703656644214,48.16370808247418,57961.65897324653
225.29818050407815,33.850349523291854,61451.4759461721
177.034098648056,30.71893955278274,57860.31340152657
214.0041111801948,21.315220190195376,55305.572464851364
169.2878577657385,41.04494634851215,65176.52146730954
178.06308725433195,31.14866597363866,64071.77217936501
244.6378748573784,55.708342685507084,59446.86908871653
170.74121953463677,29.82417255975841,47707.315823373196
272.0099472667805,49.736925678024654,43536.01181448976
176.42109455438285,40.23857168511227,54329.64197919415
133.46983843735464,27.802149204750435,44964.1470944786
171.21026212756988,36.6250065205051,59624.152318776345
161.42771408844322,40.39966368585326,53834.689879985744
195.9323305638941,33.42323465238392,54729.26305804713
153.04862727891174,40.86587897386609,62750.195445511396
209.38009790509147,40.71170011544062,61702.25719632363
247.58610479482203,39.17436950415892,58765.50907383451
181.68226947921136,34.88468642366746,69829.33440700462
161.07439802052897,26.775419374857115,60218.025888216594
185.21563219421256,34.46250237167337,53056.10733381089
231.4422243582522,36.2324526460109,55415.69330673076
205.28500289176966,21.867643902735228,60796.13688984147
151.14791511137886,36.18464721193941,57091.9995721613
199.1864587915971,34.322391146329,47867.27786702552
191.92204191771953,25.92361750450532,62133.016323583164
178.41072544489253,32.668955265157706,65886.34960995856
152.63764178363607,32.81707557215991,64460.23196961662
279.6338051227343,48.51066173445393,75907.21294194288
162.05112024189125,36.54082842324157,72475.06721700897
164.13950347560424,42.25231675920219,70774.94657613261
157.968559374802,34.17529286856546,58123.916034737005
202.84774387503234,21.882584382154413,52771.409869747244
189.46938820236315,39.70639294175136,42886.332402379165
170.63902265686954,30.39269289288721,55273.122174673015
188.06313159263726,32.650799090084625,60293.49999717896
215.32733528059558,27.629201256191706,56297.74552584588
173.9888184440396,35.50937504744952,41072.466218812675
256.8583408018091,42.45624853135716,58612.270764457055
176.42950250861747,41.52916675932238,62489.62662179811
164.79964483504742,46.10332655449615,49390.49156218389
268.4137675137886,47.095716205678784,63966.66858242404
235.50124806009978,20.678880388192436,58322.91814693884
179.8970084886421,26.644656073496076,63737.035048036625
240.99019955227365,22.342658951714128,69085.20498165417
197.20486836147077,39.42351287272713,54751.90016552757
180.22807032452445,30.14842751340593,56903.651968385566
240.6524685120025,31.57573767709249,59319.33259753992
226.2270026930118,33.483817976507815,62769.94265465069
175.60203973269503,37.67799481663526,60915.55742796983
207.06271036373562,24.602752663954806,66494.35713140527
182.3216643068689,26.18795576156139,36124.25783747582
120.4825553331878,35.009073445717746,57562.15125437126
271.0426810831896,43.39122155308127,65660.16109741571
200.5507893976,34.822218177242405,55101.78948378169
206.09355683756624,29.458382055325774,37959.10479649735
206.26428486363054,19.962539237636545,53629.5899937242
200.66262777581684,41.66872909542195,52676.87057484621
174.82699717601423,29.84847845426664,68641.96313782218
275.0162393339376,26.96794158973795,60418.95283721001
208.85088227983584,22.992723414788532,48438.17195124075
214.99078331007274,24.926294322006243,38937.76350294437
190.57993305925288,28.27150045682303,60112.92212229297
174.60862857470426,33.32805884664094,61388.56019821819
144.23746345559294,26.5388080666754,52101.67554944376
180.54731110866857,36.29995626283346,61383.263353861716
162.05804325573064,33.27486582057328,52606.29541677258
213.8574342785402,50.55394602429169,69349.05939075613
248.45317963509018,23.068898185251367,63673.01979096811
176.08012153604733,36.130356012186674,43250.434506543104
178.950010398696,36.2180349232867,45319.68297461359
214.91888872425972,27.78609817253796,72222.01112557328
158.48433879631222,35.66676678213223,63110.19475068522
260.6356238439153,40.38716056484701,50427.28474887479
181.80556405363072,35.67544037790483,43922.95325338341
151.15740640168374,44.691240193738864,58417.58848144123
161.87685252699967,19.75618667333263,44059.54618162874
261.5695931471417,29.104366110380955,55079.15809889901
170.37638312593344,45.32539233061661,57344.14289224832
213.88044898012444,41.38418433284695,58127.76081486781
159.4314607593547,38.783581978864014,65195.62938263042
164.30537401912238,43.63250784563621,71847.10543397357
248.50311938615607,21.58409484908761,51532.37207646766
158.31192315255288,40.56927463905975,47377.326578587716
131.70290836816181,42.450591136935955,58701.63555455078
195.34380497073778,30.389098836769847,68988.1631119482
245.09536284842642,53.40465982523858,59863.51322694648
178.30538934381494,36.374442748434404,63288.63031253761
155.43933946199382,19.650616702440214,46357.39413997517
280.246241300993,37.668903985536275,60726.73970067551
215.7455063725828,29.96097979007421,47168.408497827026
242.73889869712175,43.15496691750663,60562.04562670026
226.22301483757394,38.83560823373909,57853.86854796257
218.596070959705,30.814545494066664,61600.92176670866
183.74608356788582,45.51716342784027,72588.09338450125
178.1499450665719,41.57615914185517,54295.6270999258
221.16099167190555,29.20456008622529,40461.076291245794
221.1267958021989,33.93568443607407,55887.258049266995
267.0594613541018,38.61841753534856,62707.95477324542
202.67461584945661,32.450157160591644,58192.02384283131
175.28110095585095,32.65920417306921,54465.15878151545
194.12296015328576,35.257075197851385,68745.92733012472
207.8976407213213,27.539409911738275,56815.09466645028
187.79922637837564,19.370642629961225,52799.421579402966
232.2746974091343,36.673944036324265,52296.78023918897
204.49139379228592,21.0777003549337,40336.52282478698
127.42998100761373,28.048729077986955,56208.10450423908
202.80783954235253,22.598923487359997,56546.582047393254
210.3001624264752,23.460888865670878,46459.18445969469
256.8622796604618,37.984486218835045,59401.802845486825
186.53338796661626,33.443842844579486,55087.581844205575
203.332062179847,33.19119681172314,51752.830298671426
192.6265583008892,25.788687514631935,48621.1004138468
198.58587459913053,30.40905637813007,59279.46242542408
144.85585451467716,37.63518611447131,53645.18343202785
252.50630925087953,34.63538914285449,54017.70555050811
255.64523681387192,40.7587184272939,53526.39601868026
200.37765828963973,41.7556440848814,57327.017656003896
201.3184876749042,33.234460992192524,64086.57997659695
142.75972706372977,22.034254998556555,54798.72482335443
206.0372055976934,29.703485706536487,54223.04701568872
188.0364939176448,34.316175033891156,58920.61663458447
220.06626569431552,29.5645906359712,67421.24917538012
140.3088644817879,27.617630520663727,57798.310659472954
220.3199743520347,35.488265989564404,59900.38170520188
174.51172832529682,52.01212171913296,64184.96128915068
212.54400567571284,31.582683565745373,55448.600182873335
209.51069907361546,34.98035903255758,58801.30204091338
168.139568597369,25.815748859383078,50429.00548519993
189.1502525981643,43.703807385290595,45862.15963574499
239.92093849610336,41.123201303459965,62609.00386978905
206.93439138619055,40.64013897626142,61183.283100387154
145.151090272121,44.51857067913322,54160.21540527062
189.39384255750235,32.00861051713635,64348.802289581065
176.95342482503068,32.88307526108065,50045.9462193344
211.2900180864603,46.96914972320655,45753.03719960448
207.9990443030287,39.42909672061191,52624.28766877739
127.94895941678524,19.46544725059087,40163.06929987954
207.18294007473327,38.18374682945907,60615.311775122005
223.69337120216363,30.928113574612823,50901.79103278357
228.73508234438629,41.2872027725966,67321.34526592548
143.07549916733834,37.857333285941216,63126.847277506015
176.16821689775415,22.816200651840404,46619.696639311056
187.26654174430496,36.881811193468344,50441.874329424696
162.5256852685112,36.47439409076125,60203.54311582392
187.21398939045505,37.544237405253504,64867.52471484378
145.63655737921817,39.02870196339316,39583.04089994309
153.1286874351712,45.47176171875212,59216.39814759384
214.703675296303,37.89722292730009,40555.94830326853
172.019977323836,35.16028922332125,51660.143275705144
220.39141007812918,43.03577287931758,68233.96913184476
140.55086451712899,50.699185065128376,81203.9753585726
202.00489320805514,41.40549527917663,56453.521978904966
184.39815162536115,36.44344288765663,46743.17648038794
233.2279382261085,38.02771384838243,54761.18790099014
231.12022576484543,36.792306315787805,59032.003646436664
182.8987179761335,35.12962890691329,51063.234173740755
208.97692462548963,50.15619582054467,53082.89814565283
168.2192435381457,29.756626379784972,51590.83712807591
204.00903231304534,43.0843407976989,61954.21280378595
147.6088329820166,34.119001401095986,53680.9944668768
188.57249028738315,24.637065809028933,47593.050452238465
162.89844703748548,33.681775794894456,50126.20897296672
249.39417779276616,31.1725691637226,54463.388858911276
189.5917664417713,39.04304122892361,49406.8279731768
205.20227597711147,35.639101558609994,51656.06478250407
181.48411774300894,27.845811954464217,60202.66062022359
174.69658044702206,45.29705539442801,56070.67299192198
165.3679871290549,42.63093803133007,43021.896738992386
256.0079547573399,46.10238872467481,70002.16783935165
233.63938353282032,36.65875264847681,61898.68692815284
156.19652706739916,34.749868522035165,44362.745069213044
225.42170747038983,39.92492337833035,56076.91234965654
186.9997162115285,30.957674853553684,49452.28577972101
130.32321414075486,35.910416883038856,60095.20662196911
198.23038938593623,33.77025470475044,53721.07293140369
155.7208652762102,24.772759779670555,53275.44891708231
166.19687688925032,35.89218853387351,54451.61428031188
218.29969102183935,31.913231757796886,45125.57239443227
171.4480536493349,33.30213485187187,66952.75554637835
251.27490289846816,37.546494619549684,64733.13224717336
213.23277055820424,43.90773193790638,53383.49852164778
239.31182428710983,29.058609366164152,58488.96418662598
208.0737374942875,32.6440924940945,64585.32165113456
246.33378175093264,29.644421125481323,57748.350465717784
181.60487959162515,29.18873588540706,67754.85035924581
200.49686973972794,30.838017394451594,79525.73269190927
196.89303221293704,33.62484802029364,55611.52439712372
254.03527384387274,39.10110159814253,55272.82110775431
160.6040106624231,37.243120353493865,48066.12048218864
203.7410490374,27.602001006417254,37915.06365581652
226.56505617367498,44.05912226742007,69967.417923078
182.3832186349209,41.610886145339265,54761.17686493196
246.07496203586726,28.691700445732074,64063.15507768853
182.66034040030218,43.56877624343692,66569.90486656134
161.6998511500879,37.288568888173934,47381.79419936935
204.42647795908374,33.90481287952328,49484.527924861206
187.19784355084067,37.50656031135519,70978.6423248987
130.23354513646402,34.81960443062135,53974.159326900335
145.3755023366565,38.81555058136985,50360.52986729091
164.44839945247654,36.31120866191817,47609.933787403614
228.82757493957808,32.63801763409458,56336.83218283615
251.30901286789424,20.819212685870315,67295.21115659902
200.1114300500419,38.690277784423486,63225.87067057936
151.88644747355812,32.38441305129287,56372.85222236355
198.88541248282195,40.44562626751672,70752.2126120695
243.68921874728528,38.371725435930045,70516.97711323117
225.82809652929262,32.566350521907935,60027.3746350484
174.93160388999286,42.16091733754135,79584.2341516186
154.7933173257585,36.433891632855996,53660.33770418891
253.2985024520504,36.14549993164661,67939.82898034033
243.3942483138273,34.033225192658,55139.51842312519
141.88542635277338,46.78488998567858,63860.88155384097
237.7737338139868,30.00713289633039,55147.810561294784
150.47782103158102,32.74127823778662,58617.78273434703
144.01105346875767,26.338653984440022,72914.14458630871
227.19117980170162,40.08711754127154,66722.25394010116
199.09103735283014,30.924956955496285,59971.610661880186
186.61338089978784,31.70975092791575,49719.84149072142
254.05235396272667,31.381443574899734,59478.359246977576
240.59550894593804,35.439053412436714,50462.45707973136
142.77481335463006,26.24468290738598,60842.89048954974
208.18102501676543,19.29728313728417,60912.34930107728
229.2821958375105,38.203928261749404,57322.39699416391
200.6459519287611,20.20509605657403,67362.32662715302
280.68163463729644,40.97896448784165,73685.21129315105
216.96749553373786,45.90969424674603,61158.08416900376
151.65061028876698,33.850433372454766,59657.52785270779
164.8139914705671,44.096450627043424,52560.054293999005
238.22908323118546,34.83020506319747,56120.12360258702
291.56060086551355,46.19468811354509,54844.489311471625
150.67125491827977,31.806475035207523,50965.62559031367
151.01024412490395,18.445827333982148,51950.397974744
227.91657408936854,34.44061779125449,44566.6496432637
144.23858502033437,46.955742353875166,61387.34163567132
145.11457945820328,38.74477814158293,63799.45835042738
250.58755184057554,31.39273740023509,57803.28733142439
233.80240093865325,37.30230818499312,37143.432746696926
249.00125363326893,41.79787386916787,58383.780877307276
212.3944882489422,34.400684927598704,46159.42617167059
177.97968849160432,53.384730597396654,54624.44546163886
254.64184372913834,31.37807430436359,69605.66109856125
175.685462590238,42.01757505431324,37906.09244738078
173.35924474365282,40.333560655372594,50461.295413938846
250.0535607422637,30.101208027113596,64163.47114466251
216.2794178899289,32.02891812856629,51311.78681210122
252.1351797268074,42.12669053235555,54394.17927129566
159.3955889664131,36.01351521322969,71999.64481702384
267.63393256716637,37.36650208709091,63027.64304713156
207.7818768415838,23.5482285240695,62367.31440728148
214.61879345132016,39.59199058613471,62454.542992926006
256.5577434284184,37.011077908577974,60789.05776286838
183.38668739931126,34.55262984151192,66448.69160734645
221.52622656913417,37.52624304141354,73555.81985401886
211.12863250682855,32.13547605013025,43316.58371653478
231.7288472801029,30.85668247281568,56867.84461081735
252.42756794801664,33.30680127852623,58061.964855678845
216.17957519342247,31.750577751771917,53429.6085280258
144.92519335413505,50.2637069273024,65132.96248092238
162.95024534539633,41.38309510190513,58798.48696015977
268.2094492432919,28.220717532198094,72972.8460221036
273.7619435812004,49.2540720158259,72286.02175870973
273.2492312038708,31.97000371994581,69653.39844037067
137.59757964453493,35.206187572249995,45250.97243856323
183.54641168332006,41.28192036451924,51128.460958167656
227.3529944152988,21.210080192716696,49032.643604644574
226.33435161709338,33.340819071413215,68131.12308491473
148.4713165464693,30.986663043229825,46863.22036835569
207.39533467738158,36.435560556808944,50053.090482151296
157.58501979989103,37.590347782858096,46952.83236044204
194.50534112940477,34.45918444267354,78726.71317609333
169.5674466280919,34.13446891274708,54650.23945821151
141.75671926830523,42.45591960844811,60257.51600968503
147.37340871381218,37.110401512338264,46344.14782564988
255.76437155491948,35.2899750703636,66699.98549542016
225.11625926721933,36.03509414022098,43922.75259324875
261.3070373289146,47.851222982711526,54671.83934857407
192.11570510053292,36.208717838888745,51105.27216262836
186.49186494794122,31.398860465240062,57606.604353468996
181.30132327336594,21.637006379722585,47578.159375620424
208.2073196235337,24.962438381755327,67389.34719549824
180.66955182305935,31.730818734441673,59758.57843514171
225.35524277114203,34.24136209232097,52199.6430584553
233.94644963138114,31.110649782728327,65259.16267894259
247.78455469604043,37.458007839320665,56135.2392220824
169.90795710285744,31.02044368844184,50547.12711760648
198.08535042723526,28.59857510905199,62831.48395215852
167.75522619670127,39.28850684750189,36968.255746027746
137.80819762048392,44.5857614781461,62022.81996266978
219.8990866442188,27.249826815774163,50287.453674292614
200.4792924845052,36.70601104595468,51641.93669520245
222.13757683571436,21.664967392923273,70477.69883827052
148.78371510075507,24.678233084909884,49422.01702633678
290.0881329811304,30.87863920415979,66604.84385783179
288.859736545163,42.944373026640356,64638.858111892725
191.6090232909452,29.549057792061678,58725.794305501215
245.7657800409837,29.287296676641155,55193.47725040977
169.99152649133882,35.25261097326115,53570.9211334068
224.08526427934825,35.25958527804895,70125.06060670696
248.50048364912448,29.50407969071731,64775.45863107142
236.20400641994746,48.90355097084267,57553.76699866676
235.70815571299744,33.142456388192386,49444.93814554385
191.40932287102856,35.79509487692656,52175.725005451415
237.12694737188156,32.187543236026904,65484.496031365794
217.58566686520942,38.07980093505826,67715.15307788034
156.07725897762703,43.64470291792882,61251.49441645062
153.28266796226336,46.64564587868201,44215.80159944
229.2286082171948,29.66414027315284,62830.102233004174
209.30926943426581,42.70556623410849,69367.29649806113
197.26490148699253,38.84776573685713,59051.75304649518
254.8720588442179,41.82175626622055,76497.62156886604
213.53962894419178,34.35684509115042,46768.78270518621
184.84524552646155,33.690714587024736,61706.02857337633
186.55372420193333,41.55000251999795,49589.53684300133
206.893427533574,41.68284754239401,67092.2424651153
227.44412671404342,45.960043947033206,65356.228905200245
202.18997301197982,36.38983288815343,71768.50586366803
196.13657512643437,34.2515976065567,60715.6597728246
222.5580180411544,17.78102494004057,50725.26152491247
219.54883168007143,23.72117623403266,51279.39482889073
238.9624428722266,32.24023876371625,55702.78828565941
143.85441386422215,27.29258748127649,49840.366845150216
226.64298820508196,40.698913958032726,70000.99524292834
196.6664599604713,25.829853268947325,65284.972017796055
146.34513555705968,31.490869701547986,42635.99603574394
216.0420356285519,31.76581454803058,57169.63238301677
221.10274187452814,43.43320158379612,60103.132092967586
197.72024952709978,30.74232875686249,49828.01865844581
232.70828839440026,38.16688482633592,62387.750377873585
175.8350273594499,36.36994289265902,68081.91660621636
165.2471586981962,41.32301939813096,63962.98341599771
180.5936248782436,40.95150536481536,68172.12790958887
186.17868948206433,34.76591920991319,50724.93049685569
218.28526392841758,23.125938411749736,55340.11375193447
241.7558400850856,33.3778137934806,51944.09997971729
221.71439119562098,34.86031048827493,59644.47308144273
161.78730365308272,37.00206463206945,58622.0715392776
182.02596549330718,29.83711398345433,63109.833523579386
159.73583627752512,42.98630782886029,67374.38866030177
217.0570281596735,35.095335928204946,63129.50663040768
170.48993909103442,28.55651856531512,47987.24020812552
197.90933953307263,31.792405128808237,45474.63218661657
232.38774783040628,48.49979857776781,65430.91920735844
214.99309720545435,39.65064525062549,70528.7838995164
175.65111881608325,42.339195888950826,57238.59211112159
178.94853321795273,27.7088912120061,42739.316942420155
212.75253432793923,30.178192154713393,73098.53451601493
200.5329792117265,30.230043858831287,59977.35715800415
150.33647427431615,36.290756163120356,56824.95645870544
247.39634328724924,33.78198718240109,49013.77088985174
196.54463246045515,31.573539121200856,56335.33942521584
192.45934652335583,32.45151285247582,61740.6702548462
164.83102666714726,29.441753693274514,58877.08025257209
183.03327081854857,33.74112499169013,50736.65144310705
178.94463526110053,42.79250908683623,57200.96766679124
172.86870042645043,24.40802453915172,49291.32986576594
202.53333071887158,37.42535603544661,70893.17467436977
191.33338558579732,44.660648864157366,65704.06497872663
250.67233199825978,33.71769031004103,54257.41311081598
264.1100813034587,31.29786779597873,48918.325137380554
167.30217853702422,41.46962040165412,59160.47849415025
150.97227528819892,28.110446861918096,50301.35900437356
231.34151640671763,34.841159290428884,54713.75331399497
289.3772142967983,27.72109129729991,48940.139108396324
245.2702780383202,21.90929320983004,47282.428641024155
133.5289851178738,33.936110146436434,55832.81556718623
170.8220909673235,26.156234557131114,52333.03509614472
139.353816497608,34.91830640669582,74838.1143515715
237.26496289810626,42.805207370664945,64910.20339998907
204.12350235526574,47.97978784675736,50580.240886246625
196.6620068127337,35.65470498760246,44726.83589104097
201.08447750046378,42.134510823829196,61657.96720301213
170.9491479220293,37.792738550746435,53285.699695074
206.46914191716954,32.31820470287459,67324.5115893432
135.80318044139878,21.526565522483736,55178.28676961297
211.83207759280953,46.38544628957483,43965.76298003565
223.63356045177386,27.65628467503214,48029.479023405016
215.26309393842448,44.679396379924384,54215.56865198674
178.8787755908404,38.75765340483576,60469.2170927771
238.23215736486208,28.167910503268487,48288.48264886404
220.96422440881537,37.18398853273267,59438.87193823017
155.4595870491871,49.9303774289973,47072.957286622666
164.43224344880002,45.74956806604639,57572.18746574122
210.7301884923807,31.41100860705886,59579.45564008701
174.76399054573207,30.016134692707226,66937.8220185194
154.10717426500793,35.701456261212506,57466.45393040257
159.26863520419258,33.841403897211144,48855.9948180964
160.69668722512358,43.39816169949911,68917.98151243501
192.9125979105463,40.177123954952634,56285.24906906157
207.1462685580798,23.154308789301044,60984.862811556835
162.09702680661496,38.21072678796738,51290.67903508823
220.54199576868507,33.746363273928424,58168.716385506545
173.9191914198113,35.25975695219647,49722.204942161516
176.93291063801234,36.74260109982461,59079.054999797074
167.76135934314,43.391103036936215,63709.97519018361
231.32050338938467,41.84455074482214,55721.108338198486
270.29329656952524,29.751800815188933,53633.64896612391
194.43152306190507,34.589716226172314,59579.876955845466
139.0129794682464,31.860350249999517,47828.874455316014
171.8097039680868,23.227078217653816,41847.087933934825
159.68678725682196,34.23440644679237,58292.35372634239
241.2382758536674,47.91328099291367,60696.939884263316
148.27749384329604,23.01569624375177,52381.83462655745
272.8673304947137,34.83156744437953,63672.96014214434
204.9408738451525,34.607032982132274,62378.3983999895
197.0901643386242,37.014148302350236,56007.10943906683
242.10198335284136,28.260925298242487,47860.67082377138
134.82123805657727,25.02422586440032,48265.1026870767
230.04483133447488,25.349816402437618,60511.30568238178
153.66507931751175,44.31653630832035,57901.125374455296
240.8686804876797,28.121198179467,52375.44097316092
198.31769954639816,31.50306465842779,49972.52342503985
143.547332819127,49.73242819029082,62081.53990338243
239.48604336251913,29.86021040256481,55377.88439878613
134.74554748984826,37.39679718565648,61060.78614132519
156.9409028236763,42.44668173637855,63696.30693308499
233.36837495027433,42.110041308854704,57324.43390705487
191.59598660528883,25.678965500694233,62517.16660879747
248.96369868056806,30.006532866089508,58577.81544261714
210.523896097853,37.116547833763896,59955.986160338616
209.07525884542844,48.50312220168305,42630.81006823268
175.04462540663002,29.66942538951163,47426.10306674938
156.2581552805011,31.54470911122246,47595.56314356012
270.7997552080663,37.937020949807035,57724.09820730247
151.75935209600723,39.33760759143863,56884.65790231393
198.29981699925779,39.76177803011916,59126.75590726553
173.05749979917212,29.075508946156397,57317.71045794031
172.18403492343225,31.27566304145916,49905.613127254735
205.6448908425716,36.50850839861378,63038.691934656745
233.38643691595502,43.83617918839797,74705.07721720227
230.04902747620218,33.33061142517101,54841.07564395477
246.3239820281947,34.84388669941326,53273.53958166954
175.1108911082224,27.818500940024133,49388.66789761557
191.6851826501241,48.0425878232457,59892.79483412742
127.37392378291202,36.07984062999197,50389.525993600175
225.44125406147572,42.54428345689719,45748.60931100412
176.03993343397656,35.2092804564732,44544.224408202375
201.86946443951962,35.596869456703885,65347.44208868786
161.17989306689466,24.497837764035573,64202.91119216439
237.0239186410416,19.94466691215203,67526.4798111724
236.65410775236472,43.76333648285171,62167.2088578508
248.1238591255566,35.54640749983694,50892.66774327868
140.0132057663292,36.44499686090633,51598.65165138185
287.1311720292523,26.256623734597127,45607.99406660717
170.4476273474814,28.678550755444636,42649.055015694066
176.7282258772173,42.436114007944894,59541.76082624925
170.6152181925678,47.18100639589006,62361.890096035866
172.53723507222657,30.651081903592136,70955.44136942808
200.88614314857927,39.70038301854139,57310.50821662816
169.5811350702728,36.33017452877124,45298.23374744532
184.61897035627084,34.15629741945592,55330.537390722246
213.03518269123433,47.963713141248235,57958.28479868856
239.9927956872417,31.827588477840735,53708.53852439247
217.85746136051478,43.6849884591224,62267.0972250668
205.61424721669917,37.66996321929434,48029.70089716773
158.26939056414548,34.881774743446265,56566.488693048734
236.4539427646889,44.604120211231546,65759.32621325167
137.73022391754955,37.0309414889612,66458.182025008
172.18936206770104,34.32500729061403,58393.40790062753
142.6482407449045,44.65609521087423,64715.077024522376
214.54088874692644,43.74483577640324,55833.88762310914
182.22661155317633,43.413743248077125,55476.81713430288
212.58709872781293,7.78536960866235,62437.84546735435
180.25360074852705,38.081236380168875,45891.60457877072
190.67510095297087,36.48482035148979,53731.62438580657
190.8983216593316,34.7559572214016,65662.42435503681
139.9237727290497,39.26845743780875,53805.69699592822
188.1419404716774,36.8238981075317,54643.30339071231
211.21809539106437,39.74465192129027,56272.13274826364
200.1566593298107,33.124267345715054,57567.256893443824
146.46093246016449,45.48726441123545,65350.77789608552
214.62148657701402,40.45260934240978,66075.85129957291
176.67309864099605,38.79768613360388,56946.16536131629
129.90034267914405,38.45593663594805,63734.54788698347
159.35399836643836,43.100969152454944,59602.655474550105
194.95910355805051,42.151814508548426,65090.84131249848
176.82157409294462,34.21059562517598,47822.21557635684
218.07717645263915,41.932172665763076,73052.87168493865
169.67346504453354,36.21836568029431,57907.00003638898
229.36434228886026,48.4184875405023,39118.99977080617
174.46995236026558,42.68409467732876,70723.30935264946
208.75399744949792,30.620734770068147,56432.64023777786
233.59813037508593,51.31497482615186,58823.13049042253
183.83982001140288,20.285721148071197,48883.85880316533
140.22959694421235,39.461483184683296,59049.6828300839
198.9969487711041,30.126268693883,48887.92419644284
289.9592326746023,48.17526205571114,59353.610318206025
273.90519947646703,36.76964245706701,55648.3714213878
167.4793509663339,29.443431744390153,52593.19048915411
226.75449056055777,33.134537014462914,53391.7390628196
180.06310920641909,30.00247978934086,62224.85284801036
159.9858281766312,32.85956115000945,57425.562542486514
214.3465518804453,32.69946668877347,60153.311839822345
195.3055746489234,29.74190891909262,60693.57832073763
199.409260098748,36.890446681078366,56611.54251606054
238.43331146384244,37.73856914384712,50835.65737788407
179.28974264922036,28.02585526106823,69466.12821229627
214.49795861993914,23.392118658692013,62437.83893712013
182.02358123124458,37.176695165047,69669.65130376883
139.19377849028345,38.723443857836735,63666.36983442025
183.1291813886213,40.111517333728635,53662.61810265737
266.8753386728679,38.8582206711589,41586.47729520964
193.47509261520872,46.00901743015893,49068.827504212786
152.32405280106252,41.97947520851884,61486.66017188921
217.20312308487667,53.75879737490903,60862.595328425305
271.6417652139405,56.70453037783061,62044.51985613546
255.03865676063367,22.693281886487007,35823.23611660929
203.0477436996267,19.62002958134908,53878.784623858606
182.96635161584402,34.94826091507299,47740.12739293109
204.0400166760275,38.529627009162255,52066.52509134321
236.42206456557054,34.46880493695994,64950.01880148109
244.79829740601522,39.925063122404325,51540.45184352019
236.92711924555854,33.10830547221137,50374.740995647466
190.6485540588537,30.142344656101137,57231.23704391026
154.01774927997624,31.19976398104269,61784.21415933314
202.7325771451897,33.59882141655057,53589.92849156392
159.46725748617007,40.904586408421046,68260.66545334023
143.51016091064673,31.59281512333919,44304.53655856944
195.07500594280592,32.977219079583065,44800.586403059606
213.00575285126004,38.99151790831048,45991.129640591
243.40560848179734,33.60842521718367,44963.00907482012
230.94255119711204,42.81697385451773,62580.6528977833
244.00894410831137,28.563456374354573,49147.4242748767
227.41288135782463,27.04545370474159,44868.94564383119
219.27291133738822,37.1324032381284,61180.50372406312
127.81092200615313,37.83001923585358,61426.68361557069
209.38657255864484,28.94528354141611,64467.62088779846
154.26975610223238,44.40516780929198,63852.65012497637
143.00717917540973,48.47455766839158,49587.382025591694
159.46499383758464,30.60502051011499,57089.15712264228
237.70630742411262,45.411104709118334,64769.478635593645
224.99955115118624,18.325074795994944,50324.06764319804
266.4596067152823,42.53278586702618,62651.286225870834
278.513228254645,28.995660602101076,48062.72919997373
251.5904590062315,41.832508773804975,55503.858675030184
156.14721499307228,28.27106809830334,57388.74699313422
248.32103900727657,34.52058725761243,70632.52932972924
240.4724557869103,29.329190824207124,66264.37945031472
246.79328503392597,33.502835115525436,63555.14255798504
158.81845860067094,47.809468202513116,58230.62635663913
153.69459064219927,34.244435423846156,54661.34038043871
259.0957581132034,49.77211136748085,51314.94329655103
161.76658841001515,32.29931207235015,48540.89725081845
182.24998179913314,45.442352926647615,51859.02915704178
190.69962166071684,23.62015175441038,59102.42852745997
154.8774062383771,32.994436612352665,62669.67493470434
132.42377083359446,31.247230102722497,60030.46339451922
288.6081922455595,45.763939205579995,72669.17926871651
247.955721703301,36.296741502252516,59578.04514688102
256.12450488644026,20.383417812467535,47357.251334360604
174.27763634821406,25.82909241693506,54101.97000464897
167.37411073341312,27.911364254344196,48872.9430479674
187.71478110424493,41.53835205878518,63060.242598194694
190.43218238349834,40.63505238559393,54865.52248227729
125.03467053872343,32.89720396927216,53325.038122067504
230.37527990586915,31.160431444676988,62727.570953423776
291.4447768935404,40.01471768595037,55733.32615170728
198.26530339870217,27.093338352976275,63083.481635214535
184.09556066514722,38.20368284565247,46252.35759726695
184.5220002560558,37.60762597809163,59391.84211386967
150.28172556842793,33.07787284853265,54243.80783122968
172.39476152055076,37.783745755320005,63132.45421023334
195.43822896687576,35.71466047152279,45985.01829579582
188.3012180232835,38.48193646329578,44999.86652560352
200.04482512905446,25.661283840639342,61133.76212537682
242.42814614829092,39.30151386370091,56400.416014404866
167.9589884890176,42.186209306515906,56359.13621316275
134.85890090875893,37.246659943951116,49745.050335290434
137.9928835242974,39.2085109569405,62712.97852426012
156.32978713879305,34.230564778131665,57744.986588686304
202.88051867058124,41.239327963841305,60291.968951386676
235.0980618812722,35.456729895858984,48978.84473376532
250.14278815058617,26.96441102281773,60756.997379721244
210.48511808291522,40.74151308418282,50637.778842341024
185.5143058012121,23.560976267445593,49102.473934803806
159.20663538274786,36.979458210018684,44964.593801612806
185.34899361182562,32.31044004967114,54736.37574968648
178.90649464170005,31.863119752067018,64216.30514372951
246.57499034742946,36.203921249483436,60740.541445935916
193.83200825077708,30.03498266427404,52287.17375562149
168.06674583890933,38.58544209889482,57358.10023512642
174.70257792611284,35.397576428354014,57012.95963144379
156.6656592912895,30.678942340114613,55334.88619948545
257.71686460961206,44.36725699032423,62852.86580495384
141.09226559002383,36.43347827209649,46820.52716117479
129.16981510134417,39.41560653397137,55943.613488342104
162.93124660436803,44.91612110646095,43276.252650105336
235.55462338784372,44.80124975056061,65158.13037952986
197.70303344877982,39.05849817699332,48899.99003626217
209.3551909417788,32.88139259293137,66304.67286599606
181.238843017296,24.99207348723952,34967.6443741361
145.13873656361247,36.44683490335822,68685.2471098297
243.797093031837,42.6620902107217,47287.128161812616
164.03561483954283,37.480203735752994,46548.61123100852
136.5227949608817,10.88791165162472,53878.904433494965
203.13195999243575,41.09043508378527,63296.50049090789
147.98776245252415,41.520494083430194,53877.441603201696
150.22707314964754,32.891444643915804,62082.03387858209
233.79033009715465,41.91853172677466,53427.713347542216
194.33896925272393,39.39575790075364,54458.59540910599
169.76694937133766,30.201452454025794,52710.58490984449
180.39998435190333,43.89910781352379,53612.23149719621
222.8905446485066,26.127661538257204,40350.1801155242
144.65857796234042,34.599287302727454,54807.74716765506
153.645668517493,33.900983810595406,54288.68209135778
208.20192969562436,29.221932934678534,64709.52493611889
207.09735896594583,37.126557073542756,47401.256591798
275.40873269627537,44.1725822970114,57050.25631778431
182.80403850119097,43.73419310302972,67622.71692401312
144.39123881334285,40.06564950319341,58131.43965590211
199.2246164447777,23.12854245183793,59002.81248814515
210.88263910039143,25.648333893860165,59036.2573267815
157.11833143750704,36.163183838311376,59344.872283619734
200.90837037788168,34.760354712415214,71552.04617780991
164.7499439329318,31.513441207511793,55924.16293591385
241.60712433068792,48.33726238218382,53587.880747435454
239.83478120552456,35.74102107219799,63682.31985873578
188.08331200453517,38.796889188335726,52764.63402019826
272.97557518949156,41.91525716663912,60562.345622932444
278.92476056876995,35.38470914770722,62831.119540865555
155.60227719289506,53.137435175386585,51697.47139572915
182.16534955337198,28.417393882950076,51094.30650752531
206.31467287896314,30.757498870741145,60152.51188665533
148.2745120931482,28.40021997202245,49821.86899001714
183.56596229520534,45.938608004991124,66219.84731286128
171.87306221295904,40.614601119530526,49091.29508207053
267.5503906406999,31.19093661096985,50428.95226342174
186.32689266752269,28.952865375316534,70643.14436524641
227.80756309490152,44.694233504218225,47939.87288624683
183.9485018740703,37.53181400737201,56690.188727286004
155.98283416914109,44.87292578031437,71811.27692117816
245.18036485283955,34.578954544529104,58249.34910826322
119.19240392626094,38.5807472570352,65372.697363349514
142.3957149151473,37.10159358670802,60502.90685851065
181.85551876409576,30.63122065938152,55512.8414495109
217.0800729088083,33.99099088833694,56333.60468857983
179.76550661316574,26.709876589911588,37846.97518361863
144.649963369817,38.4587477660907,53010.163176531154
177.53410401518306,40.328741224428015,59017.474985988556
170.1449369488532,41.93112840073724,58987.672475478306
124.90473732036709,39.66581425219704,74681.31816700031
198.92700664095094,34.10252904447883,59031.5785509003
153.67166141703592,45.8637945155389,62089.12806844316
174.57208276184528,41.24615941410681,66520.13329412692
211.23361374756897,44.719824111599735,63770.34054547121
222.30534462752652,45.15900693129245,59350.696065004304
172.11242983232626,34.120802412851766,55223.115406789395
178.6057938323262,37.71515619825266,53930.90955440885
170.3536934651346,40.42195628448234,60439.71778324041
269.2310816398037,26.956007487259026,55894.82928464636
163.86685323805906,27.111187793348403,59442.11615549492
162.9552954434269,25.90481847803446,46148.62886585886
189.60514095511712,34.243299380360774,57667.49327305073
163.71737380486366,32.666780585518815,67764.6580993798
159.5051972412407,24.95030560193333,52182.7154375071
150.24748396729916,36.04550759389074,70159.75984004048
211.10770904323118,34.33066758298386,58556.84016199987
207.70333872585442,43.27568119053895,58536.43793174259
212.35056820286934,49.090853553927204,61357.418664171215
229.44270537985702,38.19515238289963,56272.213141818094
178.339885307079,30.123586350436355,39527.7883659234
257.6748914959193,39.52707064142948,67226.53250446709
223.4570268350509,35.06512046324331,75377.25287590617
234.51260125217115,33.31912322352951,61657.188418852886
221.72055900579372,28.96879215174132,60753.54448045841
181.30579615541058,31.75045972544595,54295.800894358305
174.12338886020433,33.75546292108321,65139.928387009124
187.38772201911175,40.628674745158136,57299.1418614724
150.4464202357904,38.577179062855066,57941.5592783768
190.2280537404397,47.77903300049947,46567.180717571464
139.30184732494195,39.7203665169253,51298.385470275876
123.74484789698963,37.970064471936524,57637.42503816858
261.2149089322231,32.85638744169198,65840.27213009534
217.4036166561158,27.737759127073026,63509.80708919789
201.90901650798213,31.010745907027996,43627.90188472495
179.71016992887544,30.10112936066651,43587.24087047178
202.8867403620094,17.073652274477357,58137.11446448483
251.20454988823,27.9395775219808,51044.08189143783
212.62876755709158,46.215468329561816,66983.47892132273
206.5682317145766,37.58020149071295,44721.530096757924
191.12434103647433,32.364333012584325,55398.33227024761
180.13135019152355,37.78935875498014,56533.153677461516
218.63719905092248,21.32616831989438,58506.43048397618
279.5633041982634,36.97468401523697,52087.48486581554
187.6064012041262,43.942445842032384,42509.77163392758
184.47003107484124,34.15218837037434,57670.23734232224
187.93471480041794,22.59607331626002,58458.02877466449
187.68324051314463,32.10241625656312,64084.72521239793
285.65148172012704,43.95483396488184,59687.35022375746
219.75568889263937,36.81040759828368,64294.74960830325
181.37323449012274,25.071829336445035,58433.548980442814
182.51890419831295,51.5734042542871,69992.36185198379
188.19794486405658,26.22334038628407,54492.07543981553
137.57315752661717,33.2995279287075,40741.92677894543
198.1709677370282,27.738297995434575,54955.647968179364
235.6410510918638,27.747985895604792,57246.17054982422
213.66384731085668,31.834942189853905,60947.530166390854
164.82879825287077,39.453051118922545,44241.540072616146
222.71890231543682,44.03372011653721,57310.78329075735
221.50994327337625,32.29682279577278,64098.89595791883
172.01649404694274,27.92899512070553,53971.56420114887
208.9963048254539,38.350475216618655,55569.23255151676
207.56862419804474,38.555745052504314,73253.57413774688
240.68504589803467,36.68263434887415,50268.92803726718
156.60779826155127,36.93017869034713,65648.79165397544
164.39507483392495,34.21203487559423,63794.28792058768
193.754483872217,35.68705598189117,55113.195419754535
139.55990739297056,33.728442099635004,54444.01383127562
186.7147343178888,42.49170608925986,57642.157749552665
231.8038869312475,50.59921650494114,63184.67711226938
158.40686233272834,36.25757206195035,50987.11736663404
191.09855034539754,34.953994264200475,53254.471821240695
285.0110829303276,36.79102955983048,57644.054929786485
195.836683495628,30.39454739311696,53365.98575302764
195.0390128558287,40.35484859773374,55384.71999003185
201.56782588290926,38.0882348635679,39750.764380878434
163.30814599577673,32.05670854370116,56016.31434243442
158.19044068089406,41.31446773329735,52315.81161599542
215.8258213902136,35.13292837841771,42648.10443219795
184.80902442261683,28.209603530679374,52412.98118856617
174.8129182509949,37.46123111796072,53501.04730894657
136.02403705990133,36.658947523795284,65188.45425321348
241.85594542895615,41.72292702277437,55777.09829372111
136.30594453335752,40.82082865052394,60906.443044831976
225.90296500445982,34.23541568559867,68796.37793862267
183.50308482886268,31.695391445105287,50791.65243286243
206.12340184413432,35.012206250404596,56836.857379507805
170.43668842618226,37.54316215768059,70228.26643047985
159.3273286658817,38.386280644355345,57947.79279367795
198.7735237121011,37.109885456952824,60366.461433382385
218.24282649940125,34.36466639569762,54241.81053415941
164.47464794416695,41.97771914016256,62400.677220535275
188.74552811513198,30.279886741347063,55398.05230477726
189.56731981699915,52.35582416508376,45268.12976074612
166.90013636992515,40.341492661076316,53891.140354637435
202.26815176052793,27.107602177809927,46017.574269407014
158.01819758236857,36.29660531655491,56633.45186466099
196.24110566354332,40.40878462622492,50595.15179709934
153.16285241153702,32.55441626136203,58811.154978722574
193.71035468334094,24.533991666963054,55110.595595075916
176.93684596022962,27.726552408807734,44921.776703934534
190.32470001914976,38.794650610418856,53443.27531486622
188.48827834425703,22.7176846920214,59246.51888861547
255.03569612566318,24.854587997077843,65522.75143826303
194.16515590337897,38.75784322853748,50306.05282275623
236.86709201324686,33.442155482072195,49141.82216016493
168.00535695276687,30.12953727276642,70669.80318674125
180.7177220630337,31.536874968742268,55621.128633377746
146.42287323359258,24.704303310089763,54349.026554473276
187.2153449013564,38.39117401318462,51272.288443233156
214.70433492940856,29.354195114877882,58024.23476785104
240.3858076381332,31.249734707912904,71232.75812856045
202.3654336984562,37.42749595611025,59608.953602260925
211.09553343202606,33.203607251820486,65528.83917780529
162.20743454174098,30.067426832559647,55109.03102207161
137.71106986114728,21.0739310269325,44695.68806290736
232.36474046840553,37.571980921074704,53264.51024126546
160.8837497667484,35.552950773258814,46777.47463323586
149.42057333171488,31.378287796216387,56430.85442137168
262.9712080552016,27.738206261732074,67085.45995913206
271.696805034405,35.089337350574674,60821.74838613214
208.20136233903457,38.36330232368038,55525.03725857237
183.1876483766077,35.68431216927013,50219.807211926374
239.48504581155646,46.466458643445065,63971.588879687624
165.58205853170458,39.9334215182352,46707.201716854666
188.0600853598495,34.24901837228171,47368.064692477914
181.17281407881956,40.167951292675944,64478.646912599725
256.2152057979865,35.34063594873755,56832.927813912735
258.02753332666197,35.31634928165858,56732.95694711573
212.44119086047203,44.07454658117716,58010.72103183863
152.73126190332303,28.713594853016367,60192.432109649446
193.3648916205189,35.16316753638471,58123.34346390212
170.18261684232124,43.327970018547234,51429.0157868947
249.72821828830035,37.162933907224236,53623.89553542896
156.94553629453225,32.416629102418554,53526.75875256375
142.0228529628037,23.056881642380812,55692.36205282575
219.4348808525657,19.107571404644034,53908.78810657656
190.42884597806153,49.533268328325235,58436.641635899956
240.42226029601102,37.15958274875568,59304.25934859363
146.3326612797236,30.911488026396164,54233.5650662654
233.90636847674523,37.44619822390889,52515.84101930336
137.7468639929099,28.36628103187655,62763.77355399277
134.98941820504515,32.68159105822614,50553.17732143047
191.23646708576175,28.413417249049246,56467.445938014294
167.5100710623954,25.10708490804847,37723.00760880984
205.543993340092,20.265105379134546,52443.97638061858
134.2523658164335,23.81639825439816,44400.69450357509
137.19915923752222,42.14901434756222,47950.63517358148
222.59315906159077,28.09182627152978,75630.53592932347
166.22391855971912,38.74424478262016,58436.427394450955
213.13758025238826,41.6965317289165,68695.27530200913
225.8939318716521,35.1160577964522,64774.933034039066
143.15394826107809,32.910029513752505,62577.1437182668
228.89301609570754,35.93116044369365,56631.81839303104
172.6293827206061,32.0836574343312,68389.79807360022
184.2175714629654,43.427364834396414,64773.58207344064
148.6047978631838,48.13573711901145,57483.88109898448
240.4711367040506,45.14868281259669,62963.27207229663
201.78393282010205,19.939057356585025,52929.52207843732
195.70450393964225,31.940812687979204,56668.87438146101
273.7219416132872,35.02911397146809,59239.43120856942
179.10086075374474,38.2414057229578,59901.33773130685
251.02565090813604,22.908798236085666,69670.48640002028
221.54202314728417,22.79589437741724,45408.53562415493
260.3828050376502,44.14752824737775,70634.09534860158
255.00370102623566,31.086164769731546,54981.21119730278
285.96484835751636,24.588155630827373,67188.65338247901
155.9628191258845,27.274514345939274,51586.24724356879
233.0710822613381,37.733322503185505,62096.57572545557
234.47669143462895,29.242166194755526,55585.852389364925
211.6283002245604,36.69137949528835,43920.19728845609
173.70086408096645,28.148908460774475,68801.30473292444
272.3351494664764,22.79059910831186,48664.652306416916
165.54670769203847,44.97066114254927,58115.807784133845
195.1700200741759,37.78732937902283,48955.57954405279
197.49076625742111,32.66374397133318,45754.77461383518
160.19410279904758,31.350467948228733,53382.64136778374
221.94061836292815,45.254302583526645,55295.67780240879
149.00858534571597,39.140710318701075,46481.781703564695
217.9050989614688,43.02769122145031,59092.49239587617
242.34235782259552,30.9141512575756,45636.55452106258
180.47069603988106,35.35466578125705,57384.271529116995
220.11809314267992,37.81539241197572,57305.237517186426
159.51408637071435,31.149516234803112,35125.53834707413
241.8367820001783,34.33127523697452,54117.68590087357
267.54412380213427,30.91472762081725,62018.333795707214
158.95718761260014,37.79341438251552,47499.1677808701
217.73964532311092,25.750240853045938,59701.18586581338
195.8273110665819,39.00379013472941,61099.44102279796
198.56886733866685,37.174992412200375,49240.024720996524
219.71621720715393,33.576840300448744,57279.117910135436
194.04124087848217,38.14662001956459,64001.94615069751
206.31524973993396,32.44541675386916,49682.60641680663
168.59513400306048,30.309084810708992,53463.47975452129
183.17536586357448,38.80608308352075,66310.23141040531
245.60035007070528,39.1090980360806,52744.15165053725
152.59587134478153,31.44910832833676,58472.27037479592
205.99336581976104,30.84863395429859,47721.08507284954
163.0938774731097,33.71918561367681,54211.69750141
241.9483813352052,31.13596043030188,61107.10894401971
203.85326436443074,45.67583376917588,40074.95349691995
185.5052458295104,37.21532999935945,52629.054291208464
170.6677618550635,35.10220163483051,59425.4696066927
188.79347858243372,28.4709251841768,57181.87787756813
269.4904388304496,40.17292612925648,56647.19241457958
196.18398968737966,30.718765700389092,47189.8739687248
192.0647884892466,30.430768822432718,60872.39823499967
225.35532801644035,40.4083026415361,56526.972396196434
183.2261744887523,37.71125904694328,61272.467343357814
187.8671767027256,17.475866736051096,56324.926828275056
179.32712408967058,33.89560465364983,52499.05501727159
158.71275415496504,35.87863734383334,64274.89129212417
220.72358701284605,32.62282690953188,52446.40649368179
247.19620154652108,36.12254565982863,68452.98787051563
254.46775403487254,22.332183979636923,66253.16094437202
248.8378315482,15.182855804614924,62178.98631105118
190.27840823948242,28.171722331408105,53915.98125565463
174.22760810929154,36.97572985237005,76818.82612521766
210.83052955878946,12.425306400353769,53834.38960103074
268.4614500247151,29.09517752932345,59739.38537902036
222.57928076918017,21.540673215604293,54618.01678970828
194.676092042309,33.30163079228056,47444.899524826265
217.3334184589403,48.70529480569095,70945.8741162494
229.3242089361467,33.479768037351285,53098.493883219766
257.8948100439439,34.24748008268392,66189.13557870603
227.89048576802438,40.87461658551763,68591.3610958037
188.433269303813,35.149145904674015,61449.839520448746
173.16413046944257,33.49505760867463,50264.3883186436
195.20210573423634,41.48652146901503,55369.63030624288
178.51067812466778,38.30321005358264,35420.92255556605
264.54736195181516,37.02038033096517,58861.902704076936
196.0525609847033,34.02853893202774,63093.06370579159
192.32622017301344,32.577547066910554,54365.47585723196
180.36049544853836,41.42019619662163,52749.92476953972
211.01335778221284,32.64476166084579,54506.50537917912
197.33708594880045,43.618770155492086,68330.52875770746
155.57207580742835,27.669975435975022,53869.750004967485
246.40712291579842,45.03648768154045,75960.64076711008
181.35735081294675,38.304280581618926,52380.89481200042
188.37304233242344,28.220255538635957,57053.78967226138
165.6943066104694,38.562850441866146,52922.429359872025
200.9678064429998,30.44787971177904,72714.93490658047
219.11198587511052,35.23399638043233,59157.83340770786
248.91566229210397,31.59361003998324,74888.75346491033
141.39230963777757,34.06961485106845,51456.16109304354
275.8001805171681,41.590015556669066,73691.16720508166
219.35161263092135,38.629581565026804,59417.487989734305
174.25102210948188,27.12244225761645,61419.35804185984
165.55295511661484,27.52332490839093,44798.879949946444
175.42600118242615,36.89542927185733,59259.72921274542
247.75957031756988,37.40230988827044,50713.81672287687
174.96065309135253,30.278885144290314,57354.384725363314
191.38854625260234,46.139208380874265,46683.395592956185
219.61348167235644,40.69446456088717,58184.38889043734
246.98016793101402,30.620965442306442,66327.66748416425
213.4102934819643,29.94421278928805,60770.834271402
226.36765626367662,33.40530750400727,47690.28076972246
161.702177066627,32.677019122480885,40096.85406945619
248.11431696602045,43.79310245612244,64841.252347409914
173.38055044014024,41.891660810964204,69912.78957312393
155.47170198220465,35.245486594509735,47768.10749307807
277.1597858127621,39.745338926224505,77795.04224925891
165.21521233553807,40.760826584411845,56682.362313763646
156.69207179058546,35.40782509786574,39878.57720278834
209.37670810567096,37.81833075558363,45431.234745947535
177.6314543000618,39.15931287864597,63115.51889099632
156.20947572368073,38.41324006554219,57037.05641816651
206.4084391307669,29.54837320066946,67956.80131754967
227.2491621340365,30.256031698577566,47290.65971941711
232.61035908679406,32.97983736819765,58619.41019815076
159.34270630309885,30.053350046671778,54842.87062101789
201.35315925971645,24.688295991550433,53826.95021017974
236.0342046103144,39.73166372664328,56317.173816386785
160.09492028893234,37.42485688808301,53089.9344760145
165.93228668950707,25.62443396595218,55649.08751733771
122.27266545400059,33.31358301790724,56493.98881412837
197.82840940085413,33.70999927923161,58689.378339140276
164.37599901977194,36.27361099956958,65610.41111736579
222.1820519607636,27.426542859466387,46483.4574723963
271.1940330723411,25.522040348039113,42427.956778181855
166.0585571808862,38.63807147223737,64551.90283603461
212.21714505854334,24.262265914119638,47600.668477673746
166.4190196802322,33.37135554861736,52517.821726879956
131.40836830376733,32.71745969969241,49402.55087511863
227.18413706445745,34.137009772412505,52687.28853037231
188.51342098375073,36.769023348244964,45265.34207180967
265.8157854977152,46.189994324679844,57721.80892167206
198.87096347670064,23.803554595863698,59928.48473488591
159.6100926591419,41.136071079129245,56534.280599693055
190.07751250025416,17.41489465708036,57346.236884927115
165.36465137182904,44.75597804172123,53432.40072611568
248.24599366423092,20.6999146162399,62361.43879892865
217.6120995066026,52.05476246624354,57260.85114684847
179.7227405241837,32.271625193659915,38931.4865167667
198.17139050760244,44.03268142541124,61259.0080492624
214.80484129457886,42.58909216387605,65287.42133537103
230.94607511179063,31.944576360869142,52903.5624322978
147.3976509388057,32.48175547268679,64381.38459431004
133.112719489993,29.13988725807407,47073.3521369154
153.3252686937297,40.511591165110026,61577.265103539685
184.73560381188597,32.035723270470726,69876.3462191781
191.78205859194486,29.26711530364486,55906.75549695323
156.66441900161223,38.76093208369306,54260.59421666852
186.2851061130308,28.719764910159757,54504.691050037894
189.26624899564632,32.69712395773598,69214.82510004075
152.4640408193672,35.74974105410536,58672.81056968434
257.21977940564494,30.50299357517112,74999.5946963667
206.17699946082547,31.55915923356045,58740.78385983406
184.12178914403256,45.744882407976206,53192.25631391
195.94079449202803,33.570353598003976,51909.74627366553
177.18623448512852,32.482611281514714,56248.329703159325
243.4412646438701,33.774124033518945,41891.43453920129
203.39425644840955,38.18118491949347,53965.91502325458
194.6810182544581,27.762954221282957,51782.53752515312
255.76249839761883,37.9905078032087,61634.865234493824
240.3513132853717,36.79074133041468,74377.24875871917
235.88392975011374,22.479412311481177,55741.0640217787
168.00047564081075,47.55978922386133,42608.794513974484
159.01614394632955,45.225694925342445,49880.35441530535
217.50466420998055,29.39605947078614,58492.08293925726
191.97863150865498,27.143014236119015,55954.836805499646
216.65932071630496,36.596360479176695,70924.58678060812
227.49740706126516,25.018956985180985,63372.366228476996
175.34954520968978,44.54998067591579,65252.74264084404
174.286428091415,31.72082384973325,53791.44434766689
194.2581501723642,46.35264849816171,67797.34804524973
173.15825883738728,29.22917640729613,47893.88828435991
214.52371241868153,34.214585401032956,65086.1943534455
225.4225274733753,43.87048824604156,57630.04511665476
192.32444685690837,32.73732364252819,44712.24041344062
222.1195971540093,36.904642202230185,62943.137863991215
196.31397884379132,42.64861128946609,69552.86752331241
220.59384793604164,31.107667844160837,53609.34517953201
167.92797785929574,26.167826366166164,66896.40416859114
224.27017290848738,24.789025825846952,42311.91179362329
220.90590132706555,39.08402924606512,49059.5468138845
172.44093430462704,37.72144870898333,55330.913524684045
201.25347076095406,42.431642211567635,55573.40417774344
243.63196141891984,33.08168696712187,52722.689194372826
170.63531110141201,24.9848391967962,55332.71755970986
223.85616280329901,18.530733856028966,49919.49531229699
268.2054896019083,55.0757377404619,61899.81789544501
245.80288345194114,38.68846112976252,61737.13586481694
185.35873786310123,35.95754229257606,51324.749596240086
207.1252554050323,36.950478322196716,56805.23196927132
286.5564940655117,24.980627362372946,51994.048625641866
202.64952775569486,29.435896063258674,46320.20710220485
153.41638681170465,47.20331089593869,63351.37880059411
139.88604753653053,39.60843100096553,69203.02238858456
232.1421090364493,29.654816396604446,65400.707581987765
187.49612462596917,26.41229270341733,57605.931179268046
170.34328276422423,31.390141237388036,50214.872162921594
180.31239743947745,32.79198546943985,53617.45172333329
227.00622046612528,49.344022250926926,69657.57007751794
191.63409895414003,33.68212836823832,38202.75018451771
246.2622000438076,26.673137511068912,53662.503730396034
223.70429847991616,34.58978345472941,63610.81060026659
276.11173392189244,36.850369278646006,51068.57629971296
250.5181115831758,26.036173956888398,59909.63940649504
171.17263889345708,37.815158741168304,59488.83467802628
213.4722053461668,43.46241166590099,47643.35742588292
132.38962784069096,35.970698982755344,55457.97233263997
286.0251536135089,29.42054393705224,53475.453454976196
171.85562348916596,31.29790693700895,58707.510717633835
214.20314840260107,23.388148163366964,60368.12445902982
242.44492656196547,34.063153361282254,61449.95018533025
160.01159258375333,37.175459697809394,56529.24310522439
242.20233887187234,28.723571905941654,59267.88647575405
128.8819308574992,48.5779010571934,46852.2929739276
189.3013909407871,40.54595646815804,57429.39168554113
192.32431189346318,22.450558627360905,47945.92226585499
182.76106475731638,22.594162090447096,62381.643148845906
204.6952730907799,28.11183338107327,61220.26465887282
256.7557862542259,46.01229784731491,67257.13451210991
178.39916529374023,41.23645197386654,71064.48105792505
203.87792720802716,46.365985368908014,56813.18127156788
248.12589340840046,35.07146500593928,54310.079770053344
229.39531797696603,33.533574704264055,54863.623302129454
138.67057474878234,26.267433597575632,40824.62885144566
264.5554684082786,37.447787474417574,47718.35198938015
140.1903462500573,33.62682283158085,59682.98000779354
204.96914236554676,33.35729466662696,45676.09503206273
203.43274624450078,46.326355887369864,50824.997281587275
231.51006983667497,34.115580779948075,57084.34147204483
158.36906990454176,44.31687010833379,53720.600678235875
162.47484194684915,23.883477372001707,60965.68307352566
226.21835081088523,53.81678563004046,62658.03493118266
158.51674710949337,32.38710676771242,48746.149379728035
192.06027140279372,39.950288162918184,65445.927265134516
223.234070454609,41.06391038362558,64997.19494243029
212.48584546524876,31.51850288737195,45409.36823323092
166.27530478543866,40.733210630413375,58791.060169741715
176.1976166952005,41.09702223606867,51520.58305458377
273.8980628146733,30.007988492679626,52287.62757470862
189.96730857877395,30.09089843072675,70672.40427810249
139.63957256299312,35.3171477643932,55925.842525578235
167.31495111740992,34.191542366202654,53980.44833151848
179.83258827003172,44.75191067094674,58727.461728350565
296.6514657399253,39.91867729461555,68835.85623248114
176.07394392506222,34.50703501375836,50462.953940405096
134.44470523150108,39.24254571095371,51029.15273511486
196.57736148751172,20.67342845542316,59317.29968383855
148.04652127638428,30.692823184577808,42412.851376704944
173.2114342937714,37.01474705823222,64337.55215525189
287.06688541081087,42.80755851324715,49447.194615850414
219.46343610325923,36.39838534259056,56021.98024729216
141.16889672703766,45.207672999843595,43591.2543356459
189.96891502977826,41.075579006176845,49353.0698825486
161.48380472821546,31.58169403150059,65481.26698080871
154.64875753142533,34.01978547832361,63616.78054638614
204.7737246194082,37.85895180367,66963.096969249
195.80884556018748,31.859551130005453,44646.47565852489
224.8558065554534,45.719031245416154,51871.74038000872
251.3691946598829,27.238917059953977,59566.00519541703
170.32912088465017,37.212745152970705,62060.95408904481
258.8770626894493,40.1481276952354,53997.319889434475
197.11705352823498,32.80587107377228,51835.22558413777
171.62698757716936,31.228404671455262,46308.85585213359
241.8059883212482,34.46743092485001,71600.39352433004
137.23918044182128,40.68398958949622,51783.79099593792
201.64770429372894,31.501064017305023,56602.45567080147
221.8131015403352,27.517551691634953,56772.91030529907
173.8142830212894,43.054093438951185,66328.38001001338
245.24858458165912,37.795075310549116,51649.45620701011
169.63307639644682,42.05500201342662,66480.00604320555
240.70108979744225,40.31532211887208,49474.1762445739
147.0922728956189,50.25922515797376,66718.50572468081
159.93955293958174,42.80480424924582,43123.78457445271
183.40849714703006,29.931443066876255,54653.23577539282
243.38780220701562,38.29187577062108,72323.27325981868
157.8279888623806,31.09757895269518,60486.117210558215
247.6991753973376,31.821116853135166,61252.002713873895
168.46430578875905,25.11249719569291,45843.23827370118
190.35094361161083,32.99720772693423,50402.639674023405
180.77771817968346,38.8152400197429,67772.09708961513
153.90362132147524,34.537848064063816,59094.21581976617
265.02918187746127,27.304421177259158,64358.462382251135
188.92522907932067,24.338864672721797,55188.57608367047
217.53591387386888,49.78292154836397,58575.7214622266
203.42297467586883,37.276125271290496,63716.11333087969
195.3944625465481,29.231515812800794,57786.50059731089
208.2396851210089,38.23248421792013,56601.84046622928
252.75168832863272,50.324302544642606,51407.49597978812
218.7405375986442,39.34323651752126,66237.22708526981
198.6750896612124,15.490524916800272,56597.79191985961
211.72930098965367,53.566041815908605,56491.40419728206
207.02913574661204,22.055274637967358,64000.10631997696
188.42644451483784,33.55791638236217,58273.69886178773
209.22454991829943,27.066169899770046,57770.09792805223
189.45947716608643,29.819985230187505,62720.84342077043
227.0425585568353,36.99086779487846,63748.15422982924
273.87181862718705,20.502835438409733,57964.54466157797
270.31234685326496,34.368280901572874,57781.49023945643
237.25733405323433,43.03139695918953,76078.82775699999
206.48329229183855,29.097317727887145,50137.7033944037
225.80653976281644,25.26800458040491,61673.45539296487
162.3069398218898,34.0248642849098,54851.5982689602
193.03853648445968,32.63160956964037,59936.86717416104
171.46527917476823,30.833406307658716,65154.245167413945
123.34772693250605,26.681577467176705,50798.484515799486
272.9732935746656,38.634292068302855,65360.820687879524
245.32015378831463,39.16684458009211,61732.87457986939
196.65988998263836,27.540472858804588,50285.69440825581
171.1305988302737,28.50922448777368,64943.59264853308
217.88870732947407,35.95544395804008,63523.787570865825
188.5918845717082,28.24519839338633,51850.41574301716
234.2851291864808,36.25063387887752,67321.73465930927
296.7469552068329,45.27632570031244,56784.254593936326
180.44187213107404,34.5812412314018,56008.42980532937
170.08222572818903,26.50468542792531,51074.18521335811
172.52164184635365,37.74472448125224,62522.27775070382
149.80531765510688,33.75641689336269,51219.42391134335
184.64513220129552,33.948900737560805,62336.364200463926
131.17368804416293,38.32726011015152,59783.209201988786
153.31619998401962,39.83726181944828,53105.704420620896
172.96767165343414,35.24851515831313,70734.59432782463
159.93085071903892,34.575237783035014,49567.76999466613
223.30719606792255,49.444790433313734,49769.26482337524
151.8929453316286,43.403877992351084,63441.53596042238
245.7527009551495,40.834822826456175,42840.00447632692
167.48989119896748,35.91844162116138,67950.51048980991
152.38278144896475,27.959797348735183,55074.62270096059
127.79442002369649,42.89170470153796,44065.4399277188
220.9171440507763,36.01005902702615,50367.52337753152
171.39241182302408,30.959816903238064,42233.56828452509
196.21459336123183,33.29801682488614,59596.620452658826
152.87229295826074,28.236722036332964,43701.299075381205
282.03053908065226,42.401303300901034,65975.17467324295
155.02052941158914,39.7812595818525,53728.31870941003
186.35974898415458,36.27142723069846,52956.62095231324
242.9230613230253,34.70050098462311,62504.319663520044
170.13474973151384,30.2353178592511,60132.168874061186
172.47898442884508,20.089491493690357,62631.43806688728
235.15132514045098,25.109511723379534,50834.30826553744
173.13673403188605,29.801482623364972,54921.25566942998
122.75355069605708,28.74923532590303,48446.45365579983
187.91514509961348,37.025524372312454,58261.55658918673
129.0215819417886,40.68045619381325,49022.339330078365
255.49200693013552,34.100925467692754,55319.740041911646
211.31075827912213,44.86241854585005,56127.907602990424
204.3077499805678,29.519715962893585,58377.99430066193
165.20918450598583,34.05124011276205,55649.21734832356
218.82622487535062,34.64308974505683,61631.229393078516
215.8127799198505,42.64530430184093,58347.429014740905
143.40235867845016,35.74120957457525,50487.35242053916
248.84718792285386,35.9349824019069,60472.58249683156
203.89546030461688,23.41609819494455,47436.96457286962
232.49127987887698,28.700653035524716,61225.91408382355
172.05575662520175,42.67166591588308,55058.184261896364
154.51118610971363,20.472604154819713,54799.401628312124
219.1655557771428,44.400948567014396,61491.350609284134
232.72194852824111,38.49765142267962,71771.61232793133
183.88495531706343,29.767350701453715,58526.43756614641
133.5271970437141,29.175657165148987,54481.49534772888
236.82451726657615,48.27168709893815,55892.9524359656
165.74481147859382,44.87984064535595,63857.68196639789
179.51959099463255,34.163914599195515,53971.447812322964
209.64488354711605,35.942142106166656,45331.245028869605
150.94669288439022,30.476730473628095,53039.65589683243
145.8104006881255,35.94348784478274,56772.85271972225
134.21449338468423,30.282674180014933,47516.32819218268
257.2146208484539,34.45019883078074,57915.652389535244
176.9160384093719,47.672305658353196,57862.13276572371
213.6754240089893,34.330701674147015,56888.364082542925
284.6248924696319,27.663846831084612,67750.95438731747
214.80105297963053,25.43539566410518,44971.08688212563
197.87792460492057,35.88982430155136,73372.22362071075
197.4300323683319,29.673733918550468,55595.80368649903
183.0260737603628,36.72622199387776,61363.54608721063
206.25119331305422,23.663478348100178,55903.31077953613
269.9177612938077,39.83175094203118,46943.10846856405
231.77571532082501,27.578845897448964,47939.48549571703
187.55453103859585,35.324080814941375,52430.98437451348
178.90925967830722,32.6318774779202,63787.90358642365
249.42680938010483,47.02872273595209,50655.6551752524
156.56608122684125,36.200424214006695,48821.85914160762
242.52733034681674,48.61830363680216,63110.07410925061
171.22895888283077,38.925196800436936,60447.9725047116
220.97606702801457,44.97784145618735,63480.79352304988
234.7666032910693,33.53841255503956,50001.65828553147
192.83117766395796,37.41852134643226,44431.526656145754
164.0833512076645,43.53050512313269,61455.10830607028
241.61421103071197,41.33471964008834,71452.04720633345
182.14620607452127,38.716952947291986,54289.73316710951
177.8039696327712,32.704456170485905,46657.49025592111
196.26936500956688,33.888564543352956,53212.24446429086
188.6199921648505,42.9636336612235,61256.30083163133
216.5723468277477,44.42137874112498,57755.296989076596
156.77126516378954,30.849960895042287,66093.93653188771
188.67949336663656,29.79368717951521,63021.223557789286
251.23291862849982,28.671063482108483,58677.81948842713
137.39036481112083,40.80790431011109,39972.029663308575
190.83567339119912,28.493674845562367,49899.500595813806
213.65929107205116,40.72322384215223,54316.71652551737
250.34252796851212,38.819832401847094,53745.32712560841
205.55184249257448,31.184357089439537,57936.572231600076
237.9167864589441,45.947015196958866,62623.10285132256
167.66956441081385,24.764187643291415,40759.60160989658
180.78462858994985,46.61672819830992,64864.372389899305
264.3520650732727,37.232201049718476,59971.398885327
249.9601507148092,20.485735503389158,57981.74884199975
201.47410238847834,46.143157450751296,65255.26190770854
192.67676811600762,41.80548752953992,51919.18847198448
190.2067393522713,32.00251821610873,66158.34015547426
143.0343236556306,28.246956043310224,52905.93579628782
251.38519981411224,24.016532793131304,68137.77870757897
236.80635478784887,51.90812313267274,55140.71394067765
190.72637618447882,28.536326880867094,66948.60307105063
173.75969913136265,26.15488006599352,47312.79189614345
179.8771156422706,36.87543387045105,77023.29697551875
154.6818045550972,23.534745732672192,46025.72683260232
221.83672677704487,28.129161210888107,64692.77481365037
201.33121086151243,41.96478435912328,55549.667059024534
168.95169257828096,38.249474163735655,62182.492469524754
209.01210169932523,32.295410281824324,56425.931041240765
278.64339692365013,35.12814671051966,51058.38312414984
154.56452471288395,31.902706288599973,32556.385376052818
190.95106985087932,34.566015334416726,76661.08397813192
194.60421122003925,29.667320322082436,56357.579275211196
160.85208179978025,30.93832476330801,31428.253322111334
198.57762294986887,30.72525303718197,58522.21656437609
206.97989785920495,29.91897403700972,61709.31944247109
159.59137457324465,42.30737697491537,51031.246177903195
159.23519659801923,40.39082174409137,50764.804137947096
243.8343325092391,28.473457121263355,56784.07163507383
176.91648986188147,26.639243452202003,64333.67529023709
209.90072797323353,33.89906349808569,57915.119064443265
209.46788824857614,50.08701318802682,72197.42331591445
240.5709871173571,27.806063574124167,65739.08554211697
224.4227951154864,33.871429272071715,55771.242637686766
240.8312453934053,35.62104289602363,46014.47004931592
209.27909160909277,34.23950478168395,55352.245747485176
190.045824294333,31.79253088046358,60253.896940740895
184.59948357149835,43.08555980538988,58432.71990049964
183.22454742491954,38.18121036060418,62071.133641987704
186.986339011981,40.92063726621553,64558.95996164464
155.61096176062983,39.125659647664314,60335.24995461918
187.52834057963557,41.25763825264191,55534.34800533423
184.20798888597523,46.090840830818436,62649.36889544476
136.96438595088492,44.317307767518344,73953.76669760604
173.32035580638117,51.2736277171714,46967.72691405598
226.18859956141708,43.52138896985034,63742.34175718983
203.7279103174517,30.313872564307452,70831.80819160175
234.7576688702988,40.9311842926408,50212.18943996543
199.78737332352574,39.97304625289217,65994.91064937245
243.39328211101508,48.44206433662532,70868.2109876572
233.07940158108045,28.229890383265975,44765.036717960225
150.66188956624342,38.90565756975055,61560.49359962137
277.52912644402073,30.232507586631296,56219.874211440976
130.03929888166613,38.587815728700946,54534.36613065638
205.9072973761218,33.49677334780196,54297.59226910882
232.49853886467417,38.356281629336216,69419.29216657966
178.85796261065397,25.12763269743003,53597.30902629577
206.10959920655142,40.552585370891286,54651.768840378805
181.64549344198997,36.4424166063027,53048.596639932744
143.43539382837884,36.065350172403335,52445.12805842435
126.87688481156361,48.65159809893131,47536.479048452304
150.07059638337188,32.32261621212524,51073.60183106866
150.68329275189734,37.39585797340387,56576.28801234215
207.56158542882048,35.70189489327478,60645.39326672131
197.96079416193396,36.386274121685126,66835.36818446507
190.6472408752399,50.552627332499455,61565.55011626931
217.7479216325149,35.44664964689624,53922.676452672626
130.9279766519232,31.02904140358216,45974.249657900094
172.89426229267153,48.096319568130546,60671.47273717733
230.0825084766073,32.84617864192727,56618.36492974268
255.53762555953543,23.763752969536615,55397.99505610535
188.94087904803717,29.814094054998044,57733.33727595697
147.65010288753334,26.27388754170001,58034.45484874533
233.5175445208106,22.40024173579884,57388.73123990809
249.78389416401575,32.458894969423056,56743.56435976566
186.52744624550868,34.50848824308597,50025.72575342853
169.96831810098254,43.26369540590235,52451.17939196614
139.51553603497675,39.405811284434456,62283.80148524445
205.2380813238305,39.086840156900664,54633.41817163978
255.51105769691173,28.74752996361596,46576.96944767748
215.89542842643067,41.19453283374881,68170.30876706673
177.47775694524717,44.73862985479114,50401.083737585446
211.44395899436148,37.76199624082312,58266.52281514602
239.27292389352704,37.95762275408548,63011.53606209312
192.71173458068256,26.14715390210015,55064.610387124005
237.0847938917191,42.381050653237295,40222.799493344995
184.44194748782382,47.46581384132993,61878.59111684321
180.38889977081192,37.26066679332786,67333.11668857854
204.30480798019707,30.839499051427605,62592.915755906244
191.57727974529882,33.8660360080851,39496.01119822154
277.58076212993376,32.05705499491189,75916.37634115046
196.9461875556208,32.47685242787794,45789.3798540026
183.80351879250316,39.535881445858415,48639.47845115566
184.72962482538134,36.956248781692395,63081.934720693826
200.36447077203854,42.02755624179958,62043.560671368796
180.97844041796446,37.59631781344755,57446.80380525434
221.99377575571287,28.951384182152722,51871.777150378766
183.378209121657,31.495155833054266,66422.37909851153
183.70645214842887,31.060112490485004,55391.33626750498
208.28703775536758,33.69470946367084,44491.635145219334
143.48591314854556,47.562995839902115,66683.01948999654
213.0034138704777,48.6842971415334,62124.20143676875
195.73682284144977,40.856208403126104,66917.1180844798
190.4027987115303,35.831346577835326,61402.777657669256
221.48118490416843,25.468434463469237,74773.76101226883
227.13915298891143,36.54005814011058,55819.91568177248
241.89568484645574,29.469948924940628,57257.39940815834
182.82780420744496,46.41365327596144,64244.35146536805
178.4037258966362,23.757260171466577,51808.045445231735
220.79742774896542,37.69139033331082,64743.26370451957
204.16907965966408,28.880324356447417,32317.16471622705
210.07982405425295,34.93339370161569,56756.53515584797
201.20365917729617,39.662477332177396,57156.295821939
229.34831063277144,42.15378082147468,58554.176710284235
163.80792030656812,34.57516859347893,48648.27087347918
201.22469152162103,40.3285158512707,65364.07587006714
159.69374104867256,30.362709309715285,50813.176047866305
185.90903886297644,36.71876869341254,58428.54619660016
214.10066567322542,42.015451901065056,58698.22710286458
194.4910075802976,37.32469634697991,61262.23146298315
183.27738070674178,31.29459412538686,67183.27763281259
249.74008785410294,33.046703427055974,59813.91745886838
229.36893523643175,42.10959243783557,66389.80859175838
198.00659648098917,27.3570876815029,56575.845196163085
266.8815353410475,28.389794061947832,53528.64627585687
187.56807284402026,39.211121318682146,56222.29416731876
231.78036565500227,31.925994838207416,55131.47970611693
161.00155575284296,24.828592625552176,58542.73909522374
174.40123229172065,44.455730669293374,58606.35054930707
179.43227264163275,27.302797984840645,48544.88643139933
151.9286051529466,33.60398990676253,53329.7092012025
195.40379423263218,30.663355494190313,43784.40241486013
164.08043209598196,32.916215601218454,53924.081369609085
210.37144502065485,28.807663796440618,56070.75680376041
163.81425865606897,39.99995466385424,71020.14852262316
154.73464775063502,35.775764670148384,66323.36683100082
273.945145137084,41.885575166476244,53201.753186959504
213.36834940745902,30.735822519207943,58172.20707325824
262.6431008647453,49.931152389644474,64868.55520634301
194.16019610832308,21.66745850147239,52363.459169696514
136.6238884183956,23.90405564454394,51932.35683207756
203.32110314383243,47.271593934015,56779.71467969366
201.5160031015808,38.318291672124694,72703.41687851361
130.13977780797651,37.38970258139253,51536.413558777196
244.79923275047912,38.01892715122608,62034.501345410645
208.64659911276806,38.998450891053146,37904.6530792512
225.1228878728631,37.09837404303765,64940.24016715514
194.579449305266,28.238668558624262,64968.703035270526
208.45830205018837,40.72733633550954,50073.71114672228
171.48275322550847,39.624747480767624,52699.8667931602
275.9941794599621,44.99901802717881,66031.4952179263
185.28213463347012,47.34968753830816,58928.73673662513
160.26041628788985,37.31333255750283,59710.80693290767
142.38993616457273,26.407156876574717,51462.18486534518
210.61507761683043,47.40766051841496,74890.89119613048
280.89559034764403,27.872950454979414,52471.467815669996
252.16326882765028,37.36574935570667,80954.86720411539
219.11870613053748,33.202862515054015,67210.75961292184
285.6309541264294,31.985622548706452,65793.00618598943
221.98274956424484,40.35010085072062,50633.205257179136
179.53979694318406,36.71121719487576,63868.5835502649
206.41982155392844,38.592690438876915,62797.80371912389
147.32539564813686,29.29019596885641,37358.306488339826
167.5546974056385,33.781475242377375,44423.44240438282
186.9035083700192,29.613255141115097,58395.8446914549
165.23655680382203,33.606498884157745,54486.62438852324
268.0450674484615,34.168664425928135,55026.916284265106
290.1674869597087,47.910129212433574,72533.55534913047
182.4659743132729,33.18428039871882,48984.767747482474
220.09173093011765,20.120811728285478,50786.496736868896
185.95897775521635,44.76564076124551,53148.33449038281
157.10488271231537,38.144815618182164,60074.090846815234
179.3251925561214,34.08292695812627,42356.26184107414
168.87043777039946,31.939492431972337,51412.26125434829
178.501331717916,28.3715204076018,41282.23241031746
166.78940696109237,48.56633667960544,55597.34669112899
152.98926058732692,35.362914220620254,61194.538176885915
167.06727835741881,22.835741995629675,59742.277226458944
254.5074118012983,37.294180232996695,53670.85862421137
148.34518623373611,43.443201914243886,60711.16550188575
178.18920939066052,36.09504267847448,54950.43973984001
198.2392987606604,28.688845694632803,66575.93643738407
180.94160226878876,28.062479997827403,54037.96720265114
197.07600768826913,28.578767505965352,31847.81050646111
139.37386588057296,45.65160597932866,63520.0888786835
212.15120461088688,34.49835161334223,53646.07325794778
202.09185162700237,23.248929097249587,52504.81951241259
216.29826285057774,37.68893748091125,60839.43948372915
202.5165738987705,35.987257499014866,45890.35278811543
188.89807683963147,31.85773173181668,56615.092855642266
180.5391623534225,27.857152707378322,59305.282974425594
168.0937501722111,27.55273570158987,57543.95618728856
195.2216018478676,42.60643670826437,53526.24681494979
134.33086043623564,36.73258999063568,62869.77612766351
178.5165709964163,38.35050565263249,48866.233171119085
215.89337461696056,36.71331166706084,52921.98769013932
152.4033720222246,37.29382093438275,54595.69258177581
143.92718204160704,31.721237356002312,56929.29517769716
212.6034449889378,33.55919451863456,54538.45381886765
185.0005777244338,43.1543826379753,67812.28091137945
234.03089967738237,44.90213117473379,62870.775865064
262.8968496648906,26.445356085681745,57557.66451279092
269.28531888440625,33.542188168245524,61113.50810995213
187.6880196573677,40.87499751295565,63534.99478440008
172.20351953151942,48.17455812551011,60222.02760621673
207.29162768543944,47.47371706931525,45364.76941838373
209.64025593984937,29.4296952953745,64885.71976618505
208.93241408836343,43.92532282744078,60134.825402556686
177.90800963391416,35.410454114749115,61778.625869562034
144.11076850911988,42.31091647213017,52849.91048085858
166.20513984148738,40.517950765749006,42120.55930441655
159.19362020102486,26.15225170204666,35931.99466586253
154.79480237460945,38.84981769639023,48458.80753774018
259.7654592511825,42.03987613818502,65058.861626758866
129.6352487286114,34.85891321480518,64902.07152472457
206.49489828693635,33.27578500885365,59287.049643028535
266.0371460924351,23.99835261758838,47966.63396630982
181.45366593509124,39.785322615856536,50946.19948990828
198.09354308105534,36.461238574697376,68109.00072359486
218.2651191345733,28.544712597029402,45744.068131320375
177.47023573391158,32.7191200218652,72620.85299540147
192.8983550548881,36.08152274389441,71968.3665917698
236.62475714687346,31.089549476631305,74434.33365367267
225.220393218168,35.018739892569236,60932.546268484744
235.14284215587907,22.750471469575857,52617.41198095435
283.3263679200759,44.44595187796369,65443.48024354622
182.40914725030052,35.111364994763996,63673.3137559045
225.47566930236525,27.304525454567827,50950.2989055296
206.60379608120866,17.782038061286222,44864.210662912985
214.43505792777904,42.20394458723375,56778.51335009894
224.41978400488154,38.90664086906549,52552.957719932245
225.86566058931308,36.47479999428336,68165.49662477477
249.90971629661337,41.04553600885223,55326.242149380174
180.46382969236373,41.02628877407698,58168.8929230135
212.7672686442615,36.361066490374725,65600.76896701216
173.84600589206028,33.22050047919528,66013.98980481009
205.64285275809135,32.0800088096932,58265.49878296778
226.07981384070746,37.94659416733639,61653.3288381463
232.25329419159647,44.779219624155445,52264.19624901128
187.15468146901765,34.27967780078821,64600.0553550583
196.13227691675274,45.335341841417055,68999.9097585346
179.03994627770822,37.612067314166886,41771.23793196902
161.14544188537928,37.66483677961663,70173.08333067698
171.8042440369786,51.83576627126781,53300.328903350164
256.0742516011411,46.568747513529026,66682.10427261163
176.68341356220338,46.7502647107175,58880.490152553284
276.45674119119445,29.416704391431995,57649.43946375538
169.76363183527207,50.34527751509403,56894.653330502115
222.01693184468658,34.4244824411603,49702.31131573925
203.26798010398784,33.40756174172546,60981.31168062362
218.41119125495567,19.88526110610733,52054.80621655527
211.5766801547104,37.28403577187676,47413.05394078802
219.75162865081347,27.416522293281524,47744.78791829766
254.456758829028,37.85777679982894,49293.59707142617
202.090808059366,26.86904406733616,51233.26242493453
144.96835029278918,47.58389886456363,60778.95378635359
172.87796017875297,38.8610177401371,51029.269072594194
219.9530688269466,50.959101030247034,69012.14311015823
194.59544047028035,27.83883177955241,54463.59389698114
200.43194055485628,45.84425471295583,56873.41356067789
205.87724398505534,22.381013080770213,54741.864733031
183.56348869337057,36.45652833532006,67853.32698093065
229.53543962337733,30.578638160406342,46048.17161769459
222.0822616496616,31.8643042532475,70327.4325258073
220.79150987274647,31.384525074638198,64610.71754926552
220.9317473432439,28.596986702540697,56144.73028064464
250.93129017721458,26.18218185344515,66034.13415030035
205.73879608542177,31.903012351479713,53983.904536097274
273.1095835092352,35.8121987810081,62066.08169624687
154.06983218655927,43.14586049638213,52316.15942588843
210.09904964907912,37.06745277634738,65519.63791230505
221.15652816339244,43.1657814090607,53888.34951000243
192.8541191858396,24.652761896300298,54343.4443689953
174.6433386217525,31.969214160038806,61016.32084062455
200.59588771854425,39.97703443395497,66404.74584253947
181.8892852412781,37.40233529053951,50233.8436981998
255.32746482064454,28.971774197385756,63422.39553813759
181.15203568941655,41.53848224516131,49668.899969150225
162.00806504242152,31.281087726332633,37865.14189009395
203.5505599706942,29.558455070243955,50032.13090357047
184.83054791618096,38.408634323477656,63776.36873533115
150.2507099384193,35.04318555733965,55167.528476671265
202.2448877444973,31.33961365479973,52058.29287152134
199.25828663953945,31.101920323270264,56641.14194274237
161.6854474274803,27.511422401353112,54627.394024463225
206.00071378121083,32.229762277587945,61614.54242509647
202.52796845202445,42.70006604841205,45754.27823414697
229.49137075501565,36.71185324091715,57606.229868538896
181.5942385664627,41.71015856544142,58568.54265750995
170.55323097926117,38.61247976372291,45662.521868990225
267.2706357818889,30.714276551197266,47176.36485154217
201.83858599383376,23.4560110765103,51816.66075687942
134.68888311838018,28.51201944707343,53908.446320936855
237.2531162773312,30.301349322317364,57285.45775457203
164.62797165883163,29.759919907958384,50448.52740043051
231.4533555562544,41.86713948801804,54911.61317830654
219.53489514295646,41.79411926794791,56013.857019247
273.83034934927355,50.483157481936516,66211.99474032302
272.50675470257823,29.6539518016533,68037.87022392175
173.24660071200975,46.1821381424509,40237.72335523911
228.38458827644897,46.13887043964891,65521.42389931424
177.44023729235965,33.374153693727955,55032.704461298934
209.76246200553726,38.31488777858164,62242.80344069184
206.01332022889022,43.685132743988476,68484.06593931679
142.076526705196,34.587527641364176,48873.06718807238
124.72919102182352,34.0452575594975,61800.87485670372
142.8062264630759,30.608638052177838,44338.761182782204
155.40629982168866,18.47973036935879,53892.660380542584
171.50206943546715,35.49330131541935,54147.04047200314
254.79752996136904,30.030914707826014,58022.038634093726
197.18547549403942,27.472559634682206,47504.91545580716
233.2148413563591,37.9553415510102,62346.816606846885
240.4124683870383,24.840814314252313,68662.33961015171
223.7068184242411,40.642559238964324,51317.162653436426
184.39211675787743,38.385195206823646,58595.091569656324
245.3223289518288,32.19864751811924,64746.032166876146
224.73654660412808,34.55682823008878,55392.256412698596
224.89744143622636,26.668452340920304,66880.81007099018
253.50884196490586,40.252370223557634,56766.825030367036
206.12055525926206,36.311549687358855,56554.19915829233
198.2527370489476,36.83294968212681,49356.99951665523
250.88757555192143,38.51323265771191,60675.21442471874
190.5467202432278,30.503092102757932,55836.44772144939
235.67343072099516,24.366592075553463,60829.76830818363
141.91575183630204,41.70122862438841,50828.41288934925
120.85639334572316,39.82102889528685,49356.6609351956
198.22231615777295,31.25248837710346,59894.87757500318
146.13196738651627,37.863771393910284,66710.63132706191
277.30384559951347,43.80581407102565,67179.60268256057
124.96385807914983,42.970905621587576,70149.10814051777
221.32704414800645,31.04808814497603,61314.24134534993
169.97152213896953,24.578672681960242,58332.01725474324
273.30621862257715,25.779494022822725,62480.039074740365
183.46097069131133,32.817917909314225,67926.17312194387
134.73557502298985,45.23621993301011,65995.48863347805
134.6222143727131,29.900882115010422,45346.297097149996
200.96505285039103,30.82570502893451,62599.54454117096
282.91770096055376,30.681622313171772,60803.226092970646
278.9245837432329,31.27788442597933,57171.89076677381
179.35719764007155,34.921412091393606,42079.973366687096
193.41750676676855,26.03964877813771,42715.2366616675
151.03167620090173,42.59051969428866,53516.77981879114
197.5646728788277,33.98625245393247,44997.75078096047
206.2420516174766,52.353942023077344,58047.52986307058
170.80046415072013,26.785003010149897,60289.62096850769
207.70716719428975,46.12906320277436,54933.68645552536
253.06656657828808,44.7394177859054,61989.75167180057
120.31874058029655,32.11821193808046,45304.807143848346
168.3748721068607,32.23457570541693,57817.630841585145
166.19514859782095,28.550915287090724,58810.10674049837
154.79264524715083,28.631250023323112,43048.4328717296
160.76049453155264,34.995758351575994,49610.84504632216
209.36358069861714,35.14487188972453,47220.69408276805
151.40877248677668,23.783513131411848,57674.75090319302
224.22503140281117,51.05453726328105,62759.757705500626
250.1905238801099,33.18338199985857,57904.473372773784
259.84861674807433,35.45928594052032,58187.79409738809
213.61401087248368,30.616337966105906,59122.76223462811
164.7051697218966,33.13093322635716,58199.647916183225
148.35895756238716,32.49485322129054,50856.2825995451
168.7205538682727,34.97948701922318,50816.98399294807
271.09636354780827,34.8978706270032,58988.72426224749
271.2441419958583,40.634064439787494,59503.87276077672
183.4965180385015,36.590539559691436,73199.69440274798
178.2866272306909,39.92998114279652,54047.82428436563
196.2687722352091,34.93132424736196,59173.25061949475
174.99027510305208,36.618767885741235,60135.34017252586
278.8667900771362,33.3108602212171,70493.48698951252
167.50209308131053,42.02178214036354,50549.25972954865
182.2985696804563,37.25835700661147,67509.32782408244
188.0579812151662,33.89347601840969,55194.77408182005
154.9718727758155,33.68462905814076,75230.93188606994
183.58193093798565,34.23532461127102,59185.804752235075
243.9090614576591,35.21310746573922,48757.3629581692
157.2271299721341,34.60547229146756,53863.64970857457
204.42344450725938,31.08810841352048,67045.293063733
185.84988634170338,40.35430388687783,58152.17202606462
161.34092821996552,40.79653194783719,56105.14707184269
128.9257553192615,47.48699786530523,61874.27437857011
173.13710845719666,30.774592025486672,52568.242351902234
143.69880311712987,39.66507107606474,54013.9578329229
183.01211870315927,21.636038786021224,46402.26121912108
235.4415646964522,40.80330145515321,73437.35938711342
221.54165645944573,24.803925194949706,45714.212440405085
266.00803490486027,28.109682274994,58833.13462187904
187.82718049688702,37.32557730311073,60849.83432991735
219.8958098042124,30.649506752043813,56630.48914799266
214.27313266752577,29.691525429979627,46331.19380364065
167.02326287950012,31.60628784251158,47288.873101275894
176.16082067405185,40.10738194342968,61245.484665095166
198.388271117035,28.469767225075795,49409.03343011798
233.1763120246274,34.620915950442246,41496.639720331004
191.28665053824346,32.34940600822465,59283.836104527814
168.2409228114371,40.7392353993031,49874.043518564875
288.0211252012938,40.9354522785799,66840.02921446245
153.50353487611088,22.15302741794721,51787.59763106802
268.87638209509635,42.31576593135021,59379.21142109395
235.24396934596388,30.72470865478832,57645.70788508729
240.5197653333515,36.65404539017672,49708.075755280275
232.8910596469392,28.427638817316925,50016.918226644506
165.98982325239587,37.597942218968484,54161.483393543065
210.17522061034333,52.859442675347715,51955.001627466445
226.91255840722334,35.890158928995234,63854.4690599133
225.26888194702468,31.781065976475503,54700.253355700544
172.9542416354888,33.37487135727121,44176.83275207158
162.69601100235647,24.71679029933386,49549.09135617113
178.5055272439058,45.14274300315121,58867.84966038891
193.12336452286462,37.190181753176276,53613.56939929516
203.25407091519736,27.657714655915072,58820.07018719117
240.16213537005822,27.885771969098727,61289.39733864236
228.78196605067905,35.10697665404178,77245.4453486319
215.66889982714974,41.52396775336941,68160.58205271303
172.11595103358997,26.9430706388412,41546.36947186265
193.0243754709109,42.7938653930702,55378.39926149421
179.18713848394427,34.35856513630168,54023.482629604376
169.04312617472272,28.488296304950325,59416.31804617772
127.8682454821896,31.726167013989155,46588.08074634003
179.55922840564367,47.23987713990797,54232.33857563257
171.33934532621709,25.28250664418264,44376.59312934541
203.04111747854813,29.876749308376972,51248.08277826723
143.80069233435805,41.66808509244444,51472.175106523835
172.84640033584895,36.51519930417545,53807.47425442169
139.7188787152104,29.461314272193633,44624.199900229265
211.26182998909127,41.75355265455376,66677.13785755404
202.62157685691867,42.08607013218427,62305.25679656112
179.3763351442324,37.31973467962657,45103.63905367092
158.21432528164672,30.7132238869154,55067.0555078319
269.6013080479015,31.791867661159493,46049.09006879399
204.46601727476212,36.99273245708879,68301.80248182484
216.0555512849278,25.81649657150634,68490.66438425527
198.5525684001668,44.29449416793179,58348.8872319207
234.8192522159393,46.901463620730866,54192.205276415756
252.2978605100017,33.348316051118104,53099.55417054384
183.57115279022963,37.49273144701565,53252.64727477672
217.49518714998626,43.30061429994528,58563.057323479174
168.4817716219577,48.68892586997382,69166.95366819398
212.56280445759006,45.898869348434886,67401.20687260835
185.13250082936904,22.85123740648845,61998.5427579816
125.84223159036478,32.79112418170737,55491.13440876562
268.7492718574551,38.50481776038254,51119.24794457308
246.25036130382148,31.54047892168648,51606.400653107834
174.90556613089421,47.47936721528255,58790.17570754506
292.9822097889447,46.40562620961843,53987.22213878104
177.46622991358302,29.28848901118889,57629.58132909795
190.9872408139363,33.86319986065993,62908.4272778011
242.8479940403681,29.75312104667254,61588.24889829128
176.25952526354715,33.634100891256814,59969.84643910583
190.1540380585135,33.421973554666316,41425.06203165345
214.3045753264895,41.67980540322801,69599.01936999826
155.7835073062162,28.78074735386316,41944.48312542279
187.37146940703755,16.682752765309655,51903.87818862381
176.72593379631826,23.76819842435626,59148.805411489135
215.7501558267993,27.80188871105289,58867.04202956757
156.59281624241987,30.4101588770205,44539.32180456437
168.79923959436766,36.310220804306496,47342.53267804096
220.387321577556,27.441442661297984,58344.3190276018
159.43949526737234,26.52229586818048,58315.461576710535
187.33919492027397,28.49386807643523,46480.38754870125
220.59509245112056,27.19042199188153,59138.8147648039
228.2343098833636,31.11854378993048,44980.1315289175
150.0739339798831,30.81898822873454,59620.240863196224
242.98968148529374,39.82339771881668,52605.94015322119
222.1439259454605,28.073294304512643,56880.419474372415
179.54380315463087,32.4968236016916,55135.421761528836
227.97993777545088,31.184841240582617,66394.77678885548
222.75650890127292,40.66219483226297,60994.808794700984
206.38147263561632,33.92004506787607,52207.65401585061
201.5329830247323,42.35487706379436,61412.646364665685
223.67234194759345,26.933408767966338,73163.5645295307
295.9685537894921,34.65443374095626,66177.60600699928
203.79712787539472,30.96876288079047,55838.00881908967
235.18830710357093,26.417677314800773,49544.22503457259
225.06169759228732,34.5274227131046,52838.8683644361
243.72880407049104,47.130494307646565,66927.00238593563
268.3988284393708,29.029638379517067,50705.10035250759
164.18110107676313,34.10781512713564,55621.36873152889
160.67589893750667,25.814378662852143,65648.69979588225
204.6914807165237,24.785405596671936,56276.50051593163
190.02963845193395,29.489233694599694,46970.774086829915
202.90762304127554,31.850118918595737,73885.4147447351
233.4043428540702,32.16091871348195,71606.0844814707
261.27597621477656,33.41782489444542,62740.68728930343
186.8914305693876,23.46167151507641,64590.828643714376
221.29676560736524,30.618376519451196,54639.9102428286
164.63294906494463,38.512309313825725,62136.03087896007
198.89985562733028,25.492284489738235,51682.09326317375
132.85519735076213,32.513980136084506,43476.331007998626
195.60824962786958,37.049906319566475,77982.64821077236
200.07797361140027,29.52413154583431,44654.82387934052
223.7791339178841,37.39067077312593,60747.71697068212
212.2656623262336,24.352116044304783,57456.131522615025
181.3003466111017,41.21914701052544,61601.09031353836
125.12844107572761,37.56060513165587,53982.4258364503
153.48885633997014,35.38965782456627,54797.9193599307
275.6774168979373,42.873726184140885,62926.611954356034
258.70152734790446,32.6945565853437,62297.079575317184
178.22090392310884,30.675007212766616,55452.39662186531
171.62888928380752,44.60780998868072,57109.09971514124
188.75118791390724,47.88536061564356,48469.53915637355
217.48383825141354,30.14593605717566,72665.71363897527
181.15529330916377,34.203797340245295,60481.79213387826
144.8537388961068,42.31529780283018,57800.78318967541
185.480919625064,34.45298498732459,51394.63298456061
171.8117735288362,39.16211956116589,48699.599674153484
178.2055397758574,40.462825182418676,64090.591186869366
160.3443662623164,31.06386797110419,53702.01714280667
213.4443989393316,37.93492264380181,63065.51343909948
198.0432213831034,34.956651138430445,46105.7267306109
172.88184749360153,26.481919846243663,66953.08198000913
201.01929526157667,28.0724314750012,62854.11987465914
194.4531588525386,30.43308152922542,55269.30729485759
233.06426851217634,41.49963895561823,63413.08634409384
268.91004269399565,41.72950713619329,67149.51842187166
155.8136612291977,40.249390428251324,45575.560481553504
249.50980290015997,38.08077492285933,72924.14177639135
219.48503719640956,37.889784150095075,62182.32866821128
217.83234124512242,36.942923146883814,52414.5451412627
182.78075115941363,37.85317938795144,48146.09930898531
179.96759154926505,38.327538085649415,64794.49665035943
125.0633504524359,25.16904483990833,54836.99865318257
280.2318196850413,29.46826997839033,62118.754142471145
207.04231112442687,27.7975486286257,55968.585148114544
185.4362037176203,42.75001505357806,49905.45098699822
199.90586095456058,46.57870072508529,63380.29759001793
138.61564655743172,19.816664557114777,51166.618656992556
161.74395896160343,45.95370228310163,57259.204724266616
209.05487342466512,35.60704961472071,76459.84889587582
196.7197384969049,42.089038734110915,65232.29779547807
231.61990868308834,38.54527008209428,66341.97121464305
213.4320468197359,45.08276537519944,81386.2919098232
206.44534989914902,36.46819703350247,60605.28067421348
236.30725996272952,25.455818788309585,56973.05507956771
145.05361552292078,34.26027581358753,49535.918080443415
217.60991594634112,38.60959232274764,54781.41527425684
220.9707146927595,33.48827228925949,41023.09732919771
173.32371227343637,39.60412205506869,63187.720166367384
164.49362756268647,34.54011827951689,45546.26137375878
166.65385372287045,30.831434766195912,62360.065275237874
164.795041735597,27.398151316819213,54170.87135404884
197.73689283149537,32.257292322266586,57402.92647307717
156.54283429063523,36.43200154790229,55364.225340034245
213.50096831044254,21.284257370208344,65632.80498937189
151.80585076420866,29.539465124994837,64159.802513910945
134.60711967179594,21.02315568657921,52598.73518814518
177.67204632413882,30.680476022153723,48259.03034574835
164.03138053383327,43.38120314001056,64506.99148293091
284.22085987150786,26.69718532789815,49791.297198722124
176.103674588099,39.92211822102931,44591.54138711847
167.59819016316837,54.94177589118624,63194.94115161503
164.6293952840307,45.174766918801446,67185.01393436512
182.73879494685656,35.934593662738486,53325.96300048277
206.9647472270938,41.00904119057538,61723.567349911
230.80114336216502,25.412220382942458,52539.77902585283
181.87334932555558,23.986097426126122,60138.37866562519
209.3706599480039,35.20088676355576,66130.27038373835
193.35120894363288,37.79027394427888,55203.87343758121
241.94001208857023,42.660829989744684,52100.53646164703
202.71771706214557,31.018665010190794,44631.78813628902
174.81142694220708,36.35376839053152,63760.56158675731
219.320239016433,36.113780895870825,48827.95112420687
237.13996625028736,34.08024126096473,61057.981192045765
191.6536886762483,34.49267586706199,62829.905109776766
283.232512587025,29.017068481523076,54208.1621855272
248.4729921986658,36.95795185869474,57853.36608242448
164.65176163137573,36.365349861365544,63979.96649706932
231.56871294905358,31.919917638307755,50926.103946264644
206.38851206139742,39.66041986216497,50907.76220280974
198.9280261390926,42.194821119026074,56518.602708827384
196.6853900035785,39.74163407182824,68039.90009340802
243.2629635555587,27.70289675957493,69624.9375216367
207.55956752762205,35.69752036803394,56619.09772587173
199.24298253610317,28.61997905995583,50005.35696366801
140.73406549695073,35.67588322409883,63533.729013678574
189.93061742654282,28.6472431208606,42086.62392022953
255.06218410424634,43.9401433614835,63188.3557688184
220.43705998649767,40.483320283138895,58572.71535899324
141.23733510535746,43.07092513739673,66433.84543512331
249.52694298971866,42.36205463136847,71730.62230803585
238.3040696758701,33.10580201898435,50349.01888742942
200.22618222232262,32.02073179530802,57752.81316313927
133.07210652299577,47.192066800901074,51715.113002437516
201.97426058438663,33.84416244879309,54489.03060643893
142.08699178063736,25.517935502696005,58564.8688884942
177.77539819417484,42.05226713566078,54796.70555827445
209.72738638492928,36.00642967784604,59102.938041611604
256.2686762383363,45.54160886785287,69329.06514056685
181.2447567229899,36.70078774586594,68773.11913690896
244.5574375783427,34.85998958857301,60834.71088626476
257.65862293684035,45.68284566142283,62712.70236127953
132.57610021129733,24.23073558474109,44354.09515322131
169.5391619789366,30.90246386777895,67925.56546011337
220.17880037882088,28.788459197013545,60304.216953378265
226.92656588079961,19.63444154998701,55545.377389819376
184.49014773953917,41.11223499611622,58265.19608590969
213.18025165028348,31.098071102119427,59514.72241183026
207.71242357321486,41.33757629152602,64760.652075201404
224.4054112833417,37.72360543864223,65629.78543459377
221.39808573121692,39.24999726639379,71576.28942618793
148.4643358428376,31.812203634115466,56664.48575233699
159.71377220590523,29.65026299210466,68769.16510348942
156.1179150869861,35.62832612653804,64024.00622877481
261.4936671928929,41.43417728315718,60353.72391553743
256.4270331263941,34.64732596161381,45545.52117455311
233.30047556653392,30.086445741573954,57703.680213991785
153.68307901516903,26.606873360211488,66556.84866008656
203.3097806364786,36.42914110726679,51204.295646236045
163.46054119561992,31.121527255500236,55746.84286771872
182.22781002626851,34.49781588827182,57608.212714583395
172.4913986880195,33.32854852425938,63285.90068584063
238.70827424084678,31.888983177208182,54509.67175926038
157.80906988719175,37.056624925316584,48892.80152498042
211.85293279227756,38.88152858900875,62797.18307281817
281.19379933438506,48.75695261255548,57763.05659679022
217.1007759279364,40.30577400279158,44066.371993245215
147.22387954517484,46.155776306318984,71518.20784665845
255.01528107342503,29.269797400187844,64880.49090807152
211.46768794425128,23.793386604910836,70098.63473704172
190.73238866036408,34.898988209958894,63648.46940723963
213.55259881733264,41.00619070904369,64199.89796705506
248.46179569658162,39.908132027116004,62871.93121371636
192.84457048296093,43.479671006286026,56896.59222744946
198.5496168689174,17.244182487103558,57520.67848127288
190.3448354468713,43.77083826418945,53905.693131775944
145.9293372562445,37.348238385007484,46896.37029537863
231.61915463614676,24.191906584124908,52945.50241668305
155.17592163192344,40.06470192710164,66549.01537725744
184.69500195538484,36.18637803783074,46824.18966705343
183.95961775978904,37.668605090046356,47197.36898750858
173.82068542325058,41.99376405220753,62029.85815275955
185.45331294464,38.01192757901501,53728.808265446736
208.41113639747533,24.690224310712203,59029.67806777982
176.91647788749526,33.99881611151964,63933.81025383025
161.59697444584586,23.676483804043755,57518.30802231257
246.43985185550338,39.54343316391225,54687.113181344954
274.6916020037359,44.78579169108828,72565.7513348595
190.96101968710457,26.30983626213372,60961.1346212459
178.40203794354653,30.299753676273127,55620.16063855121
140.39702704843515,28.82341475214482,53874.059229397695
137.61216659386642,31.82266309643164,57371.125931302544
184.5343714535491,37.88696210739208,54495.57713670559
260.86069394955,31.898516145291886,45271.43149986129
223.09980242612087,39.56771120889317,64828.81052325126
180.45902977808078,42.457658390531826,63187.81199877397
273.51036989684565,42.71231482930494,43273.73330253992
187.9978730358028,27.172732332412465,59193.82502432275
173.4902075167342,44.70150261130906,71807.14127546354
187.76238266136832,45.262505994133676,49477.48914529468
166.38503684211048,45.868759518660184,57045.54491528849
249.8864029789267,33.89529626197613,57014.11514773781
181.55746497466578,29.737102686828056,68682.28845447888
213.33396547836804,28.110311659639407,64964.460610439375
184.1702822512483,27.287540793976266,47998.224917869615
253.5459575331556,35.08183284665408,61631.80508799122
211.38104778138728,40.934962995432976,77074.25242708715
193.99062074786656,44.14590908691141,53566.22911411972
156.03173441818404,31.60110018546354,54841.544202186014
253.5897631576223,34.72918213043798,62915.02349901664
200.2407820161369,34.27068712618988,51981.95279262456
174.32691972600816,30.553038250944027,69431.84172649993
248.22427735216846,40.15024670832433,56184.91957241691
142.0528179538775,37.53993772636258,44220.37290684933
177.1746855404549,35.99276222583725,52177.15001776476
199.14739314424818,37.50813807437147,62693.80860869496
179.59168858756829,39.308158735702385,50674.02559657894
192.8043109454476,39.238059133912714,59982.86206508758
172.20237379971908,29.130570307147,59516.75687816366
155.72632122168812,41.27429984120062,46756.02253863384
137.61289315243457,36.78756282376391,50552.82521145131
159.63223248754497,31.957686635138145,57893.24373900902
267.8551006843211,36.63960784012319,65433.40312707835
203.4383761946537,37.411342337075375,53300.630578175806
194.06400211025442,42.572485670148865,59475.96543091477
183.72339664039612,27.676910600603737,52813.40602608941
219.98066737216027,44.274890475579355,65562.42132105201
157.355674913466,35.16216449416879,59688.274758723106
173.4225242626343,31.45692724475981,52467.4756067669
213.07250462492325,31.24269330100006,60484.50972244166
193.04324914383199,27.990425691601942,52102.575746084236
228.9453179272582,22.813595813702797,58881.96158148398
252.46614020814326,39.741799162514425,63803.815002243944
237.72048576377307,48.86620480295375,80584.87017173826
163.0839531476194,23.676692558149295,51171.19068301092
149.47399490962783,28.347004588487493,53106.99212385484
161.19819774248566,40.26108232401733,51312.161106656444
231.05316531950916,34.68054163930004,49750.45933844175
256.49977845182764,40.840934695926045,56824.00675253123
259.5383778720713,34.28795633795814,64219.84613027196
175.63556800826498,30.935607505135355,61333.08524663964
240.7876420092709,33.419105225288085,60412.34630275546
199.08286740639744,18.325374044208257,51282.14896677647
237.618183656827,26.995609580460744,52467.64782777145
200.4113055546204,41.63795561953091,51010.07296263934
158.0122290400492,43.343298909251914,52393.67046689597
147.22122109249955,44.84316238564621,46240.84065100588
269.3492661855723,38.08608542513623,71121.32565614676
187.7085227599061,19.20751787999611,68302.6266977149
180.57401188160551,30.55495429569001,40030.52865203243
181.10683678828332,44.27258973584043,60332.17778628836
183.21558184415767,46.36137967078487,60675.662794328964
265.24558072071505,44.5385342010507,63484.11968532819
143.88719375783228,33.346232746611406,50056.141282601384
154.04939381731538,25.853968933978045,62162.899912096545
232.03491543433063,34.71557887029063,61339.04482005021
200.52654841531557,35.10364912761184,65312.18762805297
155.49545794677363,45.95895374064017,51246.31272335299
136.93215785903374,36.59453910085548,43945.50676767348
167.8448404590988,35.1167682521654,59373.412601380005
171.8350890859285,35.51446603700421,48399.08162876177
129.80086004790488,37.799011808338804,63343.14108835428
166.91300247920879,39.385080602430975,39560.91154122274
224.19422090285397,29.92823796187403,52961.418833640026
243.65573520249467,27.59665723762102,51796.70902713926
252.72695082547565,44.59390964983289,58611.06967653172
184.25248234563392,23.512710938950214,56421.067932882564
177.68377745280955,46.46423221443341,61425.82618431622
298.2519229551335,21.6252491192241,61567.67295270997
228.8291935006922,30.908212070182852,63112.59215488536
199.20442319590552,41.80297779408413,56955.133273967665
171.19649294443371,35.00239322354791,72861.92185818509
177.86321192898362,25.784662373667114,65682.86553994076
196.83702747736154,37.984997078881975,54980.9481884525
199.72109353709965,35.469030392603365,55988.923999575534
129.55790945305912,33.487661980906154,51674.20913711487
270.1407614390718,30.632543964519645,61181.4876622758
203.46147500526195,34.7577580032858,49296.36207008168
205.0153435928969,30.926548716333514,50024.11732382997
166.37662099665977,52.04172868194411,41319.5970056118
228.16072415784944,33.31987993728259,54413.006905157585
224.04164865675972,32.38370132326622,65773.37130586468
150.12214176926855,31.208546981585478,53468.28575318672
205.6923991124143,47.438655899867356,58988.47541087468
213.36244836933676,23.526531854731033,57244.9515890087
239.90904488729063,37.51602695329592,50982.53473197005
165.74448893713304,33.324970196865166,55725.719855278505
248.16237021109737,25.036199267505914,63335.67851529221
191.25315790653414,29.266465704958186,58049.80931973239
150.35896891354375,37.21867795734083,63421.47989208467
151.8956596555917,28.949247462407385,64510.3202899846
164.75445054021637,36.8169474975403,61366.4740486277
174.09494626763933,47.10407260080446,52493.64479498357
194.83855966152424,36.19420474052135,54298.94381077541
225.72063747224627,24.82541265032853,71055.5187926768
163.39787629172304,29.07242616707177,57263.72080097543
287.2969848937279,33.002159828783164,60929.07373196949
160.1530572657365,32.534354167037385,48330.80156302565
206.20415878717415,36.064096915811426,56704.87752202144
260.49724024494776,37.187100594546465,65418.125766812904
239.3523537668206,47.11369568583201,61395.53964102933
212.06620028978045,34.973962344384745,53261.76942464636
220.95713953511128,26.93463887186863,53652.31145595995
156.33518361830977,43.07664291173997,66268.99742339601
127.55487313054505,43.84117203746717,60934.401638447416
188.52761465077452,36.62710165804179,61177.54192205993
149.12574826761698,33.27523923353727,58489.25206107451
181.24077408304493,39.35782481784343,47669.00296232903
167.78908019511186,33.52244130424329,57803.49228632774
257.1394589800958,20.61003749855761,63843.713709779586
248.677780038437,38.944319980807265,57597.21470817174
236.94434960878561,41.245760338822045,67592.37435648862
220.74229875381928,45.087610612655304,64314.55656012445
159.14611809692948,29.884690899332046,61377.41528760898
140.61414950088226,36.58315721102891,55551.60142974254
212.818450108346,36.73459690497088,64910.484468410694
211.36585698707964,35.5976779179267,45806.680792507505
182.32484243991172,35.803992268003505,56793.12301037058
192.39051712291203,35.25995210763876,62487.7993083379
194.08362055709347,36.482245811079714,59451.002563035836
169.59402477881372,40.18476723796747,65580.085658719
177.18327731756187,43.54201267209021,56458.12590467459
186.98599476352717,29.705673055144533,51174.90264229584
206.65018209368864,33.793890516482726,43870.913635586454
268.8518020447721,32.041743160786396,56430.748386449995
199.32786892609315,31.040293499599592,60322.19512867535
223.16484823707776,23.687780092857814,61374.34795948877
234.89811222864847,35.169557190970735,47067.777938828345
153.17506227453265,38.35524258681701,65277.66768240357
212.72238373720637,33.9143017367079,49418.96453917767
193.35644143590838,34.937294725220404,55786.16585110885
203.10099841465708,37.92905849536392,53152.898596076026
138.04539979381042,44.87783786614542,59533.17814077294
254.6182588983254,32.06164829333875,58916.07880619513
267.7996882728891,26.798715199662773,62600.436019542336
123.33585812340277,34.366918971044704,68989.11035854633
166.53053870741343,48.18492884358962,61207.081941955345
162.57914686224922,26.873696091001285,49755.66547443638
230.699546895172,39.55094986906199,62812.9384345107
206.052344883417,43.1053926049958,74443.0811972787
162.21592423193425,18.441260464240177,58242.18822084022
236.0844477361118,37.871557665259395,66506.434648789
180.84593244397502,39.22387445951166,44344.86655151005
191.19015211570473,33.12865359034102,59428.90111098479
184.00540121557975,30.47493007237198,53463.409735578316
197.47931590868797,30.86536353233214,50654.27197905858
193.15398283267086,32.70002052887065,56137.60058579004
173.26436675814722,32.88532777818556,56566.927343498624
187.58670266985644,31.56456070070263,50925.95664713156
255.13446546401605,32.58867323122288,59822.20380669937
195.51820846235563,43.335542766926395,57084.99090214215
257.14962745640787,26.498998547594056,62433.71860061064
200.60578472608432,22.756591037098865,56385.702529252376
228.74852815612107,43.44749575064021,62945.93757582265
175.1791561391778,33.65587568461592,63730.91165104939
232.15812680486482,32.28237395262225,61934.262344368646
172.20293358240934,34.22148013387132,55844.36412971175
132.01304842701293,36.46493690545389,38118.44788145645
160.04699740859544,31.33164141017144,59124.35908194083
132.7998732983639,38.54151789353112,47822.92227493122
265.9044814665589,28.264161983337726,56825.664738663894
299.28962571313764,32.8872167550557,62811.178675445684
227.74058254514276,19.497126213006734,65104.519072036026
152.3073590047748,43.205659944046424,71319.12237173787
252.89206339590942,33.76738612408259,51169.757657434326
224.98883406134559,39.69072864216011,48403.06774934515
178.89060524886366,38.33602208986375,59463.691547984134
195.4534694182736,38.84869646259926,59532.53453829559
213.81551841609092,34.94557129997958,47856.898420458805
133.65166460258985,37.717591749174225,54908.19490663738
195.376094651909,28.27100911171639,60303.80691808973
223.34103910356907,26.80175010639187,46144.716941124345
163.5837988209723,34.29225846546321,47652.97477288383
189.48140877484076,30.24156533722964,50576.93492075665
198.6805134088271,44.978249212745986,57238.21965379121
223.7964276967591,37.62601100514977,63972.338897635185
272.06084269375043,29.984630269156227,55545.79839028512
242.27765626877442,33.09921693046094,58461.73531043985
208.83281570789688,35.9310460739167,75473.00416486587
204.3796528942318,34.52397930695758,49405.516645853655
206.65108345500656,36.902222230539856,52401.93702742819
200.06063334605642,35.480581811236156,62522.978662969785
143.16093741640634,25.265402760709442,61521.36427248831
218.60337123170876,19.943668027472626,57678.16005469952
221.07444096394426,32.38473668575606,71631.17810869073
196.53052989110228,38.9234489356885,60189.29352349604
246.6493843956777,32.46341675805495,42198.25229067612
215.18674743023152,43.65594879383657,60170.147126505304
181.6957984116375,34.67179310490771,51731.85013777924
132.06838420795853,44.50037244976385,66947.58627693754
143.11655839638433,43.06332407485014,63880.06724842093
180.69153351774915,42.35900805622127,44936.38791228443
191.3162060901584,26.575418560550997,65886.85276296292
160.8617958685304,35.11998467581241,63164.405956216426
163.72008181442456,43.5594144123762,54535.85385857604
168.51802359725156,36.90641307330627,55591.860634251534
230.57430545608455,38.880519334992776,70102.26507052999
229.13026730190737,25.28478886419065,40021.41510492467
183.59269833763256,48.43152951425647,62454.859228458605
161.57789760953852,29.460379182042086,63507.42321201444
152.75839441860802,21.039024007748623,52504.18328186195
148.6940662994173,32.54211983522453,60022.098629436776
184.38206172807878,17.867613039352534,54119.703622817906
139.91415967822485,27.404123986461833,47561.91082158835
179.01998341687553,52.909582831731115,52999.63250181628
270.9357609114461,32.339714557477464,64457.41931032201
196.00385275788554,25.005489824141463,49815.51854132462
237.59228143971893,35.177085205962825,46161.15642131802
155.60449572560242,28.715373784776176,55447.43079112428
172.59388709562847,41.05163439771751,52980.60978458257
265.7386503795667,28.773186544297715,48053.282757483496
183.65052495464863,36.895135970946114,57349.79055388049
212.130770919082,26.970586741892788,61859.505278393655
277.10336422988,53.193197013533876,64901.21436012439
200.67879948884502,38.5253660401912,49201.29735828789
176.3323979682104,33.98145941762273,59846.46072479726
198.617497035767,32.949292245581006,64825.55701152894
142.09805313337026,31.124800117254452,72127.04680720253
152.99322545166848,29.673605641347375,66074.61287997603
126.09261624328333,29.481222916731696,45674.497406032606
249.5743370174223,46.748301953233664,68531.83837142533
215.0371741208846,31.131702295951328,58746.664652554806
175.646771967564,20.094067653531052,44312.66483208633
167.49524732131744,26.83822595384074,56765.636988379716
216.57555610868508,41.49407233999396,74336.01537550493
257.963398599373,33.23373160386064,68140.00003842465
175.72626823440925,34.0614287990454,47877.88932369518
177.88723160170946,43.18870115993365,57792.45622089364
243.42373576538702,29.559833875793878,61128.960633104754
251.61129178007744,39.42692405491633,46081.03047925934
256.55167445783366,30.324817951486853,44216.380713566235
175.13583115522806,39.031136457266335,58072.77327724575
154.2435711474921,32.26205324461239,56317.6147044717
189.10521509596578,33.309155776010165,41588.38359998541
175.39411896940203,40.74093560257894,60249.508711664486
249.49962379534102,40.2361736537775,68734.61181756883
137.55150223348815,33.842004102167905,52908.60515200897
210.33403718920172,31.698634310036503,57145.79601734356
254.6099437302462,46.19403309137158,66332.75389954122
277.3655407632789,39.125315680485784,64364.248551604374
212.3465229473755,32.262007339394806,43501.74506450147
266.83839774997995,30.428409456971714,50878.49848866972
146.53435194150026,42.174282548594974,53013.15367234721
181.3819258210513,35.80780060237212,49608.27142638498
127.0235595214431,33.8551290341174,66036.14698178842
279.67257117366717,35.804826228938154,65089.435318012554
253.7817511551629,37.36457812245894,50604.64482071872
134.98382386995362,34.6031759679846,52956.18294784741
131.4586073724492,43.42580806790096,64751.83334903215
182.09601402232323,43.81536933348391,52808.68897743657
171.59564285849473,38.7232168344126,63457.40612100398
242.02270106537688,44.62303293346939,71865.22448477277
160.01423816971888,35.05947737696756,65339.14328027649
232.1963290146531,39.832317035032304,60692.150948352966
201.08556734123664,42.03119423210359,68460.06651671458
183.0706337144237,42.13326796011627,53535.45993323562
157.98784128280147,41.41199403416841,76429.64224424328
292.8796825123016,39.418324358571795,63471.62265478174
208.40838038028232,48.6998968094666,69323.81991562697
189.04430536107287,31.222129503141563,53006.29491169395
182.4838783055618,33.913454487078525,60183.97496755318
254.50046093259385,33.49842666344906,62873.07287165547
237.33718892252847,32.423529986653335,50264.64006785747
235.60776376430303,21.078595696095448,47298.733835954845
208.19432733351465,44.62405363995774,57654.454379085335
250.396840382893,27.81771678667606,65808.12874081777
175.73993830602268,36.18870436122268,41708.37952105602
219.3364191731227,25.046971756275795,52590.9193386103
185.63948418674372,39.34501011503817,67782.96836600736
206.2768643075299,29.502227748418616,46228.591882528905
293.6313183039765,27.048266531236596,67973.42346545032
281.565363676763,36.360404251371946,51215.48663393028
196.54524467974014,30.094857936621597,48582.66830408011
203.26345783283108,30.98088632739539,55119.50785862439
252.51511872453642,36.20252730639734,74129.35802795069
282.23937632863795,40.59992617544092,56338.84027144666
230.27358711125828,29.271196584898018,42876.68112974545
144.41371218578493,28.061652682059503,42836.999054051405
177.98945398386846,35.16438566677592,63714.47532668771
252.33983827817997,38.774768061806576,48946.496421251955
228.6769394128137,45.239286343024375,69848.89814599205
224.76329512595876,27.50069281194409,56739.472903464164
214.60441546005075,32.77423029110734,56775.32472085663
186.68272037295964,43.23050217552678,60448.821716892155
185.52371160266267,48.811661752971034,52648.35797073074
235.22467620686092,28.04836300483872,57700.64247790722
175.19787782865887,29.82831656135345,45681.27378685413
216.80689887084012,37.66770066226902,68957.74480541416
222.45994051066305,30.95579800464839,48668.06314328883
241.57440223993572,29.68537771843033,60682.27245698609
177.72858449907412,36.71129424458235,48246.64394313373
224.7131372666314,45.845939676178446,56036.54824363952
152.03886455330255,25.8336239343043,50937.058576990166
156.89628645734473,45.48833875445659,80987.73527505876
186.883685713368,30.976615469919786,55673.45537606261
142.23287489763396,37.42054344880739,48750.19309863406
266.10981173523567,46.135955047713026,58720.7854177812
253.5848300529402,37.277265146114786,47415.56853261569
140.7519804588469,32.91756266260568,53330.92476499948
240.41246281943214,40.027229358863174,74431.73810527351
196.14855255229688,33.78783658367291,59315.75148760119
219.0994748390541,38.6494573471623,65695.28340539252
250.1703750544738,33.56723301135526,51117.97815355083
203.6172200869173,41.028070278923266,56727.28426179138
153.6215119729032,25.240378152148487,55508.68613655024
122.45241233765871,27.905348631344268,47614.622613621475
194.892421054625,25.13750102592438,58099.1623280542
266.6104450681197,34.60499399562562,64149.48017226349
203.12263577401467,24.29323246833161,59277.28981713071
182.6532636688072,30.157178974532265,54299.640944035884
135.88120586524732,27.247439768018346,62429.70537763951
256.7906029135939,45.35773360677177,59586.500251529265
178.41489349524568,28.065237534769125,52216.690063466376
219.48237294156957,25.994180079536605,67237.57638333084
218.05763585524133,36.73836973636038,49155.351652281875
171.10193127255528,46.80774808193162,44385.1447290539
144.11624738022763,34.1875304452802,47984.44806506632
183.78729981466606,34.72896485466055,59480.67808942082
177.46654826041484,44.03530222754933,68083.52120364884
218.86819685990133,41.147605367515126,53721.75412643791
237.0907288604459,37.97790489228325,73522.90931382749
167.6416154670111,30.923614901198647,55401.66359232718
198.21569026755975,38.19170534400629,56645.95885967194
138.63732046807357,25.47451133253119,46732.21286481923
166.70065776828193,30.634271154251813,70717.59450075075
227.66940379668466,45.02023855668675,59047.419846833494
232.6429448234265,44.11394879318785,49606.89474550337
229.9274805462341,38.06239289534763,78412.93945263184
157.5165446106867,21.494523950363394,56535.10389153167
200.70610600448003,26.54244930411795,61717.87524848508
187.40638020374638,30.24369299970152,69120.34279579323
286.32663456277817,33.79810678062898,64592.998828726435
212.8413763562151,26.247121946458257,63385.58841682924
262.2778304845839,33.275803934924376,59162.106242306785
157.9358481827637,47.37106666708749,63351.44789287049
190.1873280412549,37.80585113801071,56916.93129581068
229.17982560262135,36.531786402727256,58210.667750000735
182.17876128451053,27.877112066870584,56036.35179680354
210.1661899702238,23.52710649301245,51770.081164290685
196.4479826624589,26.40262502119873,59221.7651050952
286.6872176622282,23.24427596371293,60678.59820433072
161.77249729929136,35.52524683569057,62298.34069694013
262.3205274645412,37.687200630851514,65002.97846843074
185.36361025189427,28.242970330264573,71235.56335758319
191.91265356964945,36.03543537936403,65336.69394328391
198.2556997460395,45.282956713625985,57319.58914651278
172.3119421862923,48.70388139643066,62016.8324260371
271.7496449532579,40.39287245524453,72278.33366163506
255.91212215309037,33.7761164722916,51043.93213238985
275.6072961859806,40.16672970713379,77184.17811614562
291.7752693491595,44.462669885745726,56775.99201189766
214.84608106595533,20.949403035466087,61703.10028874331
190.26857099214533,45.37448326457491,58686.14161205361
242.74719637309326,31.187892255848563,57163.31420657782
133.5664249787076,31.25525931543757,43751.350259362844
239.69670673925458,32.51550419189857,65053.86003212973
194.93050438720906,37.240588971430284,46952.46131103226
215.28820504057217,27.221220224108635,44318.24577816871
182.7568829614355,33.00630175716334,65309.75297447633
182.25011447527976,38.676940445485236,71365.7215900879
136.12242282653338,36.52999874491795,49634.5858051605
187.51184903386994,37.665701600530284,65087.63914151531
186.0151682521244,32.732219013331395,62460.900054211656
167.90792289454555,39.855969667238604,55959.98352088222
170.39840840923986,42.39491285401999,67910.56072780723
204.4369589564959,41.97507518513898,57272.279280607574
177.5275719076681,37.99327162990195,60885.12642383718
238.9453680874226,41.57224826106575,49903.3370962208
152.83516285654525,41.097424088803116,46592.89446238815
203.693629633279,53.73555534678903,70297.95002725764
159.95527510314315,43.52646949034096,61371.93009418335
198.21672125136502,34.37879104355303,55674.79623373552
200.873352106656,28.618244988571913,71011.40440997975
211.37075649710764,33.172018216686226,72190.11995965338
187.8672743669929,32.677506010800144,59652.37798544111
196.21206276950306,38.579957974081076,45924.61218978948
162.67496809852452,30.098206283674905,54003.43284301693
191.40818207714636,43.34524020064283,51635.978988536146
182.6618022317993,25.273058958732932,55332.53122381635
214.3742974230917,23.572324045785088,47562.92307332436
188.5939186937393,34.05418794452256,46852.605356977765
230.38924404609327,29.102086655631417,38603.9017949504
187.72705795552645,26.192363022109923,56255.07375905158
169.136415807157,30.540510314966102,36775.40751736213
173.17256662173736,29.669599196447543,52576.0353734782
139.84936235612446,35.070940318639536,60459.82442690579
199.48441454578293,30.65670448180017,50338.769247822514
239.05858723701152,31.226059492249494,48786.22956320027
228.79391235093618,34.96593997245095,57457.21854485541
188.88679952765662,42.099690995147974,51323.231665372405
164.55072632947977,45.295218258421535,58938.624447614544
245.2470856922854,36.034372937388454,50574.68602354931
142.58570971275947,36.57880183139364,54379.663010107455
185.1389145334538,33.71769087892911,53471.0909151798
243.88644127086187,38.36874034041355,59265.44261357645
184.56239804724007,37.73153552408897,70045.03543046796
153.86443139880217,44.280933781618884,58411.74769745408
172.37266283543426,21.779067595911997,57789.66885365248
206.28045316304153,33.358515794014544,51882.865084046614
158.86671685015088,37.37432908389351,57723.58830718204
212.9504725886357,34.81601229720522,55215.658750678136
188.92361191115114,28.425788775327216,55607.55101252513
179.09006808628732,25.90443324531666,59830.7912805648
169.7032244265145,40.64425698220204,52895.5907423241
237.7129747813667,29.701519047225098,53876.07296017416
184.89552522293627,22.715696559460785,50308.71329191129
224.21744707858386,40.996010020069285,55146.26355985214
189.14062976147196,38.21288030312246,58613.490090121246
149.5443819670566,34.18888131779235,52200.89972423332
189.15556493297933,28.5981388506728,67393.14801895939
196.02319317750414,34.205909896406546,78138.45337298894
190.88636459687797,43.509113203634435,53761.758164777304
236.47573684010231,23.6971049977984,57955.8132309692
255.7540467950449,24.05215668282284,64455.497014222325
231.5723718636566,30.605642739613128,54961.42878543209
204.28109158871837,34.813494192447564,49156.60948120483
199.6518118438873,31.525956714813535,70199.60086994254
211.65843572539342,39.49971602616914,63849.70645613783
174.60551612171832,42.62183761113843,59991.53157793336
235.72058448791807,36.951381422252275,70314.3804275368
243.93205889437704,38.92302640629273,65656.43936027707
172.5044743630937,36.90469686416571,55982.74504639745
253.80354830461656,35.06655663640723,51086.96957511676
242.36468633604062,25.945089101297135,52341.51942660198
187.57993690588822,27.804058046781602,64854.06909685105
255.29702960603953,25.54357066119651,61977.88295381504
154.26313405569744,33.960466435272416,53745.51503127706
134.9626568502383,36.625946218780605,69075.64056730413
180.33026903199556,24.855163306530365,53224.36799477431
202.31155619137184,35.50816532971405,65083.85587120423
180.65880767790924,28.873485702178538,56976.56187875461
264.33219142452197,27.51560459524199,72736.88436041297
171.18998275305842,30.622554084075038,61266.638401998025
173.93952243152376,27.156664511584676,55092.89310568264
210.45009420152928,39.246613825715,56829.04174657805
123.67433139104989,33.82396907365751,54060.1767516787
222.6511336198584,40.70649839891311,53260.169845074226
183.07793129064868,31.895525535256112,44905.74173211382
277.89441639419533,32.1601975668142,61407.02245482528
217.6806847874284,48.11367848569419,56205.27037349307
141.535407417533,23.638576698237628,49056.29384259257
149.67883117533756,43.991368703937894,55873.85475702992
148.88244195052545,46.58166826352079,57352.980028380414
267.7445326685085,40.3607224738305,60865.37086959836
216.7039727546279,32.68670671440283,70989.70201574406
187.88500510665412,44.98831450217819,63751.66544327273
165.0766568266438,32.747670480770005,72268.40058846842
247.32295406659784,30.05950090002495,53922.4816014456
165.20516870754508,32.282121590658356,61602.93848864816
219.74213804124201,31.008643826170236,53746.60536708316
227.907025165664,28.373638125562927,51977.49659492499
175.28456097813557,42.77005483876275,74661.27129667427
195.73076977491058,29.585861531647517,49645.67729688075
167.703485440833,34.79247107755039,37980.94664102387
183.2151348749451,24.89359677420837,48897.28921719025
272.3296437722423,35.21567477224434,43523.68287194547
217.91048325767343,26.908517690440824,48253.05208509693
241.96249460860426,26.73659923952337,49599.92768254542
199.55880620686366,34.23498462932742,57114.146781951305
169.49656357575213,42.39880585626655,40789.678874109566
220.59497278138852,38.08289581417857,67968.51317421423
195.27403578367415,38.563842702929314,42524.36309266448
162.15407623245414,34.09057974014695,54505.91988476129
186.40845267369536,32.65051814394638,53493.09407830628
210.45163993460338,40.53798446945965,65134.08819045161
223.76278843466235,31.057759863754384,59761.917148853485
169.95368311855054,40.84103908113387,66436.06838431346
247.81668439157312,43.651628572538414,57925.97552531472
183.27357758999005,29.110292519169562,51617.173617334796
172.9100636789612,30.138881530567545,58513.643805088555
164.42930654485676,31.18013145509777,63360.542429361645
234.42258394454154,24.73126161972611,62398.1190217611
180.9095052754198,31.714180878562996,58311.91048069676
193.48916793311136,44.11014816053654,60396.135883130875
167.68421594409764,27.680971203652568,54351.34896245187
216.97325685581626,44.276372760577644,62886.230115480175
230.65660543246526,31.96588879432846,73652.61895476514
179.55584461249865,49.79824945971927,57000.97968950877
265.2716729852414,30.227308542792006,55102.52741566415
135.78589145129828,33.992126351244885,51087.204251303556
156.14972589490776,28.6287185436532,57585.348618293225
204.97244196059955,30.186094584899216,39213.3553675448
219.0240448687539,44.36725416800874,58637.001842522666
170.7598752421352,38.32175679597286,63588.99321953958
201.04243984279935,42.20172445424215,54274.491298956615
177.58609611252888,25.79087489306977,56073.73782609768
201.04445358571417,39.58379917210541,74832.78698185425
213.50627654969978,28.199896782956703,58673.65396104489
275.5636511805978,25.638770408770032,39151.300215324976
190.67069489869237,36.671362971974894,45713.07932829016
212.10702101054667,36.599768333879894,55755.041819595535
203.73859487999204,35.37342050409405,50776.32372390463
177.50694482148168,40.02290888839366,57931.40992605241
171.01459408662643,41.11496422343574,54674.6507393029
283.67949294642267,45.28810537435591,72175.87903175184
165.83442308512275,26.667599011859153,45691.7543197847
232.1357595264652,45.51411371815158,58905.45829972233
158.1096829357556,48.176180427869035,59355.18851070762
234.4527184024621,32.43638988483576,60333.875331677584
163.27378544301837,23.320558218487765,54982.077887600826
273.1440863606361,25.315507608516175,37624.59380961892
216.9595817591,31.767040333464017,57558.50040853734
149.23310768974397,49.09899113215195,56121.160048080164
217.9157112677455,35.11956000142225,64565.981920423044
206.7021541014096,30.679711182737307,62125.32485723613
179.38245489025456,30.202184191498922,57344.49803126523
171.8272315381432,25.74094372495946,56928.308124684976
221.41238499095053,41.12203220776273,69923.99202063277
224.6361873972598,34.35551878696641,66919.8616131246
178.41951019483787,49.69880656833703,61069.892743279976
247.86505350569064,39.39746577498515,76928.60126331335
172.67143797824352,40.80955421240089,52021.0738126504
145.3807499383578,33.305266184801255,45358.39971009722
206.26152269432592,27.362787632785583,55557.18618719346
152.13426581239037,28.88493313769574,51403.90919893545
173.47707496788684,25.415271392776425,34686.236464989095
195.97025997986776,41.37276303872664,52888.78464885364
174.45815943934582,32.305593689278794,58384.65564506511
166.78647237714972,41.66750377714446,56485.354001708685
219.2655693729631,35.95140081615295,51671.21307615559
200.26086794639934,32.95027150960688,56937.254128031964
240.6801636176916,26.812780155220153,57437.88414874868
204.10433533591984,37.11142913073874,63295.19864698626
193.494135234496,33.46956888487244,51344.160123821035
171.88191394002925,41.31528749568795,64092.205013873056
232.42608947977698,29.992125268870808,48245.80859735649
164.64163995643506,39.31275441447925,52445.50100440703
169.8455423863694,46.48593891355776,71487.37512091854
241.01937254231197,36.907891402618034,50704.49468694132
224.6115915078019,40.49704016919317,53825.96614271142
207.79751531542263,39.003231723243054,48079.886156607026
138.18288930808083,48.286640391622655,50054.25641779944
155.30343432650147,37.6009229518568,56946.457732499686
195.2100473600637,39.89971196214857,63441.16300452752
225.36490610767805,34.7460678003883,57681.439239296145
191.51799678127452,29.579280250220684,53067.44570598886
131.11988946408698,26.542770200231818,43538.09400576528
163.09174345400473,43.86846845945672,51337.541362254255
204.9700927268683,27.94148440060222,43358.88225875016
218.05493688298415,40.22105149848402,64662.875844945505
136.63148026144603,37.91211641268633,61628.574174487294
139.35110255996577,41.42449741427012,55448.968593018624
171.88756071366635,31.39701584191747,58928.36433783236
148.02726294908572,29.464890598617526,61371.467695185434
199.70612809830448,37.648602866698305,58328.32780827936
154.76453561184843,32.95360828754741,66248.93535529643
212.1074325920288,26.382801643756054,47405.64675130826
230.05622266416125,48.56967879638242,58384.39501550641
274.5548813324886,29.460142838262183,54346.488676616354
266.3401853475722,28.0445710161049,62647.3009946586
173.1393517691692,33.305049622744356,44293.28406771335
135.41367178600075,43.7700099841054,67510.85462297403
178.62623986219322,19.832854698134685,58036.86330442145
219.98889706378162,43.18918530202814,73503.49702062023
143.257344528781,28.619685489805878,53775.41043744073
181.42213512828195,36.85167668075778,52283.15547461015
175.6177473012081,30.267951267933398,60572.438135184915
167.2875316093063,48.94341797801404,66432.1442053787
219.66713856632344,35.87234060649646,52164.60769093327
213.4769986092441,30.043359147611348,40432.79407830242
199.00222925724637,32.892360747136166,41935.52997905944
255.73501482444485,35.62745952431181,61202.26829638304
151.48315288843685,36.2437362543354,67811.83054324304
158.54235271392764,38.07133738464925,45629.2100714639
183.64087898088226,34.9901677462238,54246.694414793674
213.06996985453932,25.359863083738986,52615.82884491198
204.43003221570729,32.61812630368837,72032.38114887782
146.2170865046087,39.24660862388601,73808.09079287056
269.7842539438859,30.310820355346994,61573.003562255224
176.30507793590175,39.709468957888646,64184.98395478569
181.35362878990668,35.22202693070467,63349.23435175135
209.0874617392825,33.47581890263457,46756.80144691035
265.298915916297,43.35900724777714,67091.28174152906
213.93394240879775,22.833079889310028,46727.919027654396
268.485278311043,30.272753712147455,56755.502073834636
163.5052471112809,43.62700096775143,66251.13993462134
208.5071917593828,47.81034414207474,60616.2672005685
238.6989434479569,51.0019473927019,70994.0824849092
196.16444406118126,35.35248871236813,67329.0088303494
181.65023836615603,38.2052816573088,42884.528957262715
281.7051187350129,40.72199479064967,44050.013874581506
157.3167836940535,43.925526905107986,66206.96225342713
186.26351695488955,37.19164354272333,66546.70528732987
247.26753946791501,41.48304246412247,62310.16677017108
253.25128015945273,38.218416603111656,62816.59106590236
279.2440598924703,38.65556759335863,67938.71921687933
249.71335292670446,28.571415341699442,64129.935213652105
141.238059858237,32.69550396436643,52184.37768527794
260.72752021860146,31.340615613455263,65818.16287373692
187.93997824064553,26.67773182495035,52242.02715399318
212.5331911897235,23.438763430523593,56929.92399608293
184.66699556029045,32.03460750985496,57515.91436691523
236.03243761431526,33.15282371494618,50949.62900624656
203.49708454169865,35.735259532194895,51328.12284047067
241.76049751659906,38.890164885880985,77274.97662556515
164.2651171072592,36.316855705240755,48830.506533194835
163.18084125943645,33.20162175728596,58377.54270277583
189.1427700273993,28.594115789561876,60046.76367865479
124.40138918531096,41.139483682508526,54684.0785902153
217.87236086141175,34.28724447897419,62842.16238497176
175.42262770449955,31.963471434951632,58238.98227825839
201.40128622983624,33.69482002310711,49824.167706997614
145.40899590892124,29.870789568517047,58638.019871273405
161.35491877259025,31.285282536122253,50690.38284043874
208.99443628921165,31.062791806968683,70417.30412994516
176.3631571596661,32.98863807399672,59250.98257886431
166.75469099562142,39.59028469772663,51000.63748251606
168.36507868009895,37.849784479784255,59110.89837355281
166.76597689104713,45.82716185096549,50243.57590294343
208.99344446412027,43.48210364478406,61149.70725321803
160.96944406765192,48.69495241264203,56032.81710143167
181.6996688406596,38.91410935769581,50455.71143637488
217.21108509246068,38.80173655661471,51712.63614463826
196.6569616246668,31.588089556540048,75691.49178102172
205.9589872567805,40.78210428246849,59130.57914983113
170.78388760807047,30.407181489698374,51739.14334898127
261.560679177539,24.70681132932895,51622.98155367581
186.5486372625993,45.684263745734285,62291.66596933258
174.51875542119808,26.2557288375713,49474.148842983326
254.1633662004293,38.07196252716919,50919.55441861194
212.99517226731575,28.837680390166465,55882.971527259426
207.9253083335077,42.88667335954284,58597.472068470706
250.12709113726223,43.84064990039487,57629.45440734144
142.97904848955773,38.7042446519623,48403.557837327375
240.29608123151766,43.72455296633339,57379.06592498189
215.8923394698201,35.05135953081786,53810.221096183406
181.44807792942217,50.63922276578235,54321.476232827845
171.36427713082858,40.223156634450355,59104.81270649225
151.76071374029132,28.696139082634147,72164.77041256512
264.027632530195,35.487246961208974,70023.73516288128
157.44879033155655,33.93248581649453,70877.98459905788
171.69064708376894,33.24703159093637,51166.67389519005
217.6392913055355,23.400025404705552,68490.27084538118
220.21872109308097,37.70805181110422,60122.22547570634
160.0523216024793,25.29972914741613,61940.18831971596
236.11197522550242,17.322149036343315,57751.598488506796
196.29806381321958,32.59190451213687,53651.590022036624
242.312121302719,29.708744426254334,62954.769832014375
148.72244094568293,28.969240911551125,58187.82064965723
139.22131993269412,13.278328347441352,37703.13440372733
210.71567202255437,29.04409986832866,55127.05317314003
158.58875276897683,33.78450694379109,62337.0763117569
197.862254990152,30.560922419327344,58266.22593001831
129.75381847883608,37.71140573377332,58648.96666214413
230.4819919850869,44.74862453932894,54302.361505257686
253.0285462979896,38.61457208178623,61820.27389101075
240.51777957015867,42.1847600587139,59375.44393149427
269.75810483424004,42.76388682753914,59908.279189118024
253.86956289289057,27.867974630533013,51640.77911389658
189.5040076819816,38.07380284880337,64534.03706484718
185.05534661160823,41.96610147355826,60529.80011689271
252.25267911866766,31.948276653660646,60015.42057862504
259.94473749985787,29.465613449787963,74065.70845341003
275.57618836184844,38.7128452145151,64458.731680998004
228.67150973942816,24.628597897486245,65235.83216513063
165.25690852504098,27.383967918535948,56708.85250185493
265.2320956770683,30.33270556691597,55219.89756097507
265.92987542265485,38.15359949191496,51673.08338665594
214.374330668478,36.53238765088965,59762.72717436309
244.01674043997335,42.22659615686492,38996.080050421224
201.83398861500174,28.54690961945607,57941.47323825631
264.97183592081126,28.171689201127442,59987.891352572144
149.90885467940535,38.66738378124765,54056.04257731923
245.34327831643728,29.40933167125075,56476.45095791704
142.2962712503084,30.775472591539053,44369.878851269335
179.5265160153799,22.00264612523776,65034.88736254904
156.49897889454047,37.03592200989511,53098.07632809022
193.05051019516526,45.78903330271318,51062.85426920525
168.74520224615213,27.79497758589734,59047.557636027435
267.55788925138467,42.15192528204079,62164.12901866758
